timestamp, pstate, clocks.current.graphics [MHz], clocks.current.memory [MHz], temperature.gpu, power.draw [W], utilization.gpu [%], clocks_event_reasons.active
2026/10/03 19:05:44.491, P2, 1800 MHz, 9251 MHz, 55, 48.42 W, 3 %, 0x0000000000000000
2026/10/03 19:05:45.031, P2, 1980 MHz, 9251 MHz, 59, 132.31 W, 97 %, 0x0000000000000000
2026/10/03 19:05:45.553, P2, 1980 MHz, 9251 MHz, 59, 235.11 W, 97 %, 0x0000000000000000
2026/10/03 19:05:46.071, P2, 1980 MHz, 9251 MHz, 57, 202.16 W, 0 %, 0x0000000000000000
2026/10/03 19:05:46.617, P2, 1980 MHz, 9251 MHz, 57, 138.90 W, 0 %, 0x0000000000000000
2026/10/03 19:05:47.144, P2, 1980 MHz, 9251 MHz, 57, 130.98 W, 0 %, 0x0000000000000000
2026/10/03 19:05:47.657, P2, 1800 MHz, 9251 MHz, 57, 125.13 W, 8 %, 0x0000000000000000
2026/10/03 19:05:48.194, P2, 1980 MHz, 9251 MHz, 57, 123.71 W, 57 %, 0x0000000000000000
2026/10/03 19:05:48.717, P2, 1980 MHz, 9251 MHz, 57, 128.73 W, 57 %, 0x0000000000000000
2026/10/03 19:05:49.233, P2, 1980 MHz, 9251 MHz, 57, 132.13 W, 0 %, 0x0000000000000000
2026/10/03 19:05:49.749, P2, 1980 MHz, 9251 MHz, 57, 131.17 W, 0 %, 0x0000000000000000
2026/10/03 19:05:50.258, P2, 1980 MHz, 9251 MHz, 58, 131.39 W, 1 %, 0x0000000000000000
2026/10/03 19:05:50.781, P2, 1800 MHz, 9251 MHz, 57, 122.99 W, 0 %, 0x0000000000000000
2026/10/03 19:05:51.314, P3, 390 MHz, 5001 MHz, 56, 98.75 W, 1 %, 0x0000000000000001
2026/10/03 19:05:51.844, P5, 300 MHz, 810 MHz, 56, 69.37 W, 2 %, 0x0000000000000001
2026/10/03 19:05:52.366, P5, 240 MHz, 810 MHz, 55, 48.83 W, 1 %, 0x0000000000000001
2026/10/03 19:05:52.903, P5, 210 MHz, 810 MHz, 55, 45.55 W, 1 %, 0x0000000000000001
2026/10/03 19:05:53.440, P5, 210 MHz, 810 MHz, 55, 45.54 W, 2 %, 0x0000000000000001
2026/10/03 19:05:53.965, P8, 1800 MHz, 9251 MHz, 56, 47.98 W, 87 %, 0x0000000000000001
2026/10/03 19:05:54.517, P2, 1980 MHz, 9251 MHz, 59, 112.76 W, 78 %, 0x0000000000000000
2026/10/03 19:05:55.037, P2, 1980 MHz, 9251 MHz, 58, 183.13 W, 42 %, 0x0000000000000000
2026/10/03 19:05:55.559, P2, 1980 MHz, 9251 MHz, 60, 213.07 W, 59 %, 0x0000000000000000
2026/10/03 19:05:56.068, P2, 1980 MHz, 9251 MHz, 60, 228.45 W, 58 %, 0x0000000000000000
2026/10/03 19:05:56.587, P2, 1980 MHz, 9251 MHz, 61, 219.46 W, 58 %, 0x0000000000000000
2026/10/03 19:05:57.108, P2, 1980 MHz, 9251 MHz, 61, 218.53 W, 58 %, 0x0000000000000000
2026/10/03 19:05:57.632, P2, 1980 MHz, 9251 MHz, 61, 219.35 W, 49 %, 0x0000000000000000
2026/10/03 19:05:58.151, P2, 1980 MHz, 9251 MHz, 61, 217.06 W, 58 %, 0x0000000000000000
2026/10/03 19:05:58.672, P2, 1980 MHz, 9251 MHz, 61, 209.03 W, 15 %, 0x0000000000000000
2026/10/03 19:05:59.195, P2, 1965 MHz, 9251 MHz, 62, 213.62 W, 59 %, 0x0000000000000000
2026/10/03 19:05:59.717, P2, 1965 MHz, 9251 MHz, 62, 230.75 W, 58 %, 0x0000000000000000
2026/10/03 19:06:00.237, P2, 1965 MHz, 9251 MHz, 60, 193.47 W, 20 %, 0x0000000000000000
2026/10/03 19:06:00.745, P2, 1965 MHz, 9251 MHz, 60, 147.97 W, 20 %, 0x0000000000000000
2026/10/03 19:06:01.253, P2, 1965 MHz, 9251 MHz, 60, 139.31 W, 37 %, 0x0000000000000000
2026/10/03 19:06:01.773, P2, 1860 MHz, 9251 MHz, 60, 135.50 W, 38 %, 0x0000000000000001
2026/10/03 19:06:02.308, P2, 1965 MHz, 9251 MHz, 60, 130.08 W, 47 %, 0x0000000000000000
2026/10/03 19:06:02.832, P2, 1965 MHz, 9251 MHz, 60, 134.13 W, 45 %, 0x0000000000000000
2026/10/03 19:06:03.353, P2, 1965 MHz, 9251 MHz, 60, 141.99 W, 54 %, 0x0000000000000000
2026/10/03 19:06:03.872, P2, 1965 MHz, 9251 MHz, 61, 143.36 W, 54 %, 0x0000000000000000
2026/10/03 19:06:04.395, P2, 1965 MHz, 9251 MHz, 61, 144.65 W, 72 %, 0x0000000000000000
2026/10/03 19:06:04.915, P2, 1965 MHz, 9251 MHz, 61, 146.46 W, 72 %, 0x0000000000000000
2026/10/03 19:06:05.435, P2, 1965 MHz, 9251 MHz, 61, 147.80 W, 81 %, 0x0000000000000000
2026/10/03 19:06:05.957, P2, 1965 MHz, 9251 MHz, 61, 148.76 W, 82 %, 0x0000000000000000
2026/10/03 19:06:06.479, P2, 1965 MHz, 9251 MHz, 61, 148.46 W, 66 %, 0x0000000000000000
2026/10/03 19:06:06.997, P2, 1965 MHz, 9251 MHz, 61, 142.84 W, 17 %, 0x0000000000000000
2026/10/03 19:06:07.519, P2, 1965 MHz, 9251 MHz, 61, 137.71 W, 18 %, 0x0000000000000000
2026/10/03 19:06:08.028, P2, 1965 MHz, 9251 MHz, 61, 137.42 W, 27 %, 0x0000000000000000
2026/10/03 19:06:08.545, P3, 1410 MHz, 5001 MHz, 60, 118.00 W, 30 %, 0x0000000000000001
2026/10/03 19:06:09.082, P2, 1605 MHz, 9251 MHz, 60, 95.64 W, 42 %, 0x0000000000000001
2026/10/03 19:06:09.606, P2, 1650 MHz, 9251 MHz, 60, 94.97 W, 35 %, 0x0000000000000001
2026/10/03 19:06:10.141, P2, 1965 MHz, 9251 MHz, 61, 113.78 W, 50 %, 0x0000000000000000
2026/10/03 19:06:10.659, P2, 1965 MHz, 9251 MHz, 61, 136.06 W, 48 %, 0x0000000000000000
2026/10/03 19:06:11.169, P2, 1965 MHz, 9251 MHz, 61, 141.35 W, 69 %, 0x0000000000000000
2026/10/03 19:06:11.687, P2, 1965 MHz, 9251 MHz, 61, 142.77 W, 69 %, 0x0000000000000000
2026/10/03 19:06:12.203, P2, 1965 MHz, 9251 MHz, 62, 143.90 W, 81 %, 0x0000000000000000
2026/10/03 19:06:12.724, P2, 1965 MHz, 9251 MHz, 62, 144.72 W, 82 %, 0x0000000000000000
2026/10/03 19:06:13.245, P2, 1965 MHz, 9251 MHz, 62, 142.12 W, 16 %, 0x0000000000000000
2026/10/03 19:06:13.761, P2, 1965 MHz, 9251 MHz, 62, 137.55 W, 16 %, 0x0000000000000000
2026/10/03 19:06:14.280, P2, 1965 MHz, 9251 MHz, 62, 137.60 W, 23 %, 0x0000000000000000
2026/10/03 19:06:14.788, P3, 1275 MHz, 5001 MHz, 61, 127.77 W, 30 %, 0x0000000000000001
2026/10/03 19:06:15.325, P3, 1245 MHz, 5001 MHz, 60, 101.99 W, 40 %, 0x0000000000000001
2026/10/03 19:06:15.862, P3, 1245 MHz, 5001 MHz, 60, 80.87 W, 40 %, 0x0000000000000001
2026/10/03 19:06:16.403, P2, 1620 MHz, 9251 MHz, 61, 84.89 W, 38 %, 0x0000000000000001
2026/10/03 19:06:16.941, P2, 1965 MHz, 9251 MHz, 62, 102.59 W, 44 %, 0x0000000000000000
2026/10/03 19:06:17.459, P2, 1965 MHz, 9251 MHz, 62, 134.98 W, 61 %, 0x0000000000000000
2026/10/03 19:06:17.981, P2, 1965 MHz, 9251 MHz, 62, 143.23 W, 62 %, 0x0000000000000000
2026/10/03 19:06:18.491, P2, 1965 MHz, 9251 MHz, 62, 144.47 W, 75 %, 0x0000000000000000
2026/10/03 19:06:19.009, P2, 1965 MHz, 9251 MHz, 62, 145.58 W, 75 %, 0x0000000000000000
2026/10/03 19:06:19.530, P2, 1965 MHz, 9251 MHz, 62, 143.93 W, 15 %, 0x0000000000000000
2026/10/03 19:06:20.040, P2, 1965 MHz, 9251 MHz, 62, 140.09 W, 14 %, 0x0000000000000000
2026/10/03 19:06:20.561, P2, 1965 MHz, 9251 MHz, 62, 137.91 W, 15 %, 0x0000000000000000
2026/10/03 19:06:21.082, P5, 1050 MHz, 810 MHz, 61, 130.95 W, 17 %, 0x0000000000000001
2026/10/03 19:06:21.624, P5, 975 MHz, 810 MHz, 60, 92.14 W, 31 %, 0x0000000000000001
2026/10/03 19:06:22.161, P5, 930 MHz, 810 MHz, 60, 52.13 W, 32 %, 0x0000000000000001
2026/10/03 19:06:22.695, P5, 915 MHz, 810 MHz, 60, 51.66 W, 40 %, 0x0000000000000001
2026/10/03 19:06:23.233, P5, 945 MHz, 810 MHz, 60, 51.71 W, 40 %, 0x0000000000000001
2026/10/03 19:06:23.774, P3, 1410 MHz, 5001 MHz, 60, 53.19 W, 52 %, 0x0000000000000001
2026/10/03 19:06:24.309, P2, 1755 MHz, 9251 MHz, 61, 74.12 W, 43 %, 0x0000000000000001
2026/10/03 19:06:24.846, P2, 1965 MHz, 9251 MHz, 62, 104.69 W, 55 %, 0x0000000000000000
2026/10/03 19:06:25.356, P2, 1965 MHz, 9251 MHz, 62, 133.96 W, 53 %, 0x0000000000000000
2026/10/03 19:06:25.877, P2, 1965 MHz, 9251 MHz, 63, 148.97 W, 28 %, 0x0000000000000000
2026/10/03 19:06:26.397, P2, 1965 MHz, 9251 MHz, 63, 170.82 W, 49 %, 0x0000000000000000
2026/10/03 19:06:26.921, P2, 1965 MHz, 9251 MHz, 63, 185.38 W, 34 %, 0x0000000000000000
2026/10/03 19:06:27.445, P2, 1965 MHz, 9251 MHz, 63, 183.49 W, 49 %, 0x0000000000000000
2026/10/03 19:06:27.961, P2, 1965 MHz, 9251 MHz, 64, 184.02 W, 50 %, 0x0000000000000000
2026/10/03 19:06:28.480, P2, 1965 MHz, 9251 MHz, 64, 184.60 W, 50 %, 0x0000000000000000
2026/10/03 19:06:28.990, P2, 1965 MHz, 9251 MHz, 64, 184.16 W, 38 %, 0x0000000000000000
2026/10/03 19:06:29.510, P2, 1965 MHz, 9251 MHz, 64, 184.11 W, 51 %, 0x0000000000000000
2026/10/03 19:06:30.031, P2, 1965 MHz, 9251 MHz, 64, 183.58 W, 51 %, 0x0000000000000000
2026/10/03 19:06:30.551, P2, 1965 MHz, 9251 MHz, 64, 183.26 W, 51 %, 0x0000000000000000
2026/10/03 19:06:31.073, P2, 1965 MHz, 9251 MHz, 64, 182.93 W, 52 %, 0x0000000000000000
2026/10/03 19:06:31.583, P2, 1965 MHz, 9251 MHz, 64, 182.86 W, 52 %, 0x0000000000000000
2026/10/03 19:06:32.103, P2, 1965 MHz, 9251 MHz, 64, 182.93 W, 52 %, 0x0000000000000000
2026/10/03 19:06:32.624, P2, 1965 MHz, 9251 MHz, 63, 167.30 W, 0 %, 0x0000000000000000
2026/10/03 19:06:33.132, P2, 1965 MHz, 9251 MHz, 63, 144.27 W, 0 %, 0x0000000000000000
2026/10/03 19:06:33.653, P2, 1965 MHz, 9251 MHz, 63, 134.52 W, 0 %, 0x0000000000000000
2026/10/03 19:06:34.174, P3, 375 MHz, 5001 MHz, 61, 124.71 W, 4 %, 0x0000000000000001
2026/10/03 19:06:34.700, P3, 690 MHz, 5001 MHz, 61, 107.10 W, 54 %, 0x0000000000000001
2026/10/03 19:06:35.237, P3, 1500 MHz, 5001 MHz, 61, 97.40 W, 50 %, 0x0000000000000001
2026/10/03 19:06:35.773, P2, 1935 MHz, 9251 MHz, 63, 113.69 W, 40 %, 0x0000000000000001
2026/10/03 19:06:36.309, P2, 1935 MHz, 9251 MHz, 63, 148.02 W, 40 %, 0x0000000000000001
2026/10/03 19:06:36.832, P2, 1965 MHz, 9251 MHz, 63, 173.68 W, 41 %, 0x0000000000000000
2026/10/03 19:06:37.353, P2, 1965 MHz, 9251 MHz, 63, 180.14 W, 42 %, 0x0000000000000000
2026/10/03 19:06:37.870, P2, 1965 MHz, 9251 MHz, 63, 180.21 W, 46 %, 0x0000000000000000
2026/10/03 19:06:38.380, P2, 1965 MHz, 9251 MHz, 63, 179.40 W, 46 %, 0x0000000000000000
2026/10/03 19:06:38.901, P2, 1965 MHz, 9251 MHz, 63, 177.85 W, 53 %, 0x0000000000000000
2026/10/03 19:06:39.420, P2, 1965 MHz, 9251 MHz, 63, 175.53 W, 55 %, 0x0000000000000000
2026/10/03 19:06:39.944, P2, 1965 MHz, 9251 MHz, 63, 173.09 W, 46 %, 0x0000000000000000
2026/10/03 19:06:40.463, P2, 1965 MHz, 9251 MHz, 63, 169.88 W, 65 %, 0x0000000000000000
2026/10/03 19:06:40.983, P2, 1965 MHz, 9251 MHz, 63, 169.34 W, 35 %, 0x0000000000000000
2026/10/03 19:06:41.505, P2, 1965 MHz, 9251 MHz, 63, 171.79 W, 39 %, 0x0000000000000000
2026/10/03 19:06:42.013, P2, 1965 MHz, 9251 MHz, 63, 174.30 W, 32 %, 0x0000000000000000
2026/10/03 19:06:42.527, P2, 1965 MHz, 9251 MHz, 63, 173.31 W, 39 %, 0x0000000000000000
2026/10/03 19:06:43.047, P2, 1905 MHz, 9251 MHz, 62, 167.37 W, 32 %, 0x0000000000000001
2026/10/03 19:06:43.572, P2, 1935 MHz, 9251 MHz, 62, 159.88 W, 40 %, 0x0000000000000001
2026/10/03 19:06:44.107, P2, 1965 MHz, 9251 MHz, 62, 160.17 W, 40 %, 0x0000000000000000
2026/10/03 19:06:44.628, P2, 1965 MHz, 9251 MHz, 62, 167.18 W, 40 %, 0x0000000000000000
2026/10/03 19:06:45.138, P2, 1965 MHz, 9251 MHz, 63, 171.10 W, 40 %, 0x0000000000000000
2026/10/03 19:06:45.657, P2, 1965 MHz, 9251 MHz, 63, 171.20 W, 41 %, 0x0000000000000000
2026/10/03 19:06:46.177, P2, 1965 MHz, 9251 MHz, 62, 170.94 W, 41 %, 0x0000000000000000
2026/10/03 19:06:46.701, P2, 1965 MHz, 9251 MHz, 62, 170.97 W, 41 %, 0x0000000000000000
2026/10/03 19:06:47.221, P2, 1965 MHz, 9251 MHz, 62, 170.66 W, 41 %, 0x0000000000000000
2026/10/03 19:06:47.741, P2, 1965 MHz, 9251 MHz, 62, 161.73 W, 4 %, 0x0000000000000000
2026/10/03 19:06:48.262, P2, 1965 MHz, 9251 MHz, 61, 142.04 W, 59 %, 0x0000000000000000
2026/10/03 19:06:48.785, P2, 1965 MHz, 9251 MHz, 61, 136.19 W, 59 %, 0x0000000000000000
2026/10/03 19:06:49.305, P2, 1965 MHz, 9251 MHz, 61, 136.16 W, 52 %, 0x0000000000000000
2026/10/03 19:06:49.829, P2, 1965 MHz, 9251 MHz, 61, 135.36 W, 0 %, 0x0000000000000000
2026/10/03 19:06:50.355, P2, 1965 MHz, 9251 MHz, 61, 134.07 W, 0 %, 0x0000000000000000
2026/10/03 19:06:50.892, P2, 1965 MHz, 9251 MHz, 61, 133.82 W, 0 %, 0x0000000000000000
2026/10/03 19:06:51.416, P3, 375 MHz, 5001 MHz, 60, 124.11 W, 0 %, 0x0000000000000001
2026/10/03 19:06:51.949, P3, 285 MHz, 5001 MHz, 59, 92.03 W, 0 %, 0x0000000000000001
2026/10/03 19:06:52.483, P3, 240 MHz, 5001 MHz, 59, 74.58 W, 0 %, 0x0000000000000001
2026/10/03 19:06:53.039, P5, 210 MHz, 810 MHz, 58, 61.65 W, 1 %, 0x0000000000000001
2026/10/03 19:06:53.584, P5, 210 MHz, 810 MHz, 58, 48.89 W, 0 %, 0x0000000000000001
2026/10/03 19:06:54.129, P5, 210 MHz, 810 MHz, 58, 45.64 W, 0 %, 0x0000000000000001
2026/10/03 19:06:54.677, P8, 210 MHz, 405 MHz, 58, 45.20 W, 1 %, 0x0000000000000001
2026/10/03 19:06:55.220, P8, 210 MHz, 405 MHz, 58, 44.70 W, 0 %, 0x0000000000000001
2026/10/03 19:06:55.761, P8, 210 MHz, 405 MHz, 57, 44.13 W, 1 %, 0x0000000000000001
2026/10/03 19:06:56.300, P8, 210 MHz, 405 MHz, 57, 44.16 W, 1 %, 0x0000000000000001
2026/10/03 19:06:56.854, P8, 210 MHz, 405 MHz, 57, 44.12 W, 0 %, 0x0000000000000001
2026/10/03 19:06:57.400, P8, 210 MHz, 405 MHz, 57, 44.03 W, 1 %, 0x0000000000000001
2026/10/03 19:06:57.980, P8, 210 MHz, 405 MHz, 57, 44.02 W, 0 %, 0x0000000000000001
2026/10/03 19:06:58.541, P8, 210 MHz, 405 MHz, 56, 44.04 W, 0 %, 0x0000000000000001
2026/10/03 19:06:59.090, P8, 210 MHz, 405 MHz, 56, 44.00 W, 0 %, 0x0000000000000001
2026/10/03 19:06:59.638, P8, 210 MHz, 405 MHz, 56, 43.86 W, 0 %, 0x0000000000000001
2026/10/03 19:07:00.185, P8, 210 MHz, 405 MHz, 56, 43.94 W, 2 %, 0x0000000000000001
2026/10/03 19:07:00.722, P8, 210 MHz, 405 MHz, 56, 44.51 W, 13 %, 0x0000000000000001
2026/10/03 19:07:01.262, P8, 210 MHz, 405 MHz, 56, 44.95 W, 8 %, 0x0000000000000001
2026/10/03 19:07:01.809, P8, 210 MHz, 405 MHz, 56, 44.83 W, 6 %, 0x0000000000000001
2026/10/03 19:07:02.345, P8, 210 MHz, 405 MHz, 56, 44.83 W, 3 %, 0x0000000000000001
2026/10/03 19:07:02.882, P8, 210 MHz, 405 MHz, 55, 44.92 W, 2 %, 0x0000000000000001
2026/10/03 19:07:03.422, P8, 210 MHz, 405 MHz, 55, 44.98 W, 0 %, 0x0000000000000001
2026/10/03 19:07:03.957, P8, 210 MHz, 405 MHz, 55, 44.97 W, 2 %, 0x0000000000000001
2026/10/03 19:07:04.497, P8, 210 MHz, 405 MHz, 55, 44.91 W, 3 %, 0x0000000000000001
2026/10/03 19:07:05.033, P8, 210 MHz, 405 MHz, 55, 44.38 W, 1 %, 0x0000000000000001
2026/10/03 19:07:05.570, P8, 210 MHz, 405 MHz, 55, 43.97 W, 0 %, 0x0000000000000001
2026/10/03 19:07:06.114, P2, 1800 MHz, 9251 MHz, 56, 52.64 W, 91 %, 0x0000000000000001
2026/10/03 19:07:06.658, P2, 1800 MHz, 9251 MHz, 56, 96.49 W, 23 %, 0x0000000000000001
2026/10/03 19:07:07.196, P2, 1980 MHz, 9251 MHz, 58, 127.57 W, 47 %, 0x0000000000000000
2026/10/03 19:07:07.747, P2, 1980 MHz, 9251 MHz, 59, 188.38 W, 99 %, 0x0000000000000000
2026/10/03 19:07:08.267, P2, 1980 MHz, 9251 MHz, 60, 225.68 W, 99 %, 0x0000000000000000
2026/10/03 19:07:08.788, P2, 1980 MHz, 9251 MHz, 58, 197.88 W, 5 %, 0x0000000000000000
2026/10/03 19:07:09.323, P2, 1980 MHz, 9251 MHz, 58, 159.11 W, 5 %, 0x0000000000000000
2026/10/03 19:07:09.857, P2, 1980 MHz, 9251 MHz, 61, 214.38 W, 92 %, 0x0000000000000000
2026/10/03 19:07:10.378, P2, 1965 MHz, 9251 MHz, 62, 288.57 W, 92 %, 0x0000000000000000
2026/10/03 19:07:10.900, P2, 1965 MHz, 9251 MHz, 59, 237.77 W, 5 %, 0x0000000000000000
2026/10/03 19:07:11.431, P2, 1965 MHz, 9251 MHz, 60, 163.62 W, 5 %, 0x0000000000000000
2026/10/03 19:07:11.952, P2, 1965 MHz, 9251 MHz, 62, 226.43 W, 93 %, 0x0000000000000000
2026/10/03 19:07:12.478, P2, 1965 MHz, 9251 MHz, 60, 295.90 W, 92 %, 0x0000000000000000
2026/10/03 19:07:12.996, P2, 1965 MHz, 9251 MHz, 59, 225.81 W, 5 %, 0x0000000000000000
2026/10/03 19:07:13.526, P2, 1965 MHz, 9251 MHz, 61, 159.57 W, 5 %, 0x0000000000000000
2026/10/03 19:07:14.045, P2, 1965 MHz, 9251 MHz, 62, 242.64 W, 92 %, 0x0000000000000000
2026/10/03 19:07:14.571, P2, 1965 MHz, 9251 MHz, 60, 279.64 W, 41 %, 0x0000000000000000
2026/10/03 19:07:15.092, P2, 1965 MHz, 9251 MHz, 59, 210.10 W, 5 %, 0x0000000000000000
2026/10/03 19:07:15.611, P2, 1965 MHz, 9251 MHz, 62, 162.03 W, 64 %, 0x0000000000000000
2026/10/03 19:07:16.129, P2, 1965 MHz, 9251 MHz, 63, 238.90 W, 92 %, 0x0000000000000000
2026/10/03 19:07:16.653, P2, 1965 MHz, 9251 MHz, 61, 289.95 W, 75 %, 0x0000000000000000
2026/10/03 19:07:17.161, P2, 1965 MHz, 9251 MHz, 60, 216.16 W, 56 %, 0x0000000000000000
2026/10/03 19:07:17.681, P2, 1965 MHz, 9251 MHz, 60, 147.91 W, 56 %, 0x0000000000000000
2026/10/03 19:07:18.203, P2, 1965 MHz, 9251 MHz, 60, 149.31 W, 80 %, 0x0000000000000000
2026/10/03 19:07:18.713, P2, 1965 MHz, 9251 MHz, 59, 151.16 W, 81 %, 0x0000000000000000
2026/10/03 19:07:19.229, P2, 1965 MHz, 9251 MHz, 60, 151.90 W, 86 %, 0x0000000000000000
2026/10/03 19:07:19.750, P2, 1965 MHz, 9251 MHz, 60, 152.40 W, 86 %, 0x0000000000000000
2026/10/03 19:07:20.260, P2, 1965 MHz, 9251 MHz, 59, 152.40 W, 87 %, 0x0000000000000000
2026/10/03 19:07:20.781, P2, 1965 MHz, 9251 MHz, 59, 152.57 W, 90 %, 0x0000000000000000
2026/10/03 19:07:21.302, P2, 1965 MHz, 9251 MHz, 59, 152.80 W, 90 %, 0x0000000000000000
2026/10/03 19:07:21.812, P2, 1965 MHz, 9251 MHz, 60, 153.33 W, 95 %, 0x0000000000000000
2026/10/03 19:07:22.333, P2, 1965 MHz, 9251 MHz, 59, 153.87 W, 95 %, 0x0000000000000000
2026/10/03 19:07:22.853, P2, 1965 MHz, 9251 MHz, 59, 154.66 W, 95 %, 0x0000000000000000
2026/10/03 19:07:23.362, P2, 1965 MHz, 9251 MHz, 59, 154.25 W, 96 %, 0x0000000000000000
2026/10/03 19:07:23.885, P2, 1965 MHz, 9251 MHz, 60, 154.46 W, 97 %, 0x0000000000000000
2026/10/03 19:07:24.403, P2, 1965 MHz, 9251 MHz, 59, 155.21 W, 97 %, 0x0000000000000000
2026/10/03 19:07:24.925, P2, 1965 MHz, 9251 MHz, 59, 155.28 W, 97 %, 0x0000000000000000
2026/10/03 19:07:25.446, P2, 1965 MHz, 9251 MHz, 59, 149.12 W, 20 %, 0x0000000000000000
2026/10/03 19:07:25.971, P2, 1965 MHz, 9251 MHz, 59, 141.77 W, 21 %, 0x0000000000000000
2026/10/03 19:07:26.493, P2, 1965 MHz, 9251 MHz, 59, 139.65 W, 30 %, 0x0000000000000000
2026/10/03 19:07:27.011, P3, 1560 MHz, 5001 MHz, 58, 140.82 W, 29 %, 0x0000000000000001
2026/10/03 19:07:27.549, P3, 1620 MHz, 9251 MHz, 57, 112.92 W, 42 %, 0x0000000000000001
2026/10/03 19:07:28.090, P2, 1770 MHz, 9251 MHz, 58, 99.48 W, 41 %, 0x0000000000000001
2026/10/03 19:07:28.625, P2, 1965 MHz, 9251 MHz, 58, 114.48 W, 53 %, 0x0000000000000000
2026/10/03 19:07:29.146, P2, 1965 MHz, 9251 MHz, 59, 136.94 W, 51 %, 0x0000000000000000
2026/10/03 19:07:29.670, P2, 1965 MHz, 9251 MHz, 59, 150.30 W, 70 %, 0x0000000000000000
2026/10/03 19:07:30.189, P2, 1965 MHz, 9251 MHz, 59, 152.63 W, 71 %, 0x0000000000000000
2026/10/03 19:07:30.709, P2, 1965 MHz, 9251 MHz, 59, 153.82 W, 67 %, 0x0000000000000000
2026/10/03 19:07:31.232, P2, 1965 MHz, 9251 MHz, 59, 154.42 W, 83 %, 0x0000000000000000
2026/10/03 19:07:31.753, P2, 1965 MHz, 9251 MHz, 58, 150.95 W, 19 %, 0x0000000000000000
2026/10/03 19:07:32.271, P2, 1965 MHz, 9251 MHz, 58, 143.33 W, 19 %, 0x0000000000000000
2026/10/03 19:07:32.789, P2, 1965 MHz, 9251 MHz, 58, 139.12 W, 26 %, 0x0000000000000000
2026/10/03 19:07:33.299, P2, 1965 MHz, 9251 MHz, 58, 140.28 W, 26 %, 0x0000000000000000
2026/10/03 19:07:33.817, P3, 1380 MHz, 5001 MHz, 57, 121.06 W, 32 %, 0x0000000000000001
2026/10/03 19:07:34.354, P3, 1440 MHz, 5001 MHz, 57, 90.07 W, 40 %, 0x0000000000000001
2026/10/03 19:07:34.880, P3, 1470 MHz, 5001 MHz, 57, 85.21 W, 36 %, 0x0000000000000001
2026/10/03 19:07:35.417, P2, 1980 MHz, 9251 MHz, 58, 105.29 W, 45 %, 0x0000000000000000
2026/10/03 19:07:35.935, P2, 1980 MHz, 9251 MHz, 59, 141.14 W, 38 %, 0x0000000000000000
2026/10/03 19:07:36.443, P2, 1980 MHz, 9251 MHz, 59, 153.50 W, 64 %, 0x0000000000000000
2026/10/03 19:07:36.963, P2, 1980 MHz, 9251 MHz, 59, 155.46 W, 61 %, 0x0000000000000000
2026/10/03 19:07:37.482, P2, 1980 MHz, 9251 MHz, 59, 157.04 W, 79 %, 0x0000000000000000
2026/10/03 19:07:38.003, P2, 1980 MHz, 9251 MHz, 58, 157.58 W, 48 %, 0x0000000000000000
2026/10/03 19:07:38.520, P2, 1980 MHz, 9251 MHz, 58, 149.62 W, 17 %, 0x0000000000000000
2026/10/03 19:07:39.042, P2, 1980 MHz, 9251 MHz, 58, 141.41 W, 15 %, 0x0000000000000000
2026/10/03 19:07:39.563, P2, 1980 MHz, 9251 MHz, 58, 141.17 W, 21 %, 0x0000000000000000
2026/10/03 19:07:40.083, P3, 1200 MHz, 5001 MHz, 57, 125.45 W, 28 %, 0x0000000000000001
2026/10/03 19:07:40.619, P3, 1155 MHz, 5001 MHz, 56, 92.68 W, 36 %, 0x0000000000000001
2026/10/03 19:07:41.156, P3, 1110 MHz, 5001 MHz, 56, 80.82 W, 32 %, 0x0000000000000001
2026/10/03 19:07:41.709, P3, 1365 MHz, 5001 MHz, 56, 80.85 W, 43 %, 0x0000000000000001
2026/10/03 19:07:42.244, P3, 1425 MHz, 5001 MHz, 56, 82.03 W, 33 %, 0x0000000000000001
2026/10/03 19:07:42.786, P2, 1980 MHz, 9251 MHz, 57, 103.65 W, 49 %, 0x0000000000000000
2026/10/03 19:07:43.305, P2, 1980 MHz, 9251 MHz, 57, 130.41 W, 49 %, 0x0000000000000000
2026/10/03 19:07:43.825, P2, 1980 MHz, 9251 MHz, 58, 142.10 W, 64 %, 0x0000000000000000
2026/10/03 19:07:44.349, P2, 1980 MHz, 9251 MHz, 58, 146.83 W, 56 %, 0x0000000000000000
2026/10/03 19:07:44.873, P2, 1980 MHz, 9251 MHz, 60, 205.34 W, 81 %, 0x0000000000000000
2026/10/03 19:07:45.393, P2, 1980 MHz, 9251 MHz, 61, 265.07 W, 81 %, 0x0000000000000000
2026/10/03 19:07:45.914, P2, 1980 MHz, 9251 MHz, 61, 268.05 W, 81 %, 0x0000000000000000
2026/10/03 19:07:46.424, P2, 1980 MHz, 9251 MHz, 61, 268.24 W, 82 %, 0x0000000000000000
2026/10/03 19:07:46.945, P2, 1980 MHz, 9251 MHz, 61, 268.73 W, 82 %, 0x0000000000000000
2026/10/03 19:07:47.464, P2, 1965 MHz, 9251 MHz, 62, 268.53 W, 82 %, 0x0000000000000000
2026/10/03 19:07:47.974, P2, 1965 MHz, 9251 MHz, 62, 267.73 W, 63 %, 0x0000000000000000
2026/10/03 19:07:48.493, P2, 1965 MHz, 9251 MHz, 62, 267.05 W, 81 %, 0x0000000000000000
2026/10/03 19:07:49.013, P2, 1965 MHz, 9251 MHz, 61, 271.92 W, 81 %, 0x0000000000000000
2026/10/03 19:07:49.536, P2, 1965 MHz, 9251 MHz, 62, 265.39 W, 81 %, 0x0000000000000000
2026/10/03 19:07:50.057, P2, 1965 MHz, 9251 MHz, 62, 265.49 W, 81 %, 0x0000000000000000
2026/10/03 19:07:50.577, P2, 1965 MHz, 9251 MHz, 62, 267.25 W, 82 %, 0x0000000000000000
2026/10/03 19:07:51.099, P2, 1965 MHz, 9251 MHz, 63, 267.27 W, 82 %, 0x0000000000000000
2026/10/03 19:07:51.623, P2, 1965 MHz, 9251 MHz, 60, 243.20 W, 0 %, 0x0000000000000000
2026/10/03 19:07:52.143, P2, 1965 MHz, 9251 MHz, 59, 166.83 W, 0 %, 0x0000000000000000
2026/10/03 19:07:52.665, P2, 1965 MHz, 9251 MHz, 59, 133.20 W, 0 %, 0x0000000000000000
2026/10/03 19:07:53.183, P2, 405 MHz, 9251 MHz, 58, 133.08 W, 0 %, 0x0000000000000001
2026/10/03 19:07:53.719, P2, 315 MHz, 810 MHz, 57, 111.25 W, 0 %, 0x0000000000000001
2026/10/03 19:07:54.256, P5, 255 MHz, 810 MHz, 57, 72.76 W, 0 %, 0x0000000000000001
2026/10/03 19:07:54.805, P5, 210 MHz, 810 MHz, 56, 51.42 W, 0 %, 0x0000000000000001
2026/10/03 19:07:55.342, P5, 210 MHz, 810 MHz, 56, 46.16 W, 0 %, 0x0000000000000001
2026/10/03 19:07:55.881, P8, 210 MHz, 405 MHz, 56, 45.74 W, 0 %, 0x0000000000000001
2026/10/03 19:07:56.417, P8, 210 MHz, 405 MHz, 55, 45.04 W, 0 %, 0x0000000000000001
2026/10/03 19:07:56.947, P8, 210 MHz, 405 MHz, 55, 44.82 W, 2 %, 0x0000000000000001
2026/10/03 19:07:57.482, P8, 210 MHz, 405 MHz, 55, 44.74 W, 0 %, 0x0000000000000001
2026/10/03 19:07:58.018, P8, 210 MHz, 405 MHz, 55, 44.59 W, 0 %, 0x0000000000000001
2026/10/03 19:07:58.553, P8, 210 MHz, 405 MHz, 55, 44.57 W, 0 %, 0x0000000000000001
2026/10/03 19:07:59.089, P8, 210 MHz, 405 MHz, 55, 44.57 W, 0 %, 0x0000000000000001
2026/10/03 19:07:59.627, P8, 210 MHz, 405 MHz, 55, 44.63 W, 0 %, 0x0000000000000001
2026/10/03 19:08:00.165, P8, 210 MHz, 405 MHz, 54, 44.65 W, 0 %, 0x0000000000000001
2026/10/03 19:08:00.697, P8, 210 MHz, 405 MHz, 54, 44.57 W, 0 %, 0x0000000000000001
2026/10/03 19:08:01.232, P8, 210 MHz, 405 MHz, 54, 44.49 W, 0 %, 0x0000000000000001
2026/10/03 19:08:01.774, P8, 210 MHz, 405 MHz, 54, 44.53 W, 0 %, 0x0000000000000001
2026/10/03 19:08:02.307, P8, 210 MHz, 405 MHz, 54, 44.49 W, 0 %, 0x0000000000000001
2026/10/03 19:08:02.842, P8, 210 MHz, 405 MHz, 54, 44.41 W, 0 %, 0x0000000000000001
2026/10/03 19:08:03.381, P8, 210 MHz, 405 MHz, 54, 44.31 W, 0 %, 0x0000000000000001
2026/10/03 19:08:03.917, P8, 210 MHz, 405 MHz, 53, 44.22 W, 0 %, 0x0000000000000001
2026/10/03 19:08:04.451, P8, 210 MHz, 405 MHz, 53, 44.29 W, 3 %, 0x0000000000000001
2026/10/03 19:08:05.000, P8, 210 MHz, 405 MHz, 54, 44.38 W, 0 %, 0x0000000000000001
2026/10/03 19:08:05.540, P8, 210 MHz, 405 MHz, 53, 44.25 W, 0 %, 0x0000000000000001
2026/10/03 19:08:06.073, P8, 210 MHz, 405 MHz, 53, 44.15 W, 0 %, 0x0000000000000001
2026/10/03 19:08:06.623, P8, 210 MHz, 405 MHz, 53, 44.10 W, 0 %, 0x0000000000000001
2026/10/03 19:08:07.160, P8, 210 MHz, 405 MHz, 53, 44.08 W, 0 %, 0x0000000000000001
2026/10/03 19:08:07.695, P8, 210 MHz, 405 MHz, 53, 44.19 W, 0 %, 0x0000000000000001
2026/10/03 19:08:08.229, P2, 1800 MHz, 9251 MHz, 55, 53.60 W, 93 %, 0x0000000000000001
2026/10/03 19:08:08.766, P2, 1980 MHz, 9251 MHz, 58, 151.41 W, 80 %, 0x0000000000000000
2026/10/03 19:08:09.290, P2, 1980 MHz, 9251 MHz, 59, 254.77 W, 80 %, 0x0000000000000000
2026/10/03 19:08:09.809, P2, 1980 MHz, 9251 MHz, 59, 267.66 W, 80 %, 0x0000000000000000
2026/10/03 19:08:10.329, P2, 1980 MHz, 9251 MHz, 59, 271.57 W, 80 %, 0x0000000000000000
2026/10/03 19:08:10.854, P2, 1980 MHz, 9251 MHz, 60, 266.26 W, 79 %, 0x0000000000000000
2026/10/03 19:08:11.373, P2, 1980 MHz, 9251 MHz, 60, 265.89 W, 80 %, 0x0000000000000000
2026/10/03 19:08:11.891, P2, 1980 MHz, 9251 MHz, 60, 265.49 W, 61 %, 0x0000000000000000
2026/10/03 19:08:12.413, P2, 1980 MHz, 9251 MHz, 60, 264.58 W, 81 %, 0x0000000000000000
2026/10/03 19:08:12.935, P2, 1980 MHz, 9251 MHz, 60, 263.95 W, 64 %, 0x0000000000000000
2026/10/03 19:08:13.453, P2, 1980 MHz, 9251 MHz, 61, 260.40 W, 82 %, 0x0000000000000000
2026/10/03 19:08:13.974, P2, 1980 MHz, 9251 MHz, 60, 261.18 W, 82 %, 0x0000000000000000
2026/10/03 19:08:14.500, P2, 1980 MHz, 9251 MHz, 60, 251.76 W, 85 %, 0x0000000000000000
2026/10/03 19:08:15.019, P2, 1980 MHz, 9251 MHz, 61, 246.22 W, 85 %, 0x0000000000000000
2026/10/03 19:08:15.540, P2, 1980 MHz, 9251 MHz, 61, 248.05 W, 74 %, 0x0000000000000000
2026/10/03 19:08:16.050, P2, 1980 MHz, 9251 MHz, 61, 252.82 W, 74 %, 0x0000000000000000
2026/10/03 19:08:16.571, P2, 1980 MHz, 9251 MHz, 61, 255.40 W, 58 %, 0x0000000000000000
2026/10/03 19:08:17.089, P2, 1980 MHz, 9251 MHz, 62, 255.22 W, 75 %, 0x0000000000000000
2026/10/03 19:08:17.613, P2, 1965 MHz, 9251 MHz, 61, 259.73 W, 74 %, 0x0000000000000000
2026/10/03 19:08:18.137, P2, 1965 MHz, 9251 MHz, 62, 253.98 W, 75 %, 0x0000000000000000
2026/10/03 19:08:18.657, P2, 1965 MHz, 9251 MHz, 62, 253.71 W, 74 %, 0x0000000000000000
2026/10/03 19:08:19.178, P2, 1965 MHz, 9251 MHz, 62, 254.01 W, 75 %, 0x0000000000000000
2026/10/03 19:08:19.688, P2, 1965 MHz, 9251 MHz, 62, 254.21 W, 75 %, 0x0000000000000000
2026/10/03 19:08:20.207, P2, 1965 MHz, 9251 MHz, 62, 254.51 W, 61 %, 0x0000000000000000
2026/10/03 19:08:20.726, P2, 1965 MHz, 9251 MHz, 62, 253.82 W, 75 %, 0x0000000000000000
2026/10/03 19:08:21.236, P2, 1965 MHz, 9251 MHz, 62, 253.77 W, 65 %, 0x0000000000000000
2026/10/03 19:08:21.757, P2, 1965 MHz, 9251 MHz, 63, 253.81 W, 75 %, 0x0000000000000000
2026/10/03 19:08:22.278, P2, 1965 MHz, 9251 MHz, 63, 256.39 W, 75 %, 0x0000000000000000
2026/10/03 19:08:22.788, P2, 1965 MHz, 9251 MHz, 60, 211.29 W, 0 %, 0x0000000000000000
2026/10/03 19:08:23.309, P2, 1965 MHz, 9251 MHz, 59, 154.14 W, 3 %, 0x0000000000000000
2026/10/03 19:08:23.829, P2, 1965 MHz, 9251 MHz, 59, 133.73 W, 0 %, 0x0000000000000000
2026/10/03 19:08:24.353, P3, 510 MHz, 5001 MHz, 58, 126.44 W, 0 %, 0x0000000000000001
2026/10/03 19:08:24.892, P3, 435 MHz, 5001 MHz, 58, 100.59 W, 0 %, 0x0000000000000001
2026/10/03 19:08:25.425, P2, 1800 MHz, 9251 MHz, 58, 85.20 W, 8 %, 0x0000000000000001
2026/10/03 19:08:25.962, P2, 1965 MHz, 9251 MHz, 59, 109.78 W, 34 %, 0x0000000000000000
2026/10/03 19:08:26.472, P2, 1965 MHz, 9251 MHz, 59, 130.78 W, 20 %, 0x0000000000000000
2026/10/03 19:08:26.993, P2, 1965 MHz, 9251 MHz, 59, 135.07 W, 92 %, 0x0000000000000000
2026/10/03 19:08:27.514, P2, 1965 MHz, 9251 MHz, 59, 135.15 W, 78 %, 0x0000000000000000
2026/10/03 19:08:28.024, P2, 1965 MHz, 9251 MHz, 59, 134.65 W, 74 %, 0x0000000000000000
2026/10/03 19:08:28.545, P2, 1965 MHz, 9251 MHz, 59, 134.45 W, 1 %, 0x0000000000000000
2026/10/03 19:08:29.065, P2, 1965 MHz, 9251 MHz, 59, 134.69 W, 18 %, 0x0000000000000000
2026/10/03 19:08:29.589, P2, 1965 MHz, 9251 MHz, 59, 134.91 W, 64 %, 0x0000000000000000
2026/10/03 19:08:30.113, P2, 1965 MHz, 9251 MHz, 59, 135.13 W, 50 %, 0x0000000000000000
2026/10/03 19:08:30.630, P2, 1965 MHz, 9251 MHz, 59, 134.82 W, 83 %, 0x0000000000000000
2026/10/03 19:08:31.148, P2, 1965 MHz, 9251 MHz, 59, 134.60 W, 8 %, 0x0000000000000000
2026/10/03 19:08:31.658, P2, 1965 MHz, 9251 MHz, 59, 134.76 W, 11 %, 0x0000000000000000
2026/10/03 19:08:32.177, P2, 1965 MHz, 9251 MHz, 59, 134.95 W, 80 %, 0x0000000000000000
2026/10/03 19:08:32.698, P2, 1965 MHz, 9251 MHz, 59, 135.12 W, 67 %, 0x0000000000000000
2026/10/03 19:08:33.208, P2, 1965 MHz, 9251 MHz, 59, 134.93 W, 65 %, 0x0000000000000000
2026/10/03 19:08:33.729, P2, 1965 MHz, 9251 MHz, 59, 134.36 W, 25 %, 0x0000000000000000
2026/10/03 19:08:34.250, P2, 1965 MHz, 9251 MHz, 59, 134.58 W, 11 %, 0x0000000000000000
2026/10/03 19:08:34.760, P2, 1965 MHz, 9251 MHz, 59, 134.91 W, 97 %, 0x0000000000000000
2026/10/03 19:08:35.279, P2, 1965 MHz, 9251 MHz, 59, 134.96 W, 85 %, 0x0000000000000000
2026/10/03 19:08:35.799, P2, 1965 MHz, 9251 MHz, 58, 135.11 W, 70 %, 0x0000000000000000
2026/10/03 19:08:36.321, P2, 1965 MHz, 9251 MHz, 59, 135.05 W, 100 %, 0x0000000000000000
2026/10/03 19:08:36.838, P2, 1965 MHz, 9251 MHz, 59, 133.68 W, 0 %, 0x0000000000000000
2026/10/03 19:08:37.366, P2, 1965 MHz, 9251 MHz, 59, 132.70 W, 0 %, 0x0000000000000000
2026/10/03 19:08:37.896, P2, 1965 MHz, 9251 MHz, 58, 132.70 W, 0 %, 0x0000000000000000
2026/10/03 19:08:38.415, P5, 360 MHz, 810 MHz, 57, 95.01 W, 0 %, 0x0000000000000001
2026/10/03 19:08:38.979, P5, 270 MHz, 810 MHz, 56, 55.81 W, 0 %, 0x0000000000000001
2026/10/03 19:08:39.514, P5, 210 MHz, 810 MHz, 56, 46.10 W, 0 %, 0x0000000000000001
2026/10/03 19:08:40.051, P8, 210 MHz, 405 MHz, 56, 45.65 W, 0 %, 0x0000000000000001
2026/10/03 19:08:40.584, P8, 210 MHz, 405 MHz, 56, 44.77 W, 0 %, 0x0000000000000001
2026/10/03 19:08:41.128, P8, 210 MHz, 405 MHz, 56, 44.04 W, 1 %, 0x0000000000000001
2026/10/03 19:08:41.668, P8, 210 MHz, 405 MHz, 55, 44.03 W, 0 %, 0x0000000000000001
2026/10/03 19:08:42.223, P8, 210 MHz, 405 MHz, 55, 44.01 W, 1 %, 0x0000000000000001
2026/10/03 19:08:42.780, P8, 210 MHz, 405 MHz, 55, 43.97 W, 1 %, 0x0000000000000001
2026/10/03 19:08:43.316, P8, 210 MHz, 405 MHz, 55, 43.91 W, 1 %, 0x0000000000000001
2026/10/03 19:08:43.869, P8, 210 MHz, 405 MHz, 55, 43.85 W, 1 %, 0x0000000000000001
2026/10/03 19:08:44.410, P8, 210 MHz, 405 MHz, 55, 43.83 W, 1 %, 0x0000000000000001
2026/10/03 19:08:44.944, P8, 210 MHz, 405 MHz, 55, 43.86 W, 1 %, 0x0000000000000001
2026/10/03 19:08:45.479, P8, 210 MHz, 405 MHz, 55, 43.80 W, 1 %, 0x0000000000000001
2026/10/03 19:08:46.010, P8, 210 MHz, 405 MHz, 55, 43.73 W, 1 %, 0x0000000000000001
2026/10/03 19:08:46.547, P8, 210 MHz, 405 MHz, 55, 43.73 W, 1 %, 0x0000000000000001
2026/10/03 19:08:47.079, P8, 210 MHz, 405 MHz, 55, 43.76 W, 1 %, 0x0000000000000001
2026/10/03 19:08:47.613, P8, 210 MHz, 405 MHz, 55, 43.81 W, 1 %, 0x0000000000000001
2026/10/03 19:08:48.156, P8, 210 MHz, 405 MHz, 55, 43.84 W, 1 %, 0x0000000000000001
2026/10/03 19:08:48.693, P8, 210 MHz, 405 MHz, 55, 43.89 W, 1 %, 0x0000000000000001
2026/10/03 19:08:49.227, P8, 210 MHz, 405 MHz, 54, 43.86 W, 1 %, 0x0000000000000001
2026/10/03 19:08:49.759, P8, 210 MHz, 405 MHz, 54, 43.85 W, 1 %, 0x0000000000000001
2026/10/03 19:08:50.288, P8, 210 MHz, 405 MHz, 54, 43.75 W, 1 %, 0x0000000000000001
2026/10/03 19:08:50.840, P8, 210 MHz, 405 MHz, 54, 43.67 W, 1 %, 0x0000000000000001
2026/10/03 19:08:51.387, P8, 210 MHz, 405 MHz, 54, 43.67 W, 1 %, 0x0000000000000001
2026/10/03 19:08:51.926, P8, 210 MHz, 405 MHz, 54, 43.66 W, 0 %, 0x0000000000000001
2026/10/03 19:08:52.475, P8, 210 MHz, 405 MHz, 54, 43.67 W, 1 %, 0x0000000000000001
2026/10/03 19:08:53.021, P8, 210 MHz, 405 MHz, 54, 43.67 W, 0 %, 0x0000000000000001
2026/10/03 19:08:53.568, P8, 210 MHz, 405 MHz, 54, 43.68 W, 0 %, 0x0000000000000001
2026/10/03 19:08:54.098, P8, 210 MHz, 405 MHz, 54, 43.73 W, 1 %, 0x0000000000000001
2026/10/03 19:08:54.644, P8, 210 MHz, 405 MHz, 54, 43.64 W, 0 %, 0x0000000000000001
2026/10/03 19:08:55.188, P8, 210 MHz, 405 MHz, 54, 43.51 W, 0 %, 0x0000000000000001
2026/10/03 19:08:55.726, P8, 210 MHz, 405 MHz, 54, 43.43 W, 0 %, 0x0000000000000001
2026/10/03 19:08:56.268, P8, 210 MHz, 405 MHz, 54, 43.53 W, 0 %, 0x0000000000000001
2026/10/03 19:08:56.811, P8, 210 MHz, 405 MHz, 54, 43.65 W, 0 %, 0x0000000000000001
2026/10/03 19:08:57.363, P8, 210 MHz, 405 MHz, 54, 43.67 W, 0 %, 0x0000000000000001
2026/10/03 19:08:57.918, P8, 210 MHz, 405 MHz, 54, 43.67 W, 0 %, 0x0000000000000001
2026/10/03 19:08:58.457, P8, 210 MHz, 405 MHz, 54, 43.64 W, 0 %, 0x0000000000000001
2026/10/03 19:08:59.005, P8, 210 MHz, 405 MHz, 54, 43.53 W, 0 %, 0x0000000000000001
2026/10/03 19:08:59.542, P8, 210 MHz, 405 MHz, 54, 43.46 W, 0 %, 0x0000000000000001
2026/10/03 19:09:00.100, P8, 210 MHz, 405 MHz, 54, 43.49 W, 0 %, 0x0000000000000001
2026/10/03 19:09:00.649, P8, 210 MHz, 405 MHz, 54, 43.54 W, 0 %, 0x0000000000000001
2026/10/03 19:09:01.205, P8, 210 MHz, 405 MHz, 54, 43.60 W, 0 %, 0x0000000000000001
2026/10/03 19:09:01.743, P8, 210 MHz, 405 MHz, 54, 43.59 W, 1 %, 0x0000000000000001
2026/10/03 19:09:02.298, P8, 210 MHz, 405 MHz, 54, 43.60 W, 0 %, 0x0000000000000001
2026/10/03 19:09:02.844, P8, 210 MHz, 405 MHz, 54, 43.49 W, 0 %, 0x0000000000000001
2026/10/03 19:09:03.387, P8, 210 MHz, 405 MHz, 54, 43.31 W, 0 %, 0x0000000000000001
2026/10/03 19:09:03.938, P8, 210 MHz, 405 MHz, 54, 43.37 W, 1 %, 0x0000000000000001
2026/10/03 19:09:04.483, P8, 210 MHz, 405 MHz, 54, 43.41 W, 0 %, 0x0000000000000001
2026/10/03 19:09:05.017, P8, 210 MHz, 405 MHz, 54, 43.37 W, 1 %, 0x0000000000000001
2026/10/03 19:09:05.567, P8, 210 MHz, 405 MHz, 54, 43.30 W, 1 %, 0x0000000000000001
2026/10/03 19:09:06.116, P8, 210 MHz, 405 MHz, 54, 43.24 W, 1 %, 0x0000000000000001
2026/10/03 19:09:06.654, P8, 210 MHz, 405 MHz, 54, 43.23 W, 1 %, 0x0000000000000001
2026/10/03 19:09:07.187, P8, 210 MHz, 405 MHz, 54, 43.41 W, 4 %, 0x0000000000000001
2026/10/03 19:09:07.749, P8, 210 MHz, 405 MHz, 54, 43.56 W, 3 %, 0x0000000000000001
2026/10/03 19:09:08.285, P8, 210 MHz, 405 MHz, 54, 43.42 W, 1 %, 0x0000000000000001
2026/10/03 19:09:08.832, P8, 210 MHz, 405 MHz, 54, 43.19 W, 1 %, 0x0000000000000001
2026/10/03 19:09:09.370, P8, 210 MHz, 405 MHz, 54, 43.20 W, 1 %, 0x0000000000000001
2026/10/03 19:09:09.902, P8, 210 MHz, 405 MHz, 54, 43.15 W, 0 %, 0x0000000000000001
2026/10/03 19:09:10.453, P8, 210 MHz, 405 MHz, 54, 43.15 W, 1 %, 0x0000000000000001
2026/10/03 19:09:11.000, P8, 210 MHz, 405 MHz, 54, 43.16 W, 1 %, 0x0000000000000001
2026/10/03 19:09:11.547, P8, 210 MHz, 405 MHz, 54, 43.13 W, 0 %, 0x0000000000000001
2026/10/03 19:09:12.089, P8, 210 MHz, 405 MHz, 54, 43.19 W, 1 %, 0x0000000000000001
2026/10/03 19:09:12.629, P8, 210 MHz, 405 MHz, 54, 43.19 W, 2 %, 0x0000000000000001
2026/10/03 19:09:13.159, P8, 210 MHz, 405 MHz, 54, 43.08 W, 0 %, 0x0000000000000001
2026/10/03 19:09:13.696, P8, 210 MHz, 405 MHz, 54, 43.12 W, 1 %, 0x0000000000000001
2026/10/03 19:09:14.243, P8, 210 MHz, 405 MHz, 54, 43.13 W, 1 %, 0x0000000000000001
2026/10/03 19:09:14.786, P8, 210 MHz, 405 MHz, 54, 43.14 W, 0 %, 0x0000000000000001
2026/10/03 19:09:15.322, P8, 210 MHz, 405 MHz, 54, 43.17 W, 0 %, 0x0000000000000001
2026/10/03 19:09:15.861, P8, 210 MHz, 405 MHz, 54, 43.11 W, 0 %, 0x0000000000000001
2026/10/03 19:09:16.399, P8, 210 MHz, 405 MHz, 54, 43.11 W, 0 %, 0x0000000000000001
2026/10/03 19:09:16.948, P8, 210 MHz, 405 MHz, 54, 43.18 W, 0 %, 0x0000000000000001
2026/10/03 19:09:17.498, P8, 210 MHz, 405 MHz, 54, 43.18 W, 0 %, 0x0000000000000001
2026/10/03 19:09:18.027, P8, 210 MHz, 405 MHz, 54, 43.22 W, 0 %, 0x0000000000000001
2026/10/03 19:09:18.578, P8, 210 MHz, 405 MHz, 54, 43.30 W, 0 %, 0x0000000000000001
2026/10/03 19:09:19.117, P8, 210 MHz, 405 MHz, 54, 43.26 W, 0 %, 0x0000000000000001
2026/10/03 19:09:19.649, P8, 210 MHz, 405 MHz, 54, 43.28 W, 0 %, 0x0000000000000001
2026/10/03 19:09:20.184, P8, 210 MHz, 405 MHz, 54, 43.27 W, 0 %, 0x0000000000000001
2026/10/03 19:09:20.729, P8, 210 MHz, 405 MHz, 54, 43.20 W, 0 %, 0x0000000000000001
2026/10/03 19:09:21.272, P8, 210 MHz, 405 MHz, 54, 43.26 W, 0 %, 0x0000000000000001
2026/10/03 19:09:21.807, P8, 210 MHz, 405 MHz, 54, 43.38 W, 0 %, 0x0000000000000001
2026/10/03 19:09:22.346, P8, 210 MHz, 405 MHz, 54, 43.35 W, 0 %, 0x0000000000000001
2026/10/03 19:09:22.906, P8, 210 MHz, 405 MHz, 54, 43.32 W, 0 %, 0x0000000000000001
2026/10/03 19:09:23.448, P8, 210 MHz, 405 MHz, 54, 43.36 W, 0 %, 0x0000000000000001
2026/10/03 19:09:23.994, P8, 210 MHz, 405 MHz, 54, 43.36 W, 0 %, 0x0000000000000001
2026/10/03 19:09:24.533, P8, 210 MHz, 405 MHz, 54, 43.37 W, 0 %, 0x0000000000000001
2026/10/03 19:09:25.068, P8, 210 MHz, 405 MHz, 54, 43.40 W, 0 %, 0x0000000000000001
2026/10/03 19:09:25.618, P8, 210 MHz, 405 MHz, 54, 43.18 W, 0 %, 0x0000000000000001
2026/10/03 19:09:26.162, P8, 210 MHz, 405 MHz, 54, 43.09 W, 1 %, 0x0000000000000001
2026/10/03 19:09:26.714, P8, 210 MHz, 405 MHz, 54, 43.11 W, 1 %, 0x0000000000000001
2026/10/03 19:09:27.260, P8, 210 MHz, 405 MHz, 54, 43.06 W, 0 %, 0x0000000000000001
2026/10/03 19:09:27.802, P8, 210 MHz, 405 MHz, 54, 43.15 W, 1 %, 0x0000000000000001
2026/10/03 19:09:28.357, P8, 210 MHz, 405 MHz, 54, 43.23 W, 1 %, 0x0000000000000001
2026/10/03 19:09:28.904, P8, 210 MHz, 405 MHz, 54, 43.17 W, 1 %, 0x0000000000000001
2026/10/03 19:09:29.450, P8, 210 MHz, 405 MHz, 54, 43.26 W, 1 %, 0x0000000000000001
2026/10/03 19:09:30.003, P8, 210 MHz, 405 MHz, 54, 43.28 W, 1 %, 0x0000000000000001
2026/10/03 19:09:30.566, P8, 210 MHz, 405 MHz, 54, 43.24 W, 1 %, 0x0000000000000001
2026/10/03 19:09:31.102, P8, 210 MHz, 405 MHz, 54, 43.27 W, 0 %, 0x0000000000000001
2026/10/03 19:09:31.645, P8, 210 MHz, 405 MHz, 54, 43.18 W, 1 %, 0x0000000000000001
2026/10/03 19:09:32.185, P8, 210 MHz, 405 MHz, 54, 43.00 W, 1 %, 0x0000000000000001
2026/10/03 19:09:32.718, P8, 210 MHz, 405 MHz, 54, 42.99 W, 0 %, 0x0000000000000001
2026/10/03 19:09:33.265, P8, 210 MHz, 405 MHz, 54, 43.16 W, 1 %, 0x0000000000000001
2026/10/03 19:09:33.822, P8, 210 MHz, 405 MHz, 54, 43.21 W, 1 %, 0x0000000000000001
2026/10/03 19:09:34.368, P8, 210 MHz, 405 MHz, 54, 43.12 W, 0 %, 0x0000000000000001
2026/10/03 19:09:34.904, P8, 210 MHz, 405 MHz, 54, 43.23 W, 0 %, 0x0000000000000001
2026/10/03 19:09:35.446, P8, 210 MHz, 405 MHz, 54, 43.27 W, 0 %, 0x0000000000000001
2026/10/03 19:09:35.991, P8, 210 MHz, 405 MHz, 54, 43.29 W, 0 %, 0x0000000000000001
2026/10/03 19:09:36.538, P8, 210 MHz, 405 MHz, 54, 43.37 W, 0 %, 0x0000000000000001
2026/10/03 19:09:37.081, P8, 210 MHz, 405 MHz, 54, 43.43 W, 0 %, 0x0000000000000001
2026/10/03 19:09:37.620, P8, 210 MHz, 405 MHz, 54, 43.44 W, 0 %, 0x0000000000000001
2026/10/03 19:09:38.166, P8, 210 MHz, 405 MHz, 54, 43.37 W, 0 %, 0x0000000000000001
2026/10/03 19:09:38.715, P8, 210 MHz, 405 MHz, 54, 43.32 W, 0 %, 0x0000000000000001
2026/10/03 19:09:39.259, P8, 210 MHz, 405 MHz, 54, 43.34 W, 0 %, 0x0000000000000001
2026/10/03 19:09:39.798, P8, 210 MHz, 405 MHz, 54, 43.35 W, 0 %, 0x0000000000000001
2026/10/03 19:09:40.343, P8, 210 MHz, 405 MHz, 54, 43.28 W, 0 %, 0x0000000000000001
2026/10/03 19:09:40.888, P8, 210 MHz, 405 MHz, 54, 43.35 W, 0 %, 0x0000000000000001
2026/10/03 19:09:41.441, P8, 210 MHz, 405 MHz, 54, 43.36 W, 0 %, 0x0000000000000001
2026/10/03 19:09:41.975, P8, 210 MHz, 405 MHz, 54, 43.25 W, 0 %, 0x0000000000000001
2026/10/03 19:09:42.523, P8, 210 MHz, 405 MHz, 54, 43.32 W, 0 %, 0x0000000000000001
2026/10/03 19:09:43.079, P8, 210 MHz, 405 MHz, 54, 43.34 W, 0 %, 0x0000000000000001
2026/10/03 19:09:43.630, P8, 210 MHz, 405 MHz, 54, 43.28 W, 0 %, 0x0000000000000001
2026/10/03 19:09:44.174, P8, 210 MHz, 405 MHz, 54, 43.33 W, 0 %, 0x0000000000000001
2026/10/03 19:09:44.718, P8, 210 MHz, 405 MHz, 54, 43.41 W, 1 %, 0x0000000000000001
2026/10/03 19:09:45.250, P8, 210 MHz, 405 MHz, 54, 43.43 W, 0 %, 0x0000000000000001
2026/10/03 19:09:45.784, P8, 210 MHz, 405 MHz, 54, 43.50 W, 0 %, 0x0000000000000001
2026/10/03 19:09:46.337, P8, 210 MHz, 405 MHz, 54, 43.44 W, 1 %, 0x0000000000000001
2026/10/03 19:09:46.886, P8, 210 MHz, 405 MHz, 54, 43.31 W, 0 %, 0x0000000000000001
2026/10/03 19:09:47.422, P8, 210 MHz, 405 MHz, 54, 43.35 W, 1 %, 0x0000000000000001
2026/10/03 19:09:47.959, P8, 210 MHz, 405 MHz, 54, 43.40 W, 1 %, 0x0000000000000001
2026/10/03 19:09:48.491, P8, 210 MHz, 405 MHz, 54, 43.38 W, 1 %, 0x0000000000000001
2026/10/03 19:09:49.036, P8, 210 MHz, 405 MHz, 54, 43.38 W, 1 %, 0x0000000000000001
2026/10/03 19:09:49.578, P8, 210 MHz, 405 MHz, 54, 43.31 W, 0 %, 0x0000000000000001
2026/10/03 19:09:50.125, P8, 210 MHz, 405 MHz, 54, 43.32 W, 1 %, 0x0000000000000001
2026/10/03 19:09:50.677, P8, 210 MHz, 405 MHz, 54, 43.38 W, 1 %, 0x0000000000000001
2026/10/03 19:09:51.210, P8, 210 MHz, 405 MHz, 54, 43.32 W, 1 %, 0x0000000000000001
2026/10/03 19:09:51.744, P8, 210 MHz, 405 MHz, 54, 43.38 W, 1 %, 0x0000000000000001
2026/10/03 19:09:52.279, P8, 210 MHz, 405 MHz, 54, 43.41 W, 1 %, 0x0000000000000001
2026/10/03 19:09:52.811, P8, 210 MHz, 405 MHz, 54, 43.43 W, 1 %, 0x0000000000000001
2026/10/03 19:09:53.349, P8, 210 MHz, 405 MHz, 54, 43.51 W, 1 %, 0x0000000000000001
2026/10/03 19:09:53.879, P8, 210 MHz, 405 MHz, 54, 43.44 W, 1 %, 0x0000000000000001
2026/10/03 19:09:54.414, P8, 210 MHz, 405 MHz, 54, 43.34 W, 1 %, 0x0000000000000001
2026/10/03 19:09:54.948, P8, 210 MHz, 405 MHz, 54, 43.38 W, 1 %, 0x0000000000000001
2026/10/03 19:09:55.479, P8, 210 MHz, 405 MHz, 54, 43.38 W, 1 %, 0x0000000000000001
2026/10/03 19:09:56.016, P8, 210 MHz, 405 MHz, 54, 43.31 W, 1 %, 0x0000000000000001
2026/10/03 19:09:56.548, P8, 210 MHz, 405 MHz, 54, 43.36 W, 1 %, 0x0000000000000001
2026/10/03 19:09:57.081, P8, 210 MHz, 405 MHz, 54, 43.38 W, 0 %, 0x0000000000000001
2026/10/03 19:09:57.632, P8, 210 MHz, 405 MHz, 54, 43.38 W, 1 %, 0x0000000000000001
2026/10/03 19:09:58.187, P8, 210 MHz, 405 MHz, 55, 43.39 W, 0 %, 0x0000000000000001
2026/10/03 19:09:58.718, P8, 210 MHz, 405 MHz, 54, 43.36 W, 0 %, 0x0000000000000001
2026/10/03 19:09:59.250, P8, 210 MHz, 405 MHz, 54, 43.38 W, 1 %, 0x0000000000000001
2026/10/03 19:09:59.794, P8, 210 MHz, 405 MHz, 54, 43.43 W, 0 %, 0x0000000000000001
2026/10/03 19:10:00.333, P8, 210 MHz, 405 MHz, 54, 43.37 W, 1 %, 0x0000000000000001
2026/10/03 19:10:00.883, P8, 210 MHz, 405 MHz, 54, 43.28 W, 1 %, 0x0000000000000001
2026/10/03 19:10:01.417, P8, 210 MHz, 405 MHz, 54, 43.26 W, 0 %, 0x0000000000000001
2026/10/03 19:10:01.956, P8, 210 MHz, 405 MHz, 54, 43.29 W, 0 %, 0x0000000000000001
2026/10/03 19:10:02.490, P8, 210 MHz, 405 MHz, 54, 43.36 W, 0 %, 0x0000000000000001
2026/10/03 19:10:03.037, P8, 210 MHz, 405 MHz, 54, 43.37 W, 0 %, 0x0000000000000001
2026/10/03 19:10:03.574, P8, 210 MHz, 405 MHz, 54, 43.36 W, 0 %, 0x0000000000000001
2026/10/03 19:10:04.122, P8, 210 MHz, 405 MHz, 54, 43.42 W, 0 %, 0x0000000000000001
2026/10/03 19:10:04.673, P8, 210 MHz, 405 MHz, 54, 43.47 W, 0 %, 0x0000000000000001
2026/10/03 19:10:05.215, P8, 210 MHz, 405 MHz, 54, 43.46 W, 0 %, 0x0000000000000001
2026/10/03 19:10:05.753, P8, 210 MHz, 405 MHz, 54, 43.46 W, 0 %, 0x0000000000000001
2026/10/03 19:10:06.304, P8, 210 MHz, 405 MHz, 55, 43.40 W, 0 %, 0x0000000000000001
2026/10/03 19:10:06.854, P8, 210 MHz, 405 MHz, 55, 43.39 W, 0 %, 0x0000000000000001
2026/10/03 19:10:07.391, P8, 210 MHz, 405 MHz, 55, 43.45 W, 3 %, 0x0000000000000001
2026/10/03 19:10:07.927, P8, 210 MHz, 405 MHz, 54, 43.37 W, 0 %, 0x0000000000000001
2026/10/03 19:10:08.463, P8, 210 MHz, 405 MHz, 54, 43.30 W, 0 %, 0x0000000000000001
2026/10/03 19:10:08.995, P8, 210 MHz, 405 MHz, 55, 43.36 W, 0 %, 0x0000000000000001
2026/10/03 19:10:09.528, P8, 210 MHz, 405 MHz, 55, 43.33 W, 0 %, 0x0000000000000001
2026/10/03 19:10:10.062, P8, 210 MHz, 405 MHz, 55, 43.33 W, 0 %, 0x0000000000000001
2026/10/03 19:10:10.599, P8, 210 MHz, 405 MHz, 55, 43.68 W, 3 %, 0x0000000000000001
2026/10/03 19:10:11.151, P8, 210 MHz, 405 MHz, 55, 43.74 W, 0 %, 0x0000000000000001
2026/10/03 19:10:11.706, P8, 210 MHz, 405 MHz, 55, 43.49 W, 1 %, 0x0000000000000001
2026/10/03 19:10:12.252, P8, 210 MHz, 405 MHz, 55, 43.35 W, 0 %, 0x0000000000000001
2026/10/03 19:10:12.784, P8, 210 MHz, 405 MHz, 55, 43.40 W, 0 %, 0x0000000000000001
2026/10/03 19:10:13.345, P8, 210 MHz, 405 MHz, 55, 43.46 W, 1 %, 0x0000000000000001
2026/10/03 19:10:13.895, P8, 210 MHz, 405 MHz, 55, 43.30 W, 1 %, 0x0000000000000001
2026/10/03 19:10:14.436, P8, 210 MHz, 405 MHz, 55, 43.35 W, 0 %, 0x0000000000000001
2026/10/03 19:10:14.998, P8, 210 MHz, 405 MHz, 55, 43.35 W, 1 %, 0x0000000000000001
2026/10/03 19:10:15.547, P8, 210 MHz, 405 MHz, 55, 43.26 W, 1 %, 0x0000000000000001
2026/10/03 19:10:16.083, P8, 210 MHz, 405 MHz, 55, 43.31 W, 1 %, 0x0000000000000001
2026/10/03 19:10:16.631, P8, 210 MHz, 405 MHz, 55, 43.34 W, 1 %, 0x0000000000000001
2026/10/03 19:10:17.177, P8, 210 MHz, 405 MHz, 55, 43.38 W, 1 %, 0x0000000000000001
2026/10/03 19:10:17.722, P8, 210 MHz, 405 MHz, 55, 43.43 W, 1 %, 0x0000000000000001
2026/10/03 19:10:18.269, P8, 210 MHz, 405 MHz, 55, 43.45 W, 1 %, 0x0000000000000001
2026/10/03 19:10:18.812, P8, 210 MHz, 405 MHz, 55, 43.47 W, 1 %, 0x0000000000000001
2026/10/03 19:10:19.356, P8, 210 MHz, 405 MHz, 55, 43.51 W, 1 %, 0x0000000000000001
2026/10/03 19:10:19.899, P8, 210 MHz, 405 MHz, 55, 43.39 W, 0 %, 0x0000000000000001
2026/10/03 19:10:20.449, P8, 210 MHz, 405 MHz, 55, 43.35 W, 1 %, 0x0000000000000001
2026/10/03 19:10:20.999, P8, 210 MHz, 405 MHz, 55, 43.44 W, 1 %, 0x0000000000000001
2026/10/03 19:10:21.548, P8, 210 MHz, 405 MHz, 55, 43.49 W, 0 %, 0x0000000000000001
2026/10/03 19:10:22.097, P8, 210 MHz, 405 MHz, 55, 43.49 W, 0 %, 0x0000000000000001
2026/10/03 19:10:22.652, P8, 210 MHz, 405 MHz, 55, 43.40 W, 0 %, 0x0000000000000001
2026/10/03 19:10:23.195, P8, 210 MHz, 405 MHz, 55, 43.35 W, 0 %, 0x0000000000000001
2026/10/03 19:10:23.730, P8, 210 MHz, 405 MHz, 55, 43.41 W, 0 %, 0x0000000000000001
2026/10/03 19:10:24.283, P8, 210 MHz, 405 MHz, 55, 43.41 W, 0 %, 0x0000000000000001
2026/10/03 19:10:24.823, P8, 210 MHz, 405 MHz, 55, 43.35 W, 0 %, 0x0000000000000001
2026/10/03 19:10:25.357, P8, 210 MHz, 405 MHz, 55, 43.35 W, 0 %, 0x0000000000000001
2026/10/03 19:10:25.897, P8, 210 MHz, 405 MHz, 55, 43.30 W, 0 %, 0x0000000000000001
2026/10/03 19:10:26.435, P8, 210 MHz, 405 MHz, 55, 43.25 W, 0 %, 0x0000000000000001
2026/10/03 19:10:26.971, P8, 210 MHz, 405 MHz, 55, 43.31 W, 0 %, 0x0000000000000001
2026/10/03 19:10:27.508, P8, 210 MHz, 405 MHz, 55, 43.42 W, 0 %, 0x0000000000000001
2026/10/03 19:10:28.048, P8, 210 MHz, 405 MHz, 55, 43.76 W, 10 %, 0x0000000000000001
2026/10/03 19:10:28.595, P8, 210 MHz, 405 MHz, 55, 44.15 W, 5 %, 0x0000000000000001
2026/10/03 19:10:29.129, P8, 210 MHz, 405 MHz, 55, 44.06 W, 5 %, 0x0000000000000001
2026/10/03 19:10:29.668, P8, 210 MHz, 405 MHz, 55, 44.01 W, 3 %, 0x0000000000000001
2026/10/03 19:10:30.206, P8, 210 MHz, 405 MHz, 55, 44.41 W, 3 %, 0x0000000000000001
2026/10/03 19:10:30.739, P8, 210 MHz, 405 MHz, 55, 44.71 W, 2 %, 0x0000000000000001
2026/10/03 19:10:31.276, P8, 210 MHz, 405 MHz, 55, 44.73 W, 1 %, 0x0000000000000001
2026/10/03 19:10:31.817, P8, 210 MHz, 405 MHz, 55, 44.63 W, 2 %, 0x0000000000000001
2026/10/03 19:10:32.353, P8, 210 MHz, 405 MHz, 55, 44.42 W, 0 %, 0x0000000000000001
2026/10/03 19:10:32.887, P8, 210 MHz, 405 MHz, 55, 43.87 W, 0 %, 0x0000000000000001
2026/10/03 19:10:33.425, P8, 210 MHz, 405 MHz, 55, 43.57 W, 0 %, 0x0000000000000001
2026/10/03 19:10:33.966, P2, 1845 MHz, 9251 MHz, 56, 60.20 W, 44 %, 0x0000000000000001
2026/10/03 19:10:34.497, P2, 1920 MHz, 9251 MHz, 57, 110.88 W, 23 %, 0x0000000000000001
2026/10/03 19:10:35.034, P2, 1980 MHz, 9251 MHz, 58, 147.96 W, 27 %, 0x0000000000000000
2026/10/03 19:10:35.556, P2, 1980 MHz, 9251 MHz, 59, 159.70 W, 25 %, 0x0000000000000000
2026/10/03 19:10:36.074, P2, 1980 MHz, 9251 MHz, 58, 166.27 W, 24 %, 0x0000000000000000
2026/10/03 19:10:36.584, P2, 1980 MHz, 9251 MHz, 59, 163.95 W, 31 %, 0x0000000000000000
2026/10/03 19:10:37.103, P2, 1980 MHz, 9251 MHz, 59, 166.26 W, 49 %, 0x0000000000000000
2026/10/03 19:10:37.618, P2, 1980 MHz, 9251 MHz, 59, 165.64 W, 38 %, 0x0000000000000000
2026/10/03 19:10:38.144, P2, 1980 MHz, 9251 MHz, 59, 166.79 W, 46 %, 0x0000000000000000
2026/10/03 19:10:38.675, P2, 1980 MHz, 9251 MHz, 59, 164.73 W, 45 %, 0x0000000000000000
2026/10/03 19:10:39.194, P2, 1980 MHz, 9251 MHz, 60, 165.67 W, 40 %, 0x0000000000000000
2026/10/03 19:10:39.715, P2, 1980 MHz, 9251 MHz, 59, 167.09 W, 24 %, 0x0000000000000000
2026/10/03 19:10:40.260, P2, 1980 MHz, 9251 MHz, 59, 166.86 W, 34 %, 0x0000000000000000
2026/10/03 19:10:40.793, P2, 1980 MHz, 9251 MHz, 60, 167.39 W, 25 %, 0x0000000000000000
2026/10/03 19:10:41.319, P2, 1980 MHz, 9251 MHz, 60, 165.01 W, 34 %, 0x0000000000000000
2026/10/03 19:10:41.858, P2, 1980 MHz, 9251 MHz, 60, 167.51 W, 25 %, 0x0000000000000000
2026/10/03 19:10:42.390, P2, 1980 MHz, 9251 MHz, 60, 165.99 W, 41 %, 0x0000000000000000
2026/10/03 19:10:42.936, P2, 1980 MHz, 9251 MHz, 60, 167.62 W, 43 %, 0x0000000000000000
2026/10/03 19:10:43.467, P2, 1980 MHz, 9251 MHz, 60, 165.35 W, 48 %, 0x0000000000000000
2026/10/03 19:10:43.980, P2, 1980 MHz, 9251 MHz, 61, 167.76 W, 36 %, 0x0000000000000000
2026/10/03 19:10:44.502, P2, 1980 MHz, 9251 MHz, 60, 167.51 W, 24 %, 0x0000000000000000
2026/10/03 19:10:45.049, P2, 1980 MHz, 9251 MHz, 61, 168.22 W, 30 %, 0x0000000000000000
2026/10/03 19:10:45.578, P2, 1965 MHz, 9251 MHz, 61, 166.45 W, 24 %, 0x0000000000000000
2026/10/03 19:10:46.097, P2, 1965 MHz, 9251 MHz, 62, 165.99 W, 41 %, 0x0000000000000000
2026/10/03 19:10:46.616, P2, 1965 MHz, 9251 MHz, 61, 167.30 W, 30 %, 0x0000000000000000
2026/10/03 19:10:47.152, P2, 1965 MHz, 9251 MHz, 61, 167.30 W, 48 %, 0x0000000000000000
2026/10/03 19:10:47.680, P2, 1965 MHz, 9251 MHz, 61, 166.60 W, 41 %, 0x0000000000000000
2026/10/03 19:10:48.190, P2, 1965 MHz, 9251 MHz, 63, 191.17 W, 100 %, 0x0000000000000000
2026/10/03 19:10:48.713, P2, 1965 MHz, 9251 MHz, 64, 223.71 W, 100 %, 0x0000000000000000
2026/10/03 19:10:49.237, P2, 1965 MHz, 9251 MHz, 64, 233.58 W, 100 %, 0x0000000000000000
2026/10/03 19:10:49.757, P2, 1965 MHz, 9251 MHz, 64, 235.48 W, 100 %, 0x0000000000000000
2026/10/03 19:10:50.277, P2, 1965 MHz, 9251 MHz, 64, 237.63 W, 100 %, 0x0000000000000000
2026/10/03 19:10:50.798, P2, 1965 MHz, 9251 MHz, 65, 237.36 W, 100 %, 0x0000000000000000
2026/10/03 19:10:51.319, P2, 1965 MHz, 9251 MHz, 65, 236.19 W, 100 %, 0x0000000000000000
2026/10/03 19:10:51.839, P2, 1965 MHz, 9251 MHz, 65, 236.05 W, 100 %, 0x0000000000000000
2026/10/03 19:10:52.348, P2, 1965 MHz, 9251 MHz, 65, 236.33 W, 100 %, 0x0000000000000000
2026/10/03 19:10:52.869, P2, 1965 MHz, 9251 MHz, 65, 236.72 W, 100 %, 0x0000000000000000
2026/10/03 19:10:53.389, P2, 1965 MHz, 9251 MHz, 65, 236.99 W, 100 %, 0x0000000000000000
2026/10/03 19:10:53.910, P2, 1965 MHz, 9251 MHz, 63, 207.76 W, 5 %, 0x0000000000000000
2026/10/03 19:10:54.425, P2, 1965 MHz, 9251 MHz, 62, 164.79 W, 5 %, 0x0000000000000000
2026/10/03 19:10:54.944, P2, 1965 MHz, 9251 MHz, 63, 142.48 W, 5 %, 0x0000000000000000
2026/10/03 19:10:55.476, P3, 645 MHz, 5001 MHz, 61, 132.18 W, 8 %, 0x0000000000000001
2026/10/03 19:10:56.021, P3, 555 MHz, 5001 MHz, 61, 104.80 W, 9 %, 0x0000000000000001
2026/10/03 19:10:56.567, P3, 450 MHz, 5001 MHz, 60, 81.17 W, 9 %, 0x0000000000000001
2026/10/03 19:10:57.110, P3, 360 MHz, 5001 MHz, 60, 79.72 W, 9 %, 0x0000000000000001
2026/10/03 19:10:57.682, P3, 300 MHz, 5001 MHz, 60, 78.95 W, 9 %, 0x0000000000000001
2026/10/03 19:10:58.220, P3, 255 MHz, 5001 MHz, 59, 78.75 W, 9 %, 0x0000000000000001
2026/10/03 19:10:58.780, P3, 225 MHz, 5001 MHz, 59, 78.66 W, 11 %, 0x0000000000000001
2026/10/03 19:10:59.338, P3, 225 MHz, 5001 MHz, 59, 78.73 W, 11 %, 0x0000000000000001
2026/10/03 19:10:59.870, P3, 225 MHz, 5001 MHz, 59, 78.78 W, 11 %, 0x0000000000000001
2026/10/03 19:11:00.424, P3, 225 MHz, 5001 MHz, 59, 78.74 W, 11 %, 0x0000000000000001
2026/10/03 19:11:00.977, P3, 225 MHz, 5001 MHz, 59, 78.24 W, 8 %, 0x0000000000000001
2026/10/03 19:11:01.522, P3, 225 MHz, 5001 MHz, 59, 78.13 W, 11 %, 0x0000000000000001
2026/10/03 19:11:02.072, P3, 225 MHz, 5001 MHz, 59, 78.48 W, 10 %, 0x0000000000000001
2026/10/03 19:11:02.614, P3, 225 MHz, 5001 MHz, 58, 78.53 W, 11 %, 0x0000000000000001
2026/10/03 19:11:03.173, P3, 225 MHz, 5001 MHz, 58, 78.40 W, 11 %, 0x0000000000000001
2026/10/03 19:11:03.705, P3, 225 MHz, 5001 MHz, 59, 79.79 W, 29 %, 0x0000000000000001
2026/10/03 19:11:04.239, P2, 1965 MHz, 9251 MHz, 63, 135.14 W, 99 %, 0x0000000000000004
2026/10/03 19:11:04.747, P2, 1965 MHz, 9251 MHz, 64, 243.93 W, 99 %, 0x0000000000000000
2026/10/03 19:11:05.280, P2, 1965 MHz, 9251 MHz, 62, 281.79 W, 95 %, 0x0000000000000000
2026/10/03 19:11:05.789, P2, 1965 MHz, 9251 MHz, 61, 205.24 W, 5 %, 0x0000000000000000
2026/10/03 19:11:06.322, P2, 1965 MHz, 9251 MHz, 60, 142.48 W, 5 %, 0x0000000000000000
2026/10/03 19:11:06.843, P2, 1965 MHz, 9251 MHz, 60, 142.34 W, 5 %, 0x0000000000000000
2026/10/03 19:11:07.363, P2, 540 MHz, 9251 MHz, 59, 120.71 W, 5 %, 0x0000000000000001
2026/10/03 19:11:07.918, P3, 435 MHz, 5001 MHz, 59, 97.17 W, 9 %, 0x0000000000000001
2026/10/03 19:11:08.483, P3, 345 MHz, 5001 MHz, 58, 82.16 W, 9 %, 0x0000000000000001
2026/10/03 19:11:09.024, P3, 300 MHz, 5001 MHz, 58, 79.03 W, 9 %, 0x0000000000000001
2026/10/03 19:11:09.602, P3, 255 MHz, 5001 MHz, 58, 78.17 W, 9 %, 0x0000000000000001
2026/10/03 19:11:10.142, P3, 225 MHz, 5001 MHz, 58, 77.99 W, 11 %, 0x0000000000000001
2026/10/03 19:11:10.710, P3, 225 MHz, 5001 MHz, 58, 78.10 W, 11 %, 0x0000000000000001
2026/10/03 19:11:11.258, P3, 225 MHz, 5001 MHz, 58, 78.17 W, 11 %, 0x0000000000000001
2026/10/03 19:11:11.822, P3, 225 MHz, 5001 MHz, 57, 77.98 W, 11 %, 0x0000000000000001
2026/10/03 19:11:12.361, P3, 225 MHz, 5001 MHz, 57, 77.62 W, 9 %, 0x0000000000000001
2026/10/03 19:11:12.900, P3, 225 MHz, 5001 MHz, 57, 77.70 W, 10 %, 0x0000000000000001
2026/10/03 19:11:13.446, P3, 225 MHz, 5001 MHz, 57, 77.94 W, 15 %, 0x0000000000000001
2026/10/03 19:11:13.993, P3, 225 MHz, 5001 MHz, 57, 77.94 W, 11 %, 0x0000000000000001
2026/10/03 19:11:14.539, P3, 225 MHz, 5001 MHz, 57, 77.75 W, 11 %, 0x0000000000000001
2026/10/03 19:11:15.085, P3, 225 MHz, 5001 MHz, 57, 77.72 W, 10 %, 0x0000000000000001
2026/10/03 19:11:15.625, P2, 1800 MHz, 9251 MHz, 60, 122.92 W, 100 %, 0x0000000000000001
2026/10/03 19:11:16.193, P2, 1965 MHz, 9251 MHz, 63, 225.77 W, 99 %, 0x0000000000000000
2026/10/03 19:11:16.726, P2, 1965 MHz, 9251 MHz, 61, 296.73 W, 61 %, 0x0000000000000000
2026/10/03 19:11:17.286, P2, 1965 MHz, 9251 MHz, 59, 209.03 W, 5 %, 0x0000000000000000
2026/10/03 19:11:17.800, P2, 1965 MHz, 9251 MHz, 59, 141.23 W, 5 %, 0x0000000000000000
2026/10/03 19:11:18.314, P2, 1965 MHz, 9251 MHz, 59, 141.31 W, 7 %, 0x0000000000000000
2026/10/03 19:11:18.843, P2, 615 MHz, 9251 MHz, 58, 130.15 W, 5 %, 0x0000000000000001
2026/10/03 19:11:19.405, P3, 495 MHz, 5001 MHz, 57, 98.69 W, 8 %, 0x0000000000000001
2026/10/03 19:11:19.992, P3, 390 MHz, 5001 MHz, 57, 80.14 W, 9 %, 0x0000000000000001
2026/10/03 19:11:20.534, P3, 315 MHz, 5001 MHz, 57, 78.58 W, 9 %, 0x0000000000000001
2026/10/03 19:11:21.063, P3, 255 MHz, 5001 MHz, 57, 77.80 W, 9 %, 0x0000000000000001
2026/10/03 19:11:21.615, P3, 225 MHz, 5001 MHz, 57, 77.73 W, 10 %, 0x0000000000000001
2026/10/03 19:11:22.158, P3, 225 MHz, 5001 MHz, 56, 77.32 W, 9 %, 0x0000000000000001
2026/10/03 19:11:22.697, P3, 225 MHz, 5001 MHz, 56, 77.33 W, 11 %, 0x0000000000000001
2026/10/03 19:11:23.277, P3, 225 MHz, 5001 MHz, 56, 77.54 W, 12 %, 0x0000000000000001
2026/10/03 19:11:23.820, P3, 225 MHz, 5001 MHz, 56, 77.45 W, 11 %, 0x0000000000000001
2026/10/03 19:11:24.369, P3, 225 MHz, 5001 MHz, 56, 77.34 W, 11 %, 0x0000000000000001
2026/10/03 19:11:24.912, P3, 225 MHz, 5001 MHz, 56, 77.30 W, 11 %, 0x0000000000000001
2026/10/03 19:11:25.443, P3, 225 MHz, 5001 MHz, 56, 77.25 W, 11 %, 0x0000000000000001
2026/10/03 19:11:25.976, P3, 225 MHz, 5001 MHz, 56, 76.76 W, 9 %, 0x0000000000000001
2026/10/03 19:11:26.520, P3, 225 MHz, 5001 MHz, 56, 76.64 W, 12 %, 0x0000000000000001
2026/10/03 19:11:27.065, P2, 1950 MHz, 9251 MHz, 59, 108.96 W, 89 %, 0x0000000000000001
2026/10/03 19:11:27.605, P2, 1980 MHz, 9251 MHz, 61, 211.98 W, 99 %, 0x0000000000000000
2026/10/03 19:11:28.113, P2, 1965 MHz, 9251 MHz, 62, 299.57 W, 99 %, 0x0000000000000000
2026/10/03 19:11:28.632, P2, 1965 MHz, 9251 MHz, 58, 241.99 W, 7 %, 0x0000000000000000
2026/10/03 19:11:29.149, P2, 1965 MHz, 9251 MHz, 58, 166.36 W, 5 %, 0x0000000000000000
2026/10/03 19:11:29.696, P2, 1965 MHz, 9251 MHz, 58, 140.99 W, 5 %, 0x0000000000000000
2026/10/03 19:11:30.231, P2, 660 MHz, 9251 MHz, 57, 129.59 W, 5 %, 0x0000000000000001
2026/10/03 19:11:30.769, P3, 525 MHz, 5001 MHz, 56, 98.58 W, 9 %, 0x0000000000000001
2026/10/03 19:11:31.303, P3, 435 MHz, 5001 MHz, 56, 82.08 W, 9 %, 0x0000000000000001
2026/10/03 19:11:31.851, P3, 375 MHz, 5001 MHz, 56, 79.08 W, 9 %, 0x0000000000000001
2026/10/03 19:11:32.405, P3, 300 MHz, 5001 MHz, 56, 77.88 W, 9 %, 0x0000000000000001
2026/10/03 19:11:32.941, P3, 255 MHz, 5001 MHz, 56, 77.56 W, 10 %, 0x0000000000000001
2026/10/03 19:11:33.483, P3, 225 MHz, 5001 MHz, 56, 77.39 W, 12 %, 0x0000000000000001
2026/10/03 19:11:34.019, P3, 225 MHz, 5001 MHz, 55, 77.51 W, 12 %, 0x0000000000000001
2026/10/03 19:11:34.563, P3, 225 MHz, 5001 MHz, 55, 77.61 W, 12 %, 0x0000000000000001
2026/10/03 19:11:35.101, P3, 225 MHz, 5001 MHz, 55, 77.11 W, 8 %, 0x0000000000000001
2026/10/03 19:11:35.646, P3, 225 MHz, 5001 MHz, 55, 76.99 W, 12 %, 0x0000000000000001
2026/10/03 19:11:36.187, P3, 225 MHz, 5001 MHz, 55, 77.32 W, 12 %, 0x0000000000000001
2026/10/03 19:11:36.714, P3, 225 MHz, 5001 MHz, 55, 77.28 W, 11 %, 0x0000000000000001
2026/10/03 19:11:37.257, P3, 225 MHz, 5001 MHz, 55, 77.18 W, 12 %, 0x0000000000000001
2026/10/03 19:11:37.806, P3, 225 MHz, 5001 MHz, 55, 77.00 W, 13 %, 0x0000000000000001
2026/10/03 19:11:38.336, P3, 225 MHz, 5001 MHz, 55, 76.94 W, 13 %, 0x0000000000000001
2026/10/03 19:11:38.873, P2, 1980 MHz, 9251 MHz, 60, 164.06 W, 99 %, 0x0000000000000004
2026/10/03 19:11:39.393, P2, 1980 MHz, 9251 MHz, 61, 267.67 W, 99 %, 0x0000000000000000
2026/10/03 19:11:39.903, P2, 1980 MHz, 9251 MHz, 61, 315.85 W, 83 %, 0x0000000000000000
2026/10/03 19:11:40.425, P2, 1965 MHz, 9251 MHz, 58, 280.43 W, 53 %, 0x0000000000000000
2026/10/03 19:11:40.945, P2, 1965 MHz, 9251 MHz, 59, 205.36 W, 90 %, 0x0000000000000000
2026/10/03 19:11:41.468, P2, 1965 MHz, 9251 MHz, 59, 149.74 W, 92 %, 0x0000000000000000
2026/10/03 19:11:41.993, P2, 1965 MHz, 9251 MHz, 58, 154.72 W, 74 %, 0x0000000000000000
2026/10/03 19:11:42.513, P2, 1965 MHz, 9251 MHz, 58, 154.74 W, 97 %, 0x0000000000000000
2026/10/03 19:11:43.033, P2, 1965 MHz, 9251 MHz, 59, 155.67 W, 98 %, 0x0000000000000000
2026/10/03 19:11:43.542, P2, 1965 MHz, 9251 MHz, 59, 155.06 W, 77 %, 0x0000000000000000
2026/10/03 19:11:44.061, P2, 1965 MHz, 9251 MHz, 59, 155.02 W, 97 %, 0x0000000000000000
2026/10/03 19:11:44.582, P2, 1965 MHz, 9251 MHz, 59, 155.72 W, 98 %, 0x0000000000000000
2026/10/03 19:11:45.090, P2, 1965 MHz, 9251 MHz, 59, 155.65 W, 98 %, 0x0000000000000000
2026/10/03 19:11:45.607, P2, 1965 MHz, 9251 MHz, 58, 155.31 W, 98 %, 0x0000000000000000
2026/10/03 19:11:46.127, P2, 1965 MHz, 9251 MHz, 59, 154.94 W, 98 %, 0x0000000000000000
2026/10/03 19:11:46.653, P2, 1965 MHz, 9251 MHz, 59, 155.04 W, 98 %, 0x0000000000000000
2026/10/03 19:11:47.173, P2, 1965 MHz, 9251 MHz, 59, 155.99 W, 99 %, 0x0000000000000000
2026/10/03 19:11:47.687, P2, 1965 MHz, 9251 MHz, 59, 156.00 W, 99 %, 0x0000000000000000
2026/10/03 19:11:48.194, P2, 1965 MHz, 9251 MHz, 59, 155.91 W, 99 %, 0x0000000000000000
2026/10/03 19:11:48.717, P2, 1965 MHz, 9251 MHz, 59, 155.90 W, 99 %, 0x0000000000000000
2026/10/03 19:11:49.235, P2, 1965 MHz, 9251 MHz, 59, 155.14 W, 99 %, 0x0000000000000000
2026/10/03 19:11:49.756, P2, 1965 MHz, 9251 MHz, 59, 155.26 W, 99 %, 0x0000000000000000
2026/10/03 19:11:50.279, P2, 1965 MHz, 9251 MHz, 59, 156.20 W, 99 %, 0x0000000000000000
2026/10/03 19:11:50.799, P2, 1965 MHz, 9251 MHz, 59, 156.29 W, 99 %, 0x0000000000000000
2026/10/03 19:11:51.320, P2, 1965 MHz, 9251 MHz, 59, 156.36 W, 99 %, 0x0000000000000000
2026/10/03 19:11:51.844, P2, 1965 MHz, 9251 MHz, 59, 156.37 W, 99 %, 0x0000000000000000
2026/10/03 19:11:52.365, P2, 1965 MHz, 9251 MHz, 59, 156.29 W, 99 %, 0x0000000000000000
2026/10/03 19:11:52.885, P2, 1965 MHz, 9251 MHz, 59, 156.24 W, 99 %, 0x0000000000000000
2026/10/03 19:11:53.394, P2, 1965 MHz, 9251 MHz, 59, 156.28 W, 99 %, 0x0000000000000000
2026/10/03 19:11:53.917, P2, 1965 MHz, 9251 MHz, 59, 156.27 W, 99 %, 0x0000000000000000
2026/10/03 19:11:54.437, P2, 1965 MHz, 9251 MHz, 59, 156.24 W, 99 %, 0x0000000000000000
2026/10/03 19:11:54.959, P2, 1965 MHz, 9251 MHz, 59, 156.27 W, 99 %, 0x0000000000000000
2026/10/03 19:11:55.469, P2, 1965 MHz, 9251 MHz, 59, 155.51 W, 99 %, 0x0000000000000000
2026/10/03 19:11:55.987, P2, 1965 MHz, 9251 MHz, 59, 155.56 W, 99 %, 0x0000000000000000
2026/10/03 19:11:56.508, P2, 1965 MHz, 9251 MHz, 59, 155.63 W, 100 %, 0x0000000000000000
2026/10/03 19:11:57.032, P2, 1965 MHz, 9251 MHz, 59, 156.33 W, 99 %, 0x0000000000000000
2026/10/03 19:11:57.553, P2, 1965 MHz, 9251 MHz, 59, 156.39 W, 100 %, 0x0000000000000000
2026/10/03 19:11:58.072, P2, 1965 MHz, 9251 MHz, 59, 156.55 W, 100 %, 0x0000000000000000
2026/10/03 19:11:58.594, P2, 1965 MHz, 9251 MHz, 59, 156.52 W, 100 %, 0x0000000000000000
2026/10/03 19:11:59.115, P2, 1965 MHz, 9251 MHz, 59, 156.42 W, 100 %, 0x0000000000000000
2026/10/03 19:11:59.635, P2, 1965 MHz, 9251 MHz, 59, 156.36 W, 100 %, 0x0000000000000000
2026/10/03 19:12:00.157, P2, 1965 MHz, 9251 MHz, 59, 156.30 W, 100 %, 0x0000000000000000
2026/10/03 19:12:00.681, P2, 1965 MHz, 9251 MHz, 59, 156.30 W, 100 %, 0x0000000000000000
2026/10/03 19:12:01.199, P2, 1965 MHz, 9251 MHz, 59, 156.35 W, 100 %, 0x0000000000000000
2026/10/03 19:12:01.718, P2, 1965 MHz, 9251 MHz, 59, 156.30 W, 100 %, 0x0000000000000000
2026/10/03 19:12:02.228, P2, 1965 MHz, 9251 MHz, 59, 156.23 W, 100 %, 0x0000000000000000
2026/10/03 19:12:02.749, P2, 1965 MHz, 9251 MHz, 59, 156.19 W, 100 %, 0x0000000000000000
2026/10/03 19:12:03.270, P2, 1965 MHz, 9251 MHz, 59, 156.20 W, 100 %, 0x0000000000000000
2026/10/03 19:12:03.795, P2, 1965 MHz, 9251 MHz, 59, 156.28 W, 100 %, 0x0000000000000000
2026/10/03 19:12:04.315, P2, 1965 MHz, 9251 MHz, 59, 156.36 W, 100 %, 0x0000000000000000
2026/10/03 19:12:04.835, P2, 1965 MHz, 9251 MHz, 59, 156.40 W, 100 %, 0x0000000000000000
2026/10/03 19:12:05.343, P2, 1965 MHz, 9251 MHz, 59, 156.30 W, 100 %, 0x0000000000000000
2026/10/03 19:12:05.865, P2, 1965 MHz, 9251 MHz, 59, 156.27 W, 100 %, 0x0000000000000000
2026/10/03 19:12:06.385, P2, 1965 MHz, 9251 MHz, 59, 156.30 W, 100 %, 0x0000000000000000
2026/10/03 19:12:06.908, P2, 1965 MHz, 9251 MHz, 59, 156.47 W, 100 %, 0x0000000000000000
2026/10/03 19:12:07.433, P2, 1965 MHz, 9251 MHz, 59, 156.58 W, 100 %, 0x0000000000000000
2026/10/03 19:12:07.953, P2, 1965 MHz, 9251 MHz, 59, 155.39 W, 23 %, 0x0000000000000000
2026/10/03 19:12:08.474, P2, 1965 MHz, 9251 MHz, 59, 154.88 W, 23 %, 0x0000000000000000
2026/10/03 19:12:08.984, P2, 1965 MHz, 9251 MHz, 59, 163.62 W, 37 %, 0x0000000000000000
2026/10/03 19:12:09.505, P2, 1830 MHz, 9251 MHz, 59, 168.58 W, 38 %, 0x0000000000000001
2026/10/03 19:12:10.040, P2, 1965 MHz, 9251 MHz, 59, 162.28 W, 52 %, 0x0000000000000000
2026/10/03 19:12:10.550, P2, 1965 MHz, 9251 MHz, 60, 171.57 W, 50 %, 0x0000000000000000
2026/10/03 19:12:11.071, P2, 1965 MHz, 9251 MHz, 61, 196.42 W, 65 %, 0x0000000000000000
2026/10/03 19:12:11.591, P2, 1965 MHz, 9251 MHz, 61, 202.96 W, 65 %, 0x0000000000000000
2026/10/03 19:12:12.113, P2, 1965 MHz, 9251 MHz, 60, 199.90 W, 89 %, 0x0000000000000000
2026/10/03 19:12:12.637, P2, 1965 MHz, 9251 MHz, 61, 193.87 W, 89 %, 0x0000000000000000
2026/10/03 19:12:13.157, P2, 1965 MHz, 9251 MHz, 60, 186.78 W, 95 %, 0x0000000000000000
2026/10/03 19:12:13.678, P2, 1965 MHz, 9251 MHz, 60, 173.76 W, 97 %, 0x0000000000000000
2026/10/03 19:12:14.188, P2, 1965 MHz, 9251 MHz, 60, 169.92 W, 97 %, 0x0000000000000000
2026/10/03 19:12:14.709, P2, 1965 MHz, 9251 MHz, 59, 163.70 W, 22 %, 0x0000000000000000
2026/10/03 19:12:15.228, P2, 1965 MHz, 9251 MHz, 59, 157.60 W, 22 %, 0x0000000000000000
2026/10/03 19:12:15.738, P2, 1965 MHz, 9251 MHz, 60, 162.68 W, 35 %, 0x0000000000000000
2026/10/03 19:12:16.257, P2, 1770 MHz, 9251 MHz, 59, 167.56 W, 37 %, 0x0000000000000001
2026/10/03 19:12:16.791, P2, 1965 MHz, 9251 MHz, 60, 158.78 W, 49 %, 0x0000000000000000
2026/10/03 19:12:17.311, P2, 1965 MHz, 9251 MHz, 60, 170.68 W, 47 %, 0x0000000000000000
2026/10/03 19:12:17.833, P2, 1965 MHz, 9251 MHz, 61, 198.34 W, 62 %, 0x0000000000000000
2026/10/03 19:12:18.353, P2, 1965 MHz, 9251 MHz, 61, 206.30 W, 62 %, 0x0000000000000000
2026/10/03 19:12:18.875, P2, 1965 MHz, 9251 MHz, 62, 212.10 W, 83 %, 0x0000000000000000
2026/10/03 19:12:19.383, P2, 1965 MHz, 9251 MHz, 62, 214.92 W, 83 %, 0x0000000000000000
2026/10/03 19:12:19.901, P2, 1965 MHz, 9251 MHz, 61, 204.25 W, 95 %, 0x0000000000000000
2026/10/03 19:12:20.422, P2, 1965 MHz, 9251 MHz, 60, 182.77 W, 97 %, 0x0000000000000000
2026/10/03 19:12:20.932, P2, 1965 MHz, 9251 MHz, 60, 171.53 W, 97 %, 0x0000000000000000
2026/10/03 19:12:21.445, P2, 1965 MHz, 9251 MHz, 60, 169.92 W, 36 %, 0x0000000000000000
2026/10/03 19:12:21.960, P2, 1965 MHz, 9251 MHz, 60, 170.96 W, 36 %, 0x0000000000000000
2026/10/03 19:12:22.468, P2, 1965 MHz, 9251 MHz, 60, 166.87 W, 60 %, 0x0000000000000000
2026/10/03 19:12:22.987, P2, 1965 MHz, 9251 MHz, 60, 161.70 W, 60 %, 0x0000000000000000
2026/10/03 19:12:23.506, P2, 1965 MHz, 9251 MHz, 60, 158.26 W, 70 %, 0x0000000000000000
2026/10/03 19:12:24.032, P2, 1965 MHz, 9251 MHz, 59, 156.14 W, 74 %, 0x0000000000000000
2026/10/03 19:12:24.551, P2, 1965 MHz, 9251 MHz, 59, 154.28 W, 83 %, 0x0000000000000000
2026/10/03 19:12:25.069, P2, 1965 MHz, 9251 MHz, 59, 152.06 W, 84 %, 0x0000000000000000
2026/10/03 19:12:25.577, P2, 1965 MHz, 9251 MHz, 59, 150.55 W, 70 %, 0x0000000000000000
2026/10/03 19:12:26.099, P2, 1965 MHz, 9251 MHz, 59, 148.90 W, 92 %, 0x0000000000000000
2026/10/03 19:12:26.619, P2, 1965 MHz, 9251 MHz, 59, 148.37 W, 92 %, 0x0000000000000000
2026/10/03 19:12:27.140, P2, 1965 MHz, 9251 MHz, 59, 147.27 W, 96 %, 0x0000000000000000
2026/10/03 19:12:27.648, P2, 1965 MHz, 9251 MHz, 59, 146.42 W, 96 %, 0x0000000000000000
2026/10/03 19:12:28.167, P2, 1965 MHz, 9251 MHz, 61, 165.52 W, 83 %, 0x0000000000000000
2026/10/03 19:12:28.688, P2, 1965 MHz, 9251 MHz, 63, 242.07 W, 97 %, 0x0000000000000000
2026/10/03 19:12:29.210, P2, 1965 MHz, 9251 MHz, 64, 317.04 W, 98 %, 0x0000000000000000
2026/10/03 19:12:29.729, P2, 1965 MHz, 9251 MHz, 64, 320.32 W, 97 %, 0x0000000000000000
2026/10/03 19:12:30.250, P2, 1965 MHz, 9251 MHz, 64, 313.93 W, 79 %, 0x0000000000000000
2026/10/03 19:12:30.758, P2, 1965 MHz, 9251 MHz, 64, 312.29 W, 97 %, 0x0000000000000000
2026/10/03 19:12:31.279, P2, 1965 MHz, 9251 MHz, 65, 320.59 W, 98 %, 0x0000000000000000
2026/10/03 19:12:31.797, P2, 1965 MHz, 9251 MHz, 65, 322.34 W, 97 %, 0x0000000000000000
2026/10/03 19:12:32.321, P2, 1965 MHz, 9251 MHz, 65, 315.50 W, 95 %, 0x0000000000000000
2026/10/03 19:12:32.845, P2, 1965 MHz, 9251 MHz, 65, 315.18 W, 98 %, 0x0000000000000000
2026/10/03 19:12:33.361, P2, 1965 MHz, 9251 MHz, 66, 322.63 W, 98 %, 0x0000000000000000
2026/10/03 19:12:33.880, P2, 1965 MHz, 9251 MHz, 65, 323.49 W, 97 %, 0x0000000000000000
2026/10/03 19:12:34.406, P2, 1965 MHz, 9251 MHz, 66, 313.58 W, 95 %, 0x0000000000000000
2026/10/03 19:12:34.925, P2, 1965 MHz, 9251 MHz, 66, 313.77 W, 97 %, 0x0000000000000000
2026/10/03 19:12:35.446, P2, 1965 MHz, 9251 MHz, 66, 323.83 W, 98 %, 0x0000000000000000
2026/10/03 19:12:35.968, P2, 1965 MHz, 9251 MHz, 66, 319.31 W, 86 %, 0x0000000000000000
2026/10/03 19:12:36.487, P2, 1965 MHz, 9251 MHz, 67, 317.58 W, 97 %, 0x0000000000000000
2026/10/03 19:12:37.007, P2, 1950 MHz, 9251 MHz, 67, 321.09 W, 97 %, 0x0000000000000000
2026/10/03 19:12:37.517, P2, 1950 MHz, 9251 MHz, 67, 324.01 W, 97 %, 0x0000000000000000
2026/10/03 19:12:38.037, P2, 1950 MHz, 9251 MHz, 67, 317.37 W, 83 %, 0x0000000000000000
2026/10/03 19:12:38.557, P2, 1950 MHz, 9251 MHz, 67, 315.63 W, 97 %, 0x0000000000000000
2026/10/03 19:12:39.080, P2, 1950 MHz, 9251 MHz, 67, 322.07 W, 98 %, 0x0000000000000000
2026/10/03 19:12:39.604, P2, 1950 MHz, 9251 MHz, 67, 324.26 W, 97 %, 0x0000000000000000
2026/10/03 19:12:40.125, P2, 1950 MHz, 9251 MHz, 63, 271.02 W, 0 %, 0x0000000000000000
2026/10/03 19:12:40.646, P2, 1950 MHz, 9251 MHz, 62, 184.67 W, 0 %, 0x0000000000000000
2026/10/03 19:12:41.154, P2, 1950 MHz, 9251 MHz, 62, 134.22 W, 0 %, 0x0000000000000000
2026/10/03 19:12:41.673, P2, 405 MHz, 9251 MHz, 62, 134.00 W, 0 %, 0x0000000000000001
2026/10/03 19:12:42.210, P2, 330 MHz, 9251 MHz, 60, 116.67 W, 0 %, 0x0000000000000001
2026/10/03 19:12:42.733, P5, 255 MHz, 810 MHz, 60, 82.45 W, 0 %, 0x0000000000000001
2026/10/03 19:12:43.268, P5, 210 MHz, 810 MHz, 59, 52.65 W, 0 %, 0x0000000000000001
2026/10/03 19:12:43.810, P5, 210 MHz, 810 MHz, 59, 46.99 W, 0 %, 0x0000000000000001
2026/10/03 19:12:44.338, P8, 210 MHz, 405 MHz, 58, 46.12 W, 0 %, 0x0000000000000001
2026/10/03 19:12:44.874, P8, 210 MHz, 405 MHz, 58, 45.81 W, 1 %, 0x0000000000000001
2026/10/03 19:12:45.409, P8, 210 MHz, 405 MHz, 58, 45.56 W, 0 %, 0x0000000000000001
2026/10/03 19:12:45.946, P8, 210 MHz, 405 MHz, 58, 45.53 W, 0 %, 0x0000000000000001
2026/10/03 19:12:46.487, P8, 210 MHz, 405 MHz, 58, 45.51 W, 1 %, 0x0000000000000001
2026/10/03 19:12:47.025, P8, 210 MHz, 405 MHz, 57, 45.45 W, 0 %, 0x0000000000000001
2026/10/03 19:12:47.559, P8, 210 MHz, 405 MHz, 57, 45.36 W, 0 %, 0x0000000000000001
2026/10/03 19:12:48.096, P8, 210 MHz, 405 MHz, 57, 45.28 W, 1 %, 0x0000000000000001
2026/10/03 19:12:48.638, P8, 210 MHz, 405 MHz, 57, 45.25 W, 1 %, 0x0000000000000001
2026/10/03 19:12:49.173, P8, 210 MHz, 405 MHz, 57, 45.24 W, 0 %, 0x0000000000000001
2026/10/03 19:12:49.709, P8, 210 MHz, 405 MHz, 57, 45.20 W, 1 %, 0x0000000000000001
2026/10/03 19:12:50.247, P8, 210 MHz, 405 MHz, 57, 45.21 W, 1 %, 0x0000000000000001
2026/10/03 19:12:50.783, P8, 210 MHz, 405 MHz, 56, 45.11 W, 0 %, 0x0000000000000001
2026/10/03 19:12:51.319, P8, 210 MHz, 405 MHz, 56, 44.97 W, 1 %, 0x0000000000000001
2026/10/03 19:12:51.854, P8, 210 MHz, 405 MHz, 56, 44.99 W, 1 %, 0x0000000000000001
2026/10/03 19:12:52.396, P8, 210 MHz, 405 MHz, 56, 44.98 W, 0 %, 0x0000000000000001
2026/10/03 19:12:52.927, P8, 210 MHz, 405 MHz, 56, 44.92 W, 1 %, 0x0000000000000001
2026/10/03 19:12:53.461, P8, 210 MHz, 405 MHz, 56, 44.91 W, 1 %, 0x0000000000000001
2026/10/03 19:12:53.999, P8, 210 MHz, 405 MHz, 55, 44.90 W, 0 %, 0x0000000000000001
2026/10/03 19:12:54.537, P8, 210 MHz, 405 MHz, 55, 44.83 W, 1 %, 0x0000000000000001
2026/10/03 19:12:55.073, P8, 210 MHz, 405 MHz, 55, 44.75 W, 1 %, 0x0000000000000001
2026/10/03 19:12:55.608, P8, 210 MHz, 405 MHz, 55, 44.74 W, 0 %, 0x0000000000000001
2026/10/03 19:12:56.146, P8, 210 MHz, 405 MHz, 55, 44.66 W, 1 %, 0x0000000000000001
2026/10/03 19:12:56.683, P8, 210 MHz, 405 MHz, 55, 44.62 W, 1 %, 0x0000000000000001
2026/10/03 19:12:57.217, P8, 210 MHz, 405 MHz, 55, 44.65 W, 0 %, 0x0000000000000001
2026/10/03 19:12:57.753, P8, 210 MHz, 405 MHz, 55, 44.58 W, 1 %, 0x0000000000000001
2026/10/03 19:12:58.293, P8, 210 MHz, 405 MHz, 55, 44.53 W, 1 %, 0x0000000000000001
2026/10/03 19:12:58.827, P8, 210 MHz, 405 MHz, 54, 44.56 W, 1 %, 0x0000000000000001
2026/10/03 19:12:59.365, P8, 210 MHz, 405 MHz, 54, 44.56 W, 1 %, 0x0000000000000001
2026/10/03 19:12:59.899, P8, 210 MHz, 405 MHz, 54, 44.57 W, 1 %, 0x0000000000000001
2026/10/03 19:13:00.434, P8, 210 MHz, 405 MHz, 54, 44.65 W, 1 %, 0x0000000000000001
2026/10/03 19:13:00.976, P8, 210 MHz, 405 MHz, 54, 44.68 W, 1 %, 0x0000000000000001
2026/10/03 19:13:01.513, P8, 210 MHz, 405 MHz, 54, 44.65 W, 1 %, 0x0000000000000001
2026/10/03 19:13:02.049, P8, 210 MHz, 405 MHz, 54, 44.60 W, 0 %, 0x0000000000000001
2026/10/03 19:13:02.589, P8, 210 MHz, 405 MHz, 54, 44.59 W, 1 %, 0x0000000000000001
2026/10/03 19:13:03.121, P8, 210 MHz, 405 MHz, 54, 44.57 W, 1 %, 0x0000000000000001
2026/10/03 19:13:03.657, P8, 210 MHz, 405 MHz, 54, 44.46 W, 0 %, 0x0000000000000001
2026/10/03 19:13:04.194, P8, 210 MHz, 405 MHz, 53, 44.40 W, 1 %, 0x0000000000000001
2026/10/03 19:13:04.732, P8, 210 MHz, 405 MHz, 53, 44.36 W, 0 %, 0x0000000000000001
2026/10/03 19:13:05.267, P8, 210 MHz, 405 MHz, 53, 44.33 W, 0 %, 0x0000000000000001
2026/10/03 19:13:05.800, P8, 210 MHz, 405 MHz, 53, 44.35 W, 1 %, 0x0000000000000001
2026/10/03 19:13:06.337, P8, 210 MHz, 405 MHz, 53, 44.36 W, 1 %, 0x0000000000000001
2026/10/03 19:13:06.870, P8, 210 MHz, 405 MHz, 53, 44.31 W, 0 %, 0x0000000000000001
2026/10/03 19:13:07.403, P8, 210 MHz, 405 MHz, 53, 44.28 W, 1 %, 0x0000000000000001
2026/10/03 19:13:07.938, P8, 210 MHz, 405 MHz, 53, 44.28 W, 0 %, 0x0000000000000001
2026/10/03 19:13:08.480, P8, 210 MHz, 405 MHz, 53, 44.24 W, 0 %, 0x0000000000000001
2026/10/03 19:13:09.017, P8, 210 MHz, 405 MHz, 53, 44.15 W, 1 %, 0x0000000000000001
2026/10/03 19:13:09.553, P8, 210 MHz, 405 MHz, 52, 44.16 W, 0 %, 0x0000000000000001
2026/10/03 19:13:10.093, P8, 210 MHz, 405 MHz, 52, 44.28 W, 0 %, 0x0000000000000001
2026/10/03 19:13:10.633, P8, 210 MHz, 405 MHz, 52, 44.21 W, 1 %, 0x0000000000000001
2026/10/03 19:13:11.167, P8, 210 MHz, 405 MHz, 52, 44.13 W, 0 %, 0x0000000000000001
2026/10/03 19:13:11.704, P8, 210 MHz, 405 MHz, 52, 44.15 W, 0 %, 0x0000000000000001
2026/10/03 19:13:12.244, P8, 210 MHz, 405 MHz, 52, 44.17 W, 0 %, 0x0000000000000001
2026/10/03 19:13:12.781, P8, 210 MHz, 405 MHz, 52, 44.10 W, 0 %, 0x0000000000000001
2026/10/03 19:13:13.316, P8, 210 MHz, 405 MHz, 52, 44.13 W, 0 %, 0x0000000000000001
2026/10/03 19:13:13.850, P8, 210 MHz, 405 MHz, 52, 44.10 W, 0 %, 0x0000000000000001
2026/10/03 19:13:14.379, P8, 210 MHz, 405 MHz, 52, 44.00 W, 0 %, 0x0000000000000001
2026/10/03 19:13:14.916, P8, 210 MHz, 405 MHz, 52, 43.94 W, 0 %, 0x0000000000000001
2026/10/03 19:13:15.451, P8, 210 MHz, 405 MHz, 52, 43.89 W, 0 %, 0x0000000000000001
2026/10/03 19:13:15.987, P8, 210 MHz, 405 MHz, 51, 43.89 W, 0 %, 0x0000000000000001
2026/10/03 19:13:16.524, P8, 210 MHz, 405 MHz, 51, 43.96 W, 0 %, 0x0000000000000001
2026/10/03 19:13:17.058, P8, 210 MHz, 405 MHz, 51, 43.97 W, 0 %, 0x0000000000000001
2026/10/03 19:13:17.593, P8, 210 MHz, 405 MHz, 51, 44.04 W, 0 %, 0x0000000000000001
2026/10/03 19:13:18.129, P8, 210 MHz, 405 MHz, 51, 44.10 W, 0 %, 0x0000000000000001
2026/10/03 19:13:18.670, P8, 210 MHz, 405 MHz, 51, 44.01 W, 0 %, 0x0000000000000001
2026/10/03 19:13:19.209, P8, 210 MHz, 405 MHz, 51, 43.97 W, 2 %, 0x0000000000000001
2026/10/03 19:13:19.761, P8, 210 MHz, 405 MHz, 51, 43.98 W, 3 %, 0x0000000000000001
2026/10/03 19:13:20.298, P8, 210 MHz, 405 MHz, 51, 43.94 W, 0 %, 0x0000000000000001
2026/10/03 19:13:20.838, P8, 210 MHz, 405 MHz, 51, 43.80 W, 0 %, 0x0000000000000001
2026/10/03 19:13:21.371, P8, 210 MHz, 405 MHz, 51, 43.75 W, 0 %, 0x0000000000000001
2026/10/03 19:13:21.907, P8, 210 MHz, 405 MHz, 51, 43.76 W, 0 %, 0x0000000000000001
2026/10/03 19:13:22.446, P8, 210 MHz, 405 MHz, 51, 43.77 W, 0 %, 0x0000000000000001
2026/10/03 19:13:22.985, P8, 210 MHz, 405 MHz, 51, 43.80 W, 0 %, 0x0000000000000001
2026/10/03 19:13:23.521, P8, 210 MHz, 405 MHz, 51, 43.75 W, 0 %, 0x0000000000000001
2026/10/03 19:13:24.058, P8, 210 MHz, 405 MHz, 51, 43.70 W, 0 %, 0x0000000000000001
2026/10/03 19:13:24.599, P8, 210 MHz, 405 MHz, 51, 43.67 W, 0 %, 0x0000000000000001
2026/10/03 19:13:25.147, P8, 210 MHz, 405 MHz, 51, 43.67 W, 0 %, 0x0000000000000001
2026/10/03 19:13:25.683, P8, 210 MHz, 405 MHz, 51, 43.64 W, 0 %, 0x0000000000000001
2026/10/03 19:13:26.219, P8, 210 MHz, 405 MHz, 51, 43.59 W, 0 %, 0x0000000000000001
2026/10/03 19:13:26.760, P8, 210 MHz, 405 MHz, 51, 43.59 W, 0 %, 0x0000000000000001
2026/10/03 19:13:27.291, P8, 210 MHz, 405 MHz, 51, 43.62 W, 0 %, 0x0000000000000001
2026/10/03 19:13:27.828, P8, 210 MHz, 405 MHz, 51, 43.62 W, 1 %, 0x0000000000000001
2026/10/03 19:13:28.367, P8, 210 MHz, 405 MHz, 51, 43.58 W, 0 %, 0x0000000000000001
2026/10/03 19:13:28.905, P8, 210 MHz, 405 MHz, 51, 43.67 W, 0 %, 0x0000000000000001
2026/10/03 19:13:29.439, P8, 210 MHz, 405 MHz, 51, 43.71 W, 1 %, 0x0000000000000001
2026/10/03 19:13:29.975, P8, 210 MHz, 405 MHz, 51, 43.62 W, 0 %, 0x0000000000000001
2026/10/03 19:13:30.516, P8, 210 MHz, 405 MHz, 51, 43.55 W, 1 %, 0x0000000000000001
2026/10/03 19:13:31.053, P8, 210 MHz, 405 MHz, 51, 43.56 W, 1 %, 0x0000000000000001
2026/10/03 19:13:31.589, P8, 210 MHz, 405 MHz, 51, 43.52 W, 0 %, 0x0000000000000001
2026/10/03 19:13:32.130, P8, 210 MHz, 405 MHz, 51, 43.32 W, 1 %, 0x0000000000000001
2026/10/03 19:13:32.667, P8, 210 MHz, 405 MHz, 51, 43.32 W, 1 %, 0x0000000000000001
2026/10/03 19:13:33.199, P8, 210 MHz, 405 MHz, 51, 43.52 W, 0 %, 0x0000000000000001
2026/10/03 19:13:33.734, P8, 210 MHz, 405 MHz, 51, 43.59 W, 1 %, 0x0000000000000001
2026/10/03 19:13:34.276, P8, 210 MHz, 405 MHz, 51, 43.57 W, 1 %, 0x0000000000000001
2026/10/03 19:13:34.809, P8, 210 MHz, 405 MHz, 51, 43.54 W, 0 %, 0x0000000000000001
2026/10/03 19:13:35.341, P8, 210 MHz, 405 MHz, 51, 43.50 W, 0 %, 0x0000000000000001
2026/10/03 19:13:35.881, P8, 210 MHz, 405 MHz, 51, 43.56 W, 1 %, 0x0000000000000001
2026/10/03 19:13:36.414, P8, 210 MHz, 405 MHz, 51, 43.62 W, 0 %, 0x0000000000000001
2026/10/03 19:13:36.956, P8, 210 MHz, 405 MHz, 51, 43.65 W, 1 %, 0x0000000000000001
2026/10/03 19:13:37.493, P8, 210 MHz, 405 MHz, 51, 43.71 W, 1 %, 0x0000000000000001
2026/10/03 19:13:38.025, P8, 210 MHz, 405 MHz, 51, 43.77 W, 0 %, 0x0000000000000001
2026/10/03 19:13:38.563, P8, 210 MHz, 405 MHz, 51, 43.68 W, 1 %, 0x0000000000000001
2026/10/03 19:13:39.104, P8, 210 MHz, 405 MHz, 51, 43.70 W, 1 %, 0x0000000000000001
2026/10/03 19:13:39.641, P8, 210 MHz, 405 MHz, 51, 43.78 W, 0 %, 0x0000000000000001
2026/10/03 19:13:40.176, P8, 210 MHz, 405 MHz, 51, 43.73 W, 1 %, 0x0000000000000001
2026/10/03 19:13:40.714, P8, 210 MHz, 405 MHz, 51, 43.78 W, 1 %, 0x0000000000000001
2026/10/03 19:13:41.247, P8, 210 MHz, 405 MHz, 51, 43.81 W, 0 %, 0x0000000000000001
2026/10/03 19:13:41.781, P8, 210 MHz, 405 MHz, 51, 43.82 W, 1 %, 0x0000000000000001
2026/10/03 19:13:42.318, P8, 210 MHz, 405 MHz, 51, 43.79 W, 1 %, 0x0000000000000001
2026/10/03 19:13:42.858, P8, 210 MHz, 405 MHz, 51, 43.72 W, 0 %, 0x0000000000000001
2026/10/03 19:13:43.393, P8, 210 MHz, 405 MHz, 51, 43.70 W, 1 %, 0x0000000000000001
2026/10/03 19:13:43.928, P8, 210 MHz, 405 MHz, 51, 43.73 W, 1 %, 0x0000000000000001
2026/10/03 19:13:44.468, P8, 210 MHz, 405 MHz, 51, 43.76 W, 0 %, 0x0000000000000001
2026/10/03 19:13:45.005, P8, 210 MHz, 405 MHz, 51, 43.67 W, 1 %, 0x0000000000000001
2026/10/03 19:13:45.539, P8, 210 MHz, 405 MHz, 51, 43.70 W, 1 %, 0x0000000000000001
2026/10/03 19:13:46.076, P8, 210 MHz, 405 MHz, 51, 43.68 W, 0 %, 0x0000000000000001
2026/10/03 19:13:46.616, P8, 210 MHz, 405 MHz, 52, 43.65 W, 1 %, 0x0000000000000001
2026/10/03 19:13:47.151, P8, 210 MHz, 405 MHz, 51, 43.77 W, 1 %, 0x0000000000000001
2026/10/03 19:13:47.687, P8, 210 MHz, 405 MHz, 51, 43.76 W, 0 %, 0x0000000000000001
2026/10/03 19:13:48.226, P8, 210 MHz, 405 MHz, 51, 43.70 W, 0 %, 0x0000000000000001
2026/10/03 19:13:48.765, P8, 210 MHz, 405 MHz, 51, 43.72 W, 1 %, 0x0000000000000001
2026/10/03 19:13:49.295, P8, 210 MHz, 405 MHz, 51, 43.68 W, 0 %, 0x0000000000000001
2026/10/03 19:13:49.830, P8, 210 MHz, 405 MHz, 52, 43.65 W, 0 %, 0x0000000000000001
2026/10/03 19:13:50.372, P8, 210 MHz, 405 MHz, 52, 43.76 W, 0 %, 0x0000000000000001
2026/10/03 19:13:50.909, P8, 210 MHz, 405 MHz, 52, 43.83 W, 0 %, 0x0000000000000001
2026/10/03 19:13:51.441, P8, 210 MHz, 405 MHz, 52, 43.79 W, 0 %, 0x0000000000000001
2026/10/03 19:13:51.979, P8, 210 MHz, 405 MHz, 52, 43.75 W, 0 %, 0x0000000000000001
2026/10/03 19:13:52.517, P8, 210 MHz, 405 MHz, 52, 43.69 W, 0 %, 0x0000000000000001
2026/10/03 19:13:53.051, P8, 210 MHz, 405 MHz, 52, 43.58 W, 0 %, 0x0000000000000001
2026/10/03 19:13:53.588, P8, 210 MHz, 405 MHz, 52, 43.56 W, 0 %, 0x0000000000000001
2026/10/03 19:13:54.128, P8, 210 MHz, 405 MHz, 52, 43.66 W, 0 %, 0x0000000000000001
2026/10/03 19:13:54.665, P8, 210 MHz, 405 MHz, 52, 43.65 W, 0 %, 0x0000000000000001
2026/10/03 19:13:55.199, P8, 210 MHz, 405 MHz, 52, 43.62 W, 0 %, 0x0000000000000001
2026/10/03 19:13:55.737, P8, 210 MHz, 405 MHz, 52, 43.58 W, 0 %, 0x0000000000000001
2026/10/03 19:13:56.276, P8, 210 MHz, 405 MHz, 52, 43.53 W, 0 %, 0x0000000000000001
2026/10/03 19:13:56.807, P8, 210 MHz, 405 MHz, 52, 43.61 W, 0 %, 0x0000000000000001
2026/10/03 19:13:57.340, P8, 210 MHz, 405 MHz, 52, 43.80 W, 0 %, 0x0000000000000001
2026/10/03 19:13:57.880, P8, 210 MHz, 405 MHz, 52, 43.86 W, 0 %, 0x0000000000000001
2026/10/03 19:13:58.415, P8, 210 MHz, 405 MHz, 52, 43.94 W, 0 %, 0x0000000000000001
2026/10/03 19:13:58.952, P8, 210 MHz, 405 MHz, 52, 43.87 W, 0 %, 0x0000000000000001
2026/10/03 19:13:59.483, P8, 210 MHz, 405 MHz, 52, 43.79 W, 0 %, 0x0000000000000001
2026/10/03 19:14:00.022, P8, 210 MHz, 405 MHz, 52, 43.83 W, 0 %, 0x0000000000000001
2026/10/03 19:14:00.557, P8, 210 MHz, 405 MHz, 52, 43.81 W, 0 %, 0x0000000000000001
2026/10/03 19:14:01.094, P8, 210 MHz, 405 MHz, 52, 43.79 W, 0 %, 0x0000000000000001
2026/10/03 19:14:01.636, P8, 210 MHz, 405 MHz, 52, 43.92 W, 0 %, 0x0000000000000001
2026/10/03 19:14:02.173, P8, 210 MHz, 405 MHz, 52, 43.93 W, 2 %, 0x0000000000000001
2026/10/03 19:14:02.707, P8, 210 MHz, 405 MHz, 52, 43.89 W, 0 %, 0x0000000000000001
2026/10/03 19:14:03.245, P8, 210 MHz, 405 MHz, 52, 43.83 W, 0 %, 0x0000000000000001
2026/10/03 19:14:03.784, P8, 210 MHz, 405 MHz, 52, 43.77 W, 0 %, 0x0000000000000001
2026/10/03 19:14:04.317, P8, 210 MHz, 405 MHz, 52, 43.77 W, 0 %, 0x0000000000000001
2026/10/03 19:14:04.848, P8, 210 MHz, 405 MHz, 52, 43.79 W, 0 %, 0x0000000000000001
2026/10/03 19:14:05.387, P8, 210 MHz, 405 MHz, 52, 43.78 W, 0 %, 0x0000000000000001
2026/10/03 19:14:05.925, P8, 210 MHz, 405 MHz, 52, 43.83 W, 0 %, 0x0000000000000001
2026/10/03 19:14:06.457, P8, 210 MHz, 405 MHz, 52, 43.88 W, 0 %, 0x0000000000000001
2026/10/03 19:14:06.993, P8, 210 MHz, 405 MHz, 52, 43.90 W, 0 %, 0x0000000000000001
2026/10/03 19:14:07.532, P8, 210 MHz, 405 MHz, 52, 43.92 W, 0 %, 0x0000000000000001
2026/10/03 19:14:08.069, P8, 210 MHz, 405 MHz, 52, 43.90 W, 0 %, 0x0000000000000001
2026/10/03 19:14:08.606, P8, 210 MHz, 405 MHz, 52, 43.85 W, 0 %, 0x0000000000000001
2026/10/03 19:14:09.145, P8, 210 MHz, 405 MHz, 52, 43.88 W, 0 %, 0x0000000000000001
2026/10/03 19:14:09.682, P8, 210 MHz, 405 MHz, 52, 43.90 W, 0 %, 0x0000000000000001
2026/10/03 19:14:10.222, P8, 210 MHz, 405 MHz, 52, 43.81 W, 1 %, 0x0000000000000001
2026/10/03 19:14:10.757, P8, 210 MHz, 405 MHz, 52, 43.72 W, 0 %, 0x0000000000000001
2026/10/03 19:14:11.293, P8, 210 MHz, 405 MHz, 52, 43.67 W, 0 %, 0x0000000000000001
2026/10/03 19:14:11.828, P8, 210 MHz, 405 MHz, 52, 43.63 W, 1 %, 0x0000000000000001
2026/10/03 19:14:12.366, P8, 210 MHz, 405 MHz, 52, 43.76 W, 0 %, 0x0000000000000001
2026/10/03 19:14:12.901, P8, 210 MHz, 405 MHz, 52, 43.76 W, 1 %, 0x0000000000000001
2026/10/03 19:14:13.436, P8, 210 MHz, 405 MHz, 52, 43.63 W, 1 %, 0x0000000000000001
2026/10/03 19:14:13.974, P8, 210 MHz, 405 MHz, 52, 43.77 W, 0 %, 0x0000000000000001
2026/10/03 19:14:14.511, P8, 210 MHz, 405 MHz, 52, 43.96 W, 1 %, 0x0000000000000001
2026/10/03 19:14:15.045, P8, 210 MHz, 405 MHz, 52, 43.93 W, 1 %, 0x0000000000000001
2026/10/03 19:14:15.583, P8, 210 MHz, 405 MHz, 52, 43.88 W, 0 %, 0x0000000000000001
2026/10/03 19:14:16.122, P8, 210 MHz, 405 MHz, 52, 43.91 W, 1 %, 0x0000000000000001
2026/10/03 19:14:16.657, P8, 210 MHz, 405 MHz, 52, 43.91 W, 1 %, 0x0000000000000001
2026/10/03 19:14:17.194, P8, 210 MHz, 405 MHz, 52, 43.94 W, 0 %, 0x0000000000000001
2026/10/03 19:14:17.733, P8, 210 MHz, 405 MHz, 52, 43.85 W, 1 %, 0x0000000000000001
2026/10/03 19:14:18.269, P8, 210 MHz, 405 MHz, 52, 43.84 W, 1 %, 0x0000000000000001
2026/10/03 19:14:18.803, P8, 210 MHz, 405 MHz, 52, 43.94 W, 0 %, 0x0000000000000001
2026/10/03 19:14:19.340, P8, 210 MHz, 405 MHz, 52, 43.90 W, 1 %, 0x0000000000000001
2026/10/03 19:14:19.880, P8, 210 MHz, 405 MHz, 52, 43.79 W, 1 %, 0x0000000000000001
2026/10/03 19:14:20.417, P8, 210 MHz, 405 MHz, 52, 43.83 W, 1 %, 0x0000000000000001
2026/10/03 19:14:20.952, P8, 210 MHz, 405 MHz, 52, 43.86 W, 1 %, 0x0000000000000001
2026/10/03 19:14:21.490, P8, 210 MHz, 405 MHz, 52, 43.84 W, 1 %, 0x0000000000000001
2026/10/03 19:14:22.029, P8, 210 MHz, 405 MHz, 52, 43.89 W, 2 %, 0x0000000000000001
2026/10/03 19:14:22.577, P8, 210 MHz, 405 MHz, 52, 43.99 W, 3 %, 0x0000000000000001
2026/10/03 19:14:23.126, P8, 210 MHz, 405 MHz, 52, 44.13 W, 1 %, 0x0000000000000001
2026/10/03 19:14:23.668, P8, 210 MHz, 405 MHz, 52, 44.08 W, 1 %, 0x0000000000000001
2026/10/03 19:14:24.201, P8, 210 MHz, 405 MHz, 52, 43.99 W, 1 %, 0x0000000000000001
2026/10/03 19:14:24.735, P8, 210 MHz, 405 MHz, 52, 44.11 W, 1 %, 0x0000000000000001
2026/10/03 19:14:25.272, P8, 210 MHz, 405 MHz, 52, 44.18 W, 0 %, 0x0000000000000001
2026/10/03 19:14:25.810, P8, 210 MHz, 405 MHz, 52, 44.04 W, 1 %, 0x0000000000000001
2026/10/03 19:14:26.345, P8, 210 MHz, 405 MHz, 52, 43.99 W, 1 %, 0x0000000000000001
2026/10/03 19:14:26.881, P8, 210 MHz, 405 MHz, 52, 43.98 W, 0 %, 0x0000000000000001
2026/10/03 19:14:27.417, P8, 210 MHz, 405 MHz, 52, 44.03 W, 0 %, 0x0000000000000001
2026/10/03 19:14:27.952, P8, 210 MHz, 405 MHz, 52, 44.10 W, 1 %, 0x0000000000000001
2026/10/03 19:14:28.488, P8, 210 MHz, 405 MHz, 52, 44.11 W, 0 %, 0x0000000000000001
2026/10/03 19:14:29.025, P8, 210 MHz, 405 MHz, 53, 44.06 W, 2 %, 0x0000000000000001
2026/10/03 19:14:29.558, P8, 210 MHz, 405 MHz, 52, 43.91 W, 0 %, 0x0000000000000001
2026/10/03 19:14:30.098, P8, 210 MHz, 405 MHz, 52, 43.77 W, 0 %, 0x0000000000000001
2026/10/03 19:14:30.635, P8, 210 MHz, 405 MHz, 52, 43.80 W, 0 %, 0x0000000000000001
2026/10/03 19:14:31.171, P8, 210 MHz, 405 MHz, 52, 43.97 W, 1 %, 0x0000000000000001
2026/10/03 19:14:31.705, P8, 210 MHz, 405 MHz, 52, 44.15 W, 0 %, 0x0000000000000001
2026/10/03 19:14:32.244, P8, 210 MHz, 405 MHz, 52, 44.09 W, 0 %, 0x0000000000000001
2026/10/03 19:14:32.781, P8, 210 MHz, 405 MHz, 53, 44.01 W, 1 %, 0x0000000000000001
2026/10/03 19:14:33.317, P8, 210 MHz, 405 MHz, 53, 44.05 W, 0 %, 0x0000000000000001
2026/10/03 19:14:33.857, P8, 210 MHz, 405 MHz, 53, 44.02 W, 0 %, 0x0000000000000001
2026/10/03 19:14:34.397, P8, 210 MHz, 405 MHz, 52, 43.96 W, 1 %, 0x0000000000000001
2026/10/03 19:14:34.933, P8, 210 MHz, 405 MHz, 53, 44.02 W, 0 %, 0x0000000000000001
2026/10/03 19:14:35.470, P8, 210 MHz, 405 MHz, 53, 44.03 W, 0 %, 0x0000000000000001
2026/10/03 19:14:36.012, P8, 210 MHz, 405 MHz, 53, 43.97 W, 0 %, 0x0000000000000001
2026/10/03 19:14:36.549, P8, 210 MHz, 405 MHz, 53, 44.03 W, 0 %, 0x0000000000000001
2026/10/03 19:14:37.083, P8, 210 MHz, 405 MHz, 53, 43.98 W, 0 %, 0x0000000000000001
2026/10/03 19:14:37.618, P8, 210 MHz, 405 MHz, 53, 43.97 W, 0 %, 0x0000000000000001
2026/10/03 19:14:38.157, P8, 210 MHz, 405 MHz, 53, 44.12 W, 0 %, 0x0000000000000001
2026/10/03 19:14:38.691, P8, 210 MHz, 405 MHz, 53, 44.14 W, 0 %, 0x0000000000000001
2026/10/03 19:14:39.226, P8, 210 MHz, 405 MHz, 53, 44.03 W, 0 %, 0x0000000000000001
2026/10/03 19:14:39.768, P8, 210 MHz, 405 MHz, 53, 44.00 W, 0 %, 0x0000000000000001
2026/10/03 19:14:40.303, P8, 210 MHz, 405 MHz, 53, 44.03 W, 0 %, 0x0000000000000001
2026/10/03 19:14:40.837, P8, 210 MHz, 405 MHz, 53, 43.96 W, 0 %, 0x0000000000000001
2026/10/03 19:14:41.376, P8, 210 MHz, 405 MHz, 53, 43.95 W, 0 %, 0x0000000000000001
2026/10/03 19:14:41.914, P8, 210 MHz, 405 MHz, 53, 44.01 W, 0 %, 0x0000000000000001
2026/10/03 19:14:42.449, P8, 210 MHz, 405 MHz, 53, 44.03 W, 0 %, 0x0000000000000001
2026/10/03 19:14:42.982, P8, 210 MHz, 405 MHz, 53, 44.10 W, 0 %, 0x0000000000000001
2026/10/03 19:14:43.524, P8, 210 MHz, 405 MHz, 53, 44.10 W, 0 %, 0x0000000000000001
2026/10/03 19:14:44.057, P8, 210 MHz, 405 MHz, 53, 44.07 W, 0 %, 0x0000000000000001
2026/10/03 19:14:44.589, P8, 210 MHz, 405 MHz, 53, 44.12 W, 0 %, 0x0000000000000001
2026/10/03 19:14:45.125, P8, 210 MHz, 405 MHz, 53, 44.13 W, 0 %, 0x0000000000000001
2026/10/03 19:14:45.662, P8, 210 MHz, 405 MHz, 53, 44.04 W, 0 %, 0x0000000000000001
2026/10/03 19:14:46.199, P8, 210 MHz, 405 MHz, 53, 44.03 W, 0 %, 0x0000000000000001
2026/10/03 19:14:46.730, P8, 210 MHz, 405 MHz, 53, 43.92 W, 0 %, 0x0000000000000001
2026/10/03 19:14:47.272, P8, 210 MHz, 405 MHz, 53, 43.87 W, 0 %, 0x0000000000000001
2026/10/03 19:14:47.821, P8, 210 MHz, 405 MHz, 53, 43.92 W, 1 %, 0x0000000000000001
2026/10/03 19:14:48.357, P8, 210 MHz, 405 MHz, 53, 43.93 W, 0 %, 0x0000000000000001
2026/10/03 19:14:48.894, P8, 210 MHz, 405 MHz, 53, 43.97 W, 0 %, 0x0000000000000001
2026/10/03 19:14:49.434, P8, 210 MHz, 405 MHz, 53, 43.98 W, 1 %, 0x0000000000000001
2026/10/03 19:14:49.967, P8, 210 MHz, 405 MHz, 53, 43.90 W, 0 %, 0x0000000000000001
2026/10/03 19:14:50.499, P8, 210 MHz, 405 MHz, 53, 43.98 W, 0 %, 0x0000000000000001
2026/10/03 19:14:51.033, P8, 210 MHz, 405 MHz, 53, 44.12 W, 1 %, 0x0000000000000001
2026/10/03 19:14:51.568, P8, 210 MHz, 405 MHz, 53, 44.04 W, 0 %, 0x0000000000000001
2026/10/03 19:14:52.108, P8, 210 MHz, 405 MHz, 53, 44.00 W, 0 %, 0x0000000000000001
2026/10/03 19:14:52.642, P8, 210 MHz, 405 MHz, 53, 44.02 W, 1 %, 0x0000000000000001
2026/10/03 19:14:53.172, P8, 210 MHz, 405 MHz, 53, 43.93 W, 0 %, 0x0000000000000001
2026/10/03 19:14:53.707, P8, 210 MHz, 405 MHz, 53, 43.90 W, 0 %, 0x0000000000000001
2026/10/03 19:14:54.241, P8, 210 MHz, 405 MHz, 53, 43.99 W, 1 %, 0x0000000000000001
2026/10/03 19:14:54.773, P8, 210 MHz, 405 MHz, 53, 44.01 W, 0 %, 0x0000000000000001
2026/10/03 19:14:55.310, P8, 210 MHz, 405 MHz, 53, 44.00 W, 0 %, 0x0000000000000001
2026/10/03 19:14:55.852, P8, 210 MHz, 405 MHz, 53, 44.05 W, 1 %, 0x0000000000000001
2026/10/03 19:14:56.389, P8, 210 MHz, 405 MHz, 53, 44.10 W, 0 %, 0x0000000000000001
2026/10/03 19:14:56.921, P8, 210 MHz, 405 MHz, 53, 44.08 W, 1 %, 0x0000000000000001
2026/10/03 19:14:57.459, P8, 210 MHz, 405 MHz, 53, 43.97 W, 1 %, 0x0000000000000001
2026/10/03 19:14:57.998, P8, 210 MHz, 405 MHz, 53, 43.87 W, 0 %, 0x0000000000000001
2026/10/03 19:14:58.533, P8, 210 MHz, 405 MHz, 53, 43.93 W, 1 %, 0x0000000000000001
2026/10/03 19:14:59.068, P8, 210 MHz, 405 MHz, 53, 43.94 W, 1 %, 0x0000000000000001
2026/10/03 19:14:59.604, P8, 210 MHz, 405 MHz, 53, 43.95 W, 1 %, 0x0000000000000001
2026/10/03 19:15:00.135, P8, 210 MHz, 405 MHz, 53, 44.05 W, 1 %, 0x0000000000000001
2026/10/03 19:15:00.671, P8, 210 MHz, 405 MHz, 53, 44.09 W, 1 %, 0x0000000000000001
2026/10/03 19:15:01.209, P8, 210 MHz, 405 MHz, 53, 44.07 W, 1 %, 0x0000000000000001
2026/10/03 19:15:01.745, P8, 210 MHz, 405 MHz, 53, 44.13 W, 1 %, 0x0000000000000001
2026/10/03 19:15:02.285, P8, 210 MHz, 405 MHz, 53, 44.13 W, 1 %, 0x0000000000000001
2026/10/03 19:15:02.825, P8, 210 MHz, 405 MHz, 53, 44.08 W, 1 %, 0x0000000000000001
2026/10/03 19:15:03.361, P8, 210 MHz, 405 MHz, 53, 44.05 W, 1 %, 0x0000000000000001
2026/10/03 19:15:03.898, P8, 210 MHz, 405 MHz, 53, 43.87 W, 1 %, 0x0000000000000001
2026/10/03 19:15:04.438, P8, 210 MHz, 405 MHz, 53, 43.84 W, 1 %, 0x0000000000000001
2026/10/03 19:15:04.973, P8, 210 MHz, 405 MHz, 53, 43.90 W, 1 %, 0x0000000000000001
2026/10/03 19:15:05.505, P8, 210 MHz, 405 MHz, 53, 43.91 W, 1 %, 0x0000000000000001
2026/10/03 19:15:06.045, P8, 210 MHz, 405 MHz, 53, 43.96 W, 1 %, 0x0000000000000001
2026/10/03 19:15:06.584, P8, 210 MHz, 405 MHz, 53, 43.94 W, 1 %, 0x0000000000000001
2026/10/03 19:15:07.121, P8, 210 MHz, 405 MHz, 53, 43.90 W, 1 %, 0x0000000000000001
2026/10/03 19:15:07.658, P8, 210 MHz, 405 MHz, 53, 44.00 W, 1 %, 0x0000000000000001
2026/10/03 19:15:08.196, P8, 210 MHz, 405 MHz, 53, 43.93 W, 1 %, 0x0000000000000001
2026/10/03 19:15:08.733, P8, 210 MHz, 405 MHz, 53, 43.90 W, 1 %, 0x0000000000000001
2026/10/03 19:15:09.267, P8, 210 MHz, 405 MHz, 53, 44.01 W, 0 %, 0x0000000000000001
2026/10/03 19:15:09.804, P8, 210 MHz, 405 MHz, 53, 44.03 W, 0 %, 0x0000000000000001
2026/10/03 19:15:10.344, P8, 210 MHz, 405 MHz, 53, 43.98 W, 1 %, 0x0000000000000001
2026/10/03 19:15:10.881, P8, 210 MHz, 405 MHz, 53, 43.99 W, 0 %, 0x0000000000000001
2026/10/03 19:15:11.416, P8, 210 MHz, 405 MHz, 53, 44.03 W, 0 %, 0x0000000000000001
2026/10/03 19:15:11.956, P8, 210 MHz, 405 MHz, 53, 44.09 W, 1 %, 0x0000000000000001
2026/10/03 19:15:12.493, P8, 210 MHz, 405 MHz, 53, 44.11 W, 0 %, 0x0000000000000001
2026/10/03 19:15:13.025, P8, 210 MHz, 405 MHz, 53, 43.94 W, 0 %, 0x0000000000000001
2026/10/03 19:15:13.559, P8, 210 MHz, 405 MHz, 53, 43.88 W, 1 %, 0x0000000000000001
2026/10/03 19:15:14.100, P8, 210 MHz, 405 MHz, 53, 44.08 W, 0 %, 0x0000000000000001
2026/10/03 19:15:14.637, P8, 210 MHz, 405 MHz, 53, 44.16 W, 0 %, 0x0000000000000001
2026/10/03 19:15:15.170, P8, 210 MHz, 405 MHz, 53, 44.04 W, 1 %, 0x0000000000000001
2026/10/03 19:15:15.707, P8, 210 MHz, 405 MHz, 53, 44.00 W, 0 %, 0x0000000000000001
2026/10/03 19:15:16.245, P8, 210 MHz, 405 MHz, 53, 44.06 W, 0 %, 0x0000000000000001
2026/10/03 19:15:16.778, P8, 210 MHz, 405 MHz, 53, 43.96 W, 1 %, 0x0000000000000001
2026/10/03 19:15:17.315, P8, 210 MHz, 405 MHz, 53, 43.89 W, 0 %, 0x0000000000000001
2026/10/03 19:15:17.847, P8, 210 MHz, 405 MHz, 53, 43.95 W, 0 %, 0x0000000000000001
2026/10/03 19:15:18.380, P8, 210 MHz, 405 MHz, 53, 44.03 W, 1 %, 0x0000000000000001
2026/10/03 19:15:18.915, P8, 210 MHz, 405 MHz, 53, 44.04 W, 0 %, 0x0000000000000001
2026/10/03 19:15:19.451, P8, 210 MHz, 405 MHz, 53, 43.98 W, 0 %, 0x0000000000000001
2026/10/03 19:15:19.984, P8, 210 MHz, 405 MHz, 53, 44.01 W, 0 %, 0x0000000000000001
2026/10/03 19:15:20.520, P8, 210 MHz, 405 MHz, 53, 44.16 W, 0 %, 0x0000000000000001
2026/10/03 19:15:21.057, P8, 210 MHz, 405 MHz, 53, 44.15 W, 0 %, 0x0000000000000001
2026/10/03 19:15:21.591, P8, 210 MHz, 405 MHz, 53, 44.10 W, 0 %, 0x0000000000000001
2026/10/03 19:15:22.129, P8, 210 MHz, 405 MHz, 53, 44.06 W, 0 %, 0x0000000000000001
2026/10/03 19:15:22.663, P8, 210 MHz, 405 MHz, 53, 44.02 W, 0 %, 0x0000000000000001
2026/10/03 19:15:23.193, P8, 300 MHz, 405 MHz, 53, 44.88 W, 51 %, 0x0000000000000001
2026/10/03 19:15:23.808, P2, 1980 MHz, 9251 MHz, 58, 128.26 W, 96 %, 0x0000000000000000
2026/10/03 19:15:24.329, P2, 1980 MHz, 9251 MHz, 60, 243.29 W, 97 %, 0x0000000000000000
2026/10/03 19:15:24.846, P2, 1980 MHz, 9251 MHz, 61, 309.90 W, 97 %, 0x0000000000000000
2026/10/03 19:15:25.368, P2, 1980 MHz, 9251 MHz, 61, 309.83 W, 97 %, 0x0000000000000000
2026/10/03 19:15:25.889, P2, 1980 MHz, 9251 MHz, 62, 301.76 W, 96 %, 0x0000000000000000
2026/10/03 19:15:26.409, P2, 1980 MHz, 9251 MHz, 62, 310.08 W, 97 %, 0x0000000000000000
2026/10/03 19:15:26.919, P2, 1965 MHz, 9251 MHz, 63, 311.89 W, 97 %, 0x0000000000000000
2026/10/03 19:15:27.437, P2, 1965 MHz, 9251 MHz, 62, 304.07 W, 75 %, 0x0000000000000000
2026/10/03 19:15:27.955, P2, 1965 MHz, 9251 MHz, 63, 303.12 W, 96 %, 0x0000000000000000
2026/10/03 19:15:28.478, P2, 1965 MHz, 9251 MHz, 64, 303.77 W, 97 %, 0x0000000000000000
2026/10/03 19:15:29.001, P2, 1965 MHz, 9251 MHz, 64, 312.56 W, 97 %, 0x0000000000000000
2026/10/03 19:15:29.521, P2, 1965 MHz, 9251 MHz, 64, 307.06 W, 82 %, 0x0000000000000000
2026/10/03 19:15:30.042, P2, 1965 MHz, 9251 MHz, 64, 307.72 W, 97 %, 0x0000000000000000
2026/10/03 19:15:30.552, P2, 1965 MHz, 9251 MHz, 65, 314.60 W, 97 %, 0x0000000000000000
2026/10/03 19:15:31.073, P2, 1965 MHz, 9251 MHz, 65, 315.04 W, 97 %, 0x0000000000000000
2026/10/03 19:15:31.592, P2, 1965 MHz, 9251 MHz, 65, 307.51 W, 80 %, 0x0000000000000000
2026/10/03 19:15:32.102, P2, 1965 MHz, 9251 MHz, 65, 305.40 W, 98 %, 0x0000000000000000
2026/10/03 19:15:32.621, P2, 1965 MHz, 9251 MHz, 66, 311.08 W, 98 %, 0x0000000000000000
2026/10/03 19:15:33.139, P2, 1965 MHz, 9251 MHz, 66, 311.67 W, 97 %, 0x0000000000000000
2026/10/03 19:15:33.664, P2, 1965 MHz, 9251 MHz, 65, 294.65 W, 96 %, 0x0000000000000000
2026/10/03 19:15:34.185, P2, 1965 MHz, 9251 MHz, 65, 279.24 W, 97 %, 0x0000000000000000
2026/10/03 19:15:34.702, P2, 1965 MHz, 9251 MHz, 65, 278.23 W, 98 %, 0x0000000000000000
2026/10/03 19:15:35.223, P2, 1965 MHz, 9251 MHz, 65, 278.94 W, 98 %, 0x0000000000000000
2026/10/03 19:15:35.742, P2, 1965 MHz, 9251 MHz, 66, 281.32 W, 81 %, 0x0000000000000000
2026/10/03 19:15:36.266, P2, 1965 MHz, 9251 MHz, 67, 300.17 W, 96 %, 0x0000000000000000
2026/10/03 19:15:36.785, P2, 1965 MHz, 9251 MHz, 67, 320.87 W, 96 %, 0x0000000000000000
2026/10/03 19:15:37.305, P2, 1965 MHz, 9251 MHz, 67, 322.24 W, 96 %, 0x0000000000000000
2026/10/03 19:15:37.827, P2, 1965 MHz, 9251 MHz, 67, 316.98 W, 95 %, 0x0000000000000000
2026/10/03 19:15:38.349, P2, 1950 MHz, 9251 MHz, 67, 316.55 W, 96 %, 0x0000000000000000
2026/10/03 19:15:38.869, P2, 1950 MHz, 9251 MHz, 67, 321.31 W, 96 %, 0x0000000000000000
2026/10/03 19:15:39.388, P2, 1950 MHz, 9251 MHz, 68, 321.19 W, 96 %, 0x0000000000000000
2026/10/03 19:15:39.896, P2, 1950 MHz, 9251 MHz, 68, 314.02 W, 95 %, 0x0000000000000000
2026/10/03 19:15:40.417, P2, 1950 MHz, 9251 MHz, 68, 314.30 W, 96 %, 0x0000000000000000
2026/10/03 19:15:40.936, P2, 1950 MHz, 9251 MHz, 68, 321.97 W, 96 %, 0x0000000000000000
2026/10/03 19:15:41.444, P2, 1950 MHz, 9251 MHz, 68, 317.48 W, 83 %, 0x0000000000000000
2026/10/03 19:15:41.963, P2, 1950 MHz, 9251 MHz, 68, 316.10 W, 95 %, 0x0000000000000000
2026/10/03 19:15:42.484, P2, 1950 MHz, 9251 MHz, 68, 316.87 W, 96 %, 0x0000000000000000
2026/10/03 19:15:43.005, P2, 1950 MHz, 9251 MHz, 68, 323.45 W, 96 %, 0x0000000000000000
2026/10/03 19:15:43.527, P2, 1950 MHz, 9251 MHz, 68, 316.20 W, 79 %, 0x0000000000000000
2026/10/03 19:15:44.045, P2, 1950 MHz, 9251 MHz, 69, 315.04 W, 96 %, 0x0000000000000000
2026/10/03 19:15:44.568, P2, 1950 MHz, 9251 MHz, 69, 322.38 W, 96 %, 0x0000000000000000
2026/10/03 19:15:45.091, P2, 1950 MHz, 9251 MHz, 69, 323.79 W, 96 %, 0x0000000000000000
2026/10/03 19:15:45.609, P2, 1950 MHz, 9251 MHz, 69, 315.90 W, 77 %, 0x0000000000000000
2026/10/03 19:15:46.129, P2, 1950 MHz, 9251 MHz, 69, 315.10 W, 96 %, 0x0000000000000000
2026/10/03 19:15:46.654, P2, 1950 MHz, 9251 MHz, 69, 322.81 W, 96 %, 0x0000000000000000
2026/10/03 19:15:47.173, P2, 1950 MHz, 9251 MHz, 69, 323.99 W, 96 %, 0x0000000000000000
2026/10/03 19:15:47.694, P2, 1950 MHz, 9251 MHz, 65, 269.81 W, 55 %, 0x0000000000000000
2026/10/03 19:15:48.202, P2, 1950 MHz, 9251 MHz, 64, 153.53 W, 63 %, 0x0000000000000000
2026/10/03 19:15:48.721, P2, 1950 MHz, 9251 MHz, 64, 139.31 W, 13 %, 0x0000000000000000
2026/10/03 19:15:49.241, P2, 1950 MHz, 9251 MHz, 64, 142.05 W, 17 %, 0x0000000000000000
2026/10/03 19:15:49.749, P2, 1950 MHz, 9251 MHz, 64, 144.74 W, 17 %, 0x0000000000000000
2026/10/03 19:15:50.269, P3, 1110 MHz, 5001 MHz, 63, 144.42 W, 18 %, 0x0000000000000001
2026/10/03 19:15:50.805, P3, 1005 MHz, 5001 MHz, 62, 111.67 W, 24 %, 0x0000000000000001
2026/10/03 19:15:51.340, P3, 975 MHz, 5001 MHz, 61, 83.68 W, 31 %, 0x0000000000000001
2026/10/03 19:15:51.862, P3, 930 MHz, 5001 MHz, 61, 82.98 W, 32 %, 0x0000000000000001
2026/10/03 19:15:52.399, P2, 1965 MHz, 9251 MHz, 62, 90.03 W, 51 %, 0x0000000000000001
2026/10/03 19:15:52.934, P2, 1965 MHz, 9251 MHz, 63, 119.27 W, 49 %, 0x0000000000000000
2026/10/03 19:15:53.444, P2, 1965 MHz, 9251 MHz, 62, 140.85 W, 66 %, 0x0000000000000000
2026/10/03 19:15:53.963, P2, 1965 MHz, 9251 MHz, 62, 138.83 W, 66 %, 0x0000000000000000
2026/10/03 19:15:54.483, P2, 1965 MHz, 9251 MHz, 63, 141.37 W, 23 %, 0x0000000000000000
2026/10/03 19:15:55.006, P2, 1965 MHz, 9251 MHz, 63, 150.90 W, 23 %, 0x0000000000000000
2026/10/03 19:15:55.529, P2, 1965 MHz, 9251 MHz, 63, 154.87 W, 21 %, 0x0000000000000000
2026/10/03 19:15:56.045, P3, 1365 MHz, 5001 MHz, 61, 143.65 W, 31 %, 0x0000000000000001
2026/10/03 19:15:56.581, P3, 1305 MHz, 5001 MHz, 60, 113.65 W, 27 %, 0x0000000000000001
2026/10/03 19:15:57.106, P3, 1260 MHz, 5001 MHz, 60, 88.26 W, 35 %, 0x0000000000000001
2026/10/03 19:15:57.641, P2, 1860 MHz, 9251 MHz, 61, 87.52 W, 61 %, 0x0000000000000001
2026/10/03 19:15:58.176, P2, 1965 MHz, 9251 MHz, 62, 111.77 W, 54 %, 0x0000000000000000
2026/10/03 19:15:58.686, P2, 1965 MHz, 9251 MHz, 61, 139.39 W, 44 %, 0x0000000000000000
2026/10/03 19:15:59.205, P2, 1965 MHz, 9251 MHz, 61, 141.66 W, 59 %, 0x0000000000000000
2026/10/03 19:15:59.725, P2, 1965 MHz, 9251 MHz, 61, 136.49 W, 47 %, 0x0000000000000000
2026/10/03 19:16:00.248, P2, 1965 MHz, 9251 MHz, 62, 139.52 W, 27 %, 0x0000000000000000
2026/10/03 19:16:00.769, P2, 1965 MHz, 9251 MHz, 62, 150.26 W, 30 %, 0x0000000000000000
2026/10/03 19:16:01.289, P2, 1965 MHz, 9251 MHz, 62, 159.27 W, 25 %, 0x0000000000000000
2026/10/03 19:16:01.809, P2, 1575 MHz, 9251 MHz, 60, 143.79 W, 34 %, 0x0000000000000001
2026/10/03 19:16:02.346, P3, 1530 MHz, 5001 MHz, 60, 118.97 W, 33 %, 0x0000000000000001
2026/10/03 19:16:02.883, P2, 1590 MHz, 9251 MHz, 60, 109.57 W, 36 %, 0x0000000000000001
2026/10/03 19:16:03.418, P2, 1770 MHz, 9251 MHz, 60, 115.76 W, 44 %, 0x0000000000000001
2026/10/03 19:16:03.955, P2, 1965 MHz, 9251 MHz, 61, 129.43 W, 61 %, 0x0000000000000000
2026/10/03 19:16:04.477, P2, 1965 MHz, 9251 MHz, 61, 146.86 W, 49 %, 0x0000000000000000
2026/10/03 19:16:04.997, P2, 1965 MHz, 9251 MHz, 61, 145.21 W, 57 %, 0x0000000000000000
2026/10/03 19:16:05.519, P2, 1965 MHz, 9251 MHz, 60, 136.07 W, 57 %, 0x0000000000000000
2026/10/03 19:16:06.043, P2, 1965 MHz, 9251 MHz, 60, 135.18 W, 0 %, 0x0000000000000000
2026/10/03 19:16:06.561, P2, 1965 MHz, 9251 MHz, 61, 135.34 W, 0 %, 0x0000000000000000
2026/10/03 19:16:07.080, P2, 1965 MHz, 9251 MHz, 61, 152.37 W, 40 %, 0x0000000000000000
2026/10/03 19:16:07.590, P2, 1965 MHz, 9251 MHz, 61, 170.16 W, 40 %, 0x0000000000000000
2026/10/03 19:16:08.109, P2, 1965 MHz, 9251 MHz, 61, 170.57 W, 41 %, 0x0000000000000000
2026/10/03 19:16:08.630, P2, 1965 MHz, 9251 MHz, 61, 170.08 W, 41 %, 0x0000000000000000
2026/10/03 19:16:09.138, P2, 1965 MHz, 9251 MHz, 62, 174.36 W, 42 %, 0x0000000000000000
2026/10/03 19:16:09.656, P2, 1965 MHz, 9251 MHz, 62, 178.88 W, 42 %, 0x0000000000000000
2026/10/03 19:16:10.173, P2, 1965 MHz, 9251 MHz, 61, 175.84 W, 65 %, 0x0000000000000000
2026/10/03 19:16:10.683, P2, 1965 MHz, 9251 MHz, 61, 170.04 W, 65 %, 0x0000000000000000
2026/10/03 19:16:11.205, P2, 1965 MHz, 9251 MHz, 61, 158.00 W, 56 %, 0x0000000000000000
2026/10/03 19:16:11.725, P2, 1965 MHz, 9251 MHz, 60, 142.92 W, 55 %, 0x0000000000000000
2026/10/03 19:16:12.247, P2, 1965 MHz, 9251 MHz, 60, 135.72 W, 17 %, 0x0000000000000000
2026/10/03 19:16:12.769, P2, 1965 MHz, 9251 MHz, 60, 134.66 W, 0 %, 0x0000000000000000
2026/10/03 19:16:13.287, P2, 1965 MHz, 9251 MHz, 60, 133.69 W, 0 %, 0x0000000000000000
2026/10/03 19:16:13.808, P2, 480 MHz, 5001 MHz, 60, 133.59 W, 0 %, 0x0000000000000001
2026/10/03 19:16:14.346, P3, 750 MHz, 5001 MHz, 59, 113.66 W, 65 %, 0x0000000000000001
2026/10/03 19:16:14.883, P2, 1965 MHz, 9251 MHz, 60, 107.74 W, 50 %, 0x0000000000000004
2026/10/03 19:16:15.403, P2, 1965 MHz, 9251 MHz, 61, 155.47 W, 48 %, 0x0000000000000000
2026/10/03 19:16:15.927, P2, 1965 MHz, 9251 MHz, 61, 187.05 W, 48 %, 0x0000000000000000
2026/10/03 19:16:16.449, P2, 1965 MHz, 9251 MHz, 61, 189.79 W, 40 %, 0x0000000000000000
2026/10/03 19:16:16.964, P2, 1965 MHz, 9251 MHz, 62, 197.38 W, 52 %, 0x0000000000000000
2026/10/03 19:16:17.483, P2, 1965 MHz, 9251 MHz, 61, 202.39 W, 41 %, 0x0000000000000000
2026/10/03 19:16:18.007, P2, 1965 MHz, 9251 MHz, 62, 192.09 W, 70 %, 0x0000000000000000
2026/10/03 19:16:18.525, P2, 1965 MHz, 9251 MHz, 61, 184.88 W, 69 %, 0x0000000000000000
2026/10/03 19:16:19.046, P2, 1965 MHz, 9251 MHz, 60, 161.14 W, 56 %, 0x0000000000000000
2026/10/03 19:16:19.556, P2, 1965 MHz, 9251 MHz, 60, 137.42 W, 56 %, 0x0000000000000000
2026/10/03 19:16:20.078, P2, 1965 MHz, 9251 MHz, 60, 135.62 W, 43 %, 0x0000000000000000
2026/10/03 19:16:20.598, P2, 1965 MHz, 9251 MHz, 60, 134.55 W, 0 %, 0x0000000000000000
2026/10/03 19:16:21.124, P2, 1965 MHz, 9251 MHz, 60, 133.57 W, 0 %, 0x0000000000000000
2026/10/03 19:16:21.646, P2, 1965 MHz, 9251 MHz, 60, 133.45 W, 0 %, 0x0000000000000000
2026/10/03 19:16:22.178, P3, 345 MHz, 5001 MHz, 58, 113.12 W, 0 %, 0x0000000000000001
2026/10/03 19:16:22.727, P3, 285 MHz, 5001 MHz, 58, 86.52 W, 0 %, 0x0000000000000001
2026/10/03 19:16:23.260, P3, 225 MHz, 5001 MHz, 58, 74.23 W, 1 %, 0x0000000000000001
2026/10/03 19:16:23.791, P3, 225 MHz, 5001 MHz, 57, 73.49 W, 1 %, 0x0000000000000001
2026/10/03 19:16:24.354, P5, 210 MHz, 810 MHz, 57, 71.18 W, 0 %, 0x0000000000000001
2026/10/03 19:16:24.893, P2, 1800 MHz, 9251 MHz, 58, 69.75 W, 93 %, 0x0000000000000001
2026/10/03 19:16:25.431, P2, 1980 MHz, 9251 MHz, 61, 137.71 W, 63 %, 0x0000000000000000
2026/10/03 19:16:25.949, P2, 1980 MHz, 9251 MHz, 61, 216.16 W, 63 %, 0x0000000000000000
2026/10/03 19:16:26.471, P2, 1980 MHz, 9251 MHz, 61, 223.39 W, 63 %, 0x0000000000000000
2026/10/03 19:16:26.981, P2, 1980 MHz, 9251 MHz, 62, 223.86 W, 63 %, 0x0000000000000000
2026/10/03 19:16:27.501, P2, 1980 MHz, 9251 MHz, 62, 233.36 W, 69 %, 0x0000000000000000
2026/10/03 19:16:28.022, P2, 1965 MHz, 9251 MHz, 62, 241.10 W, 68 %, 0x0000000000000000
2026/10/03 19:16:28.532, P2, 1965 MHz, 9251 MHz, 62, 235.24 W, 75 %, 0x0000000000000000
2026/10/03 19:16:29.047, P2, 1965 MHz, 9251 MHz, 62, 221.19 W, 72 %, 0x0000000000000000
2026/10/03 19:16:29.564, P2, 1965 MHz, 9251 MHz, 60, 204.40 W, 44 %, 0x0000000000000000
2026/10/03 19:16:30.074, P2, 1965 MHz, 9251 MHz, 60, 167.34 W, 57 %, 0x0000000000000000
2026/10/03 19:16:30.595, P2, 1965 MHz, 9251 MHz, 60, 135.59 W, 56 %, 0x0000000000000000
2026/10/03 19:16:31.115, P2, 1965 MHz, 9251 MHz, 60, 135.52 W, 56 %, 0x0000000000000000
2026/10/03 19:16:31.641, P2, 1965 MHz, 9251 MHz, 59, 135.05 W, 0 %, 0x0000000000000000
2026/10/03 19:16:32.174, P2, 1965 MHz, 9251 MHz, 59, 134.02 W, 0 %, 0x0000000000000000
2026/10/03 19:16:32.703, P2, 1965 MHz, 9251 MHz, 59, 133.31 W, 0 %, 0x0000000000000000
2026/10/03 19:16:33.234, P3, 480 MHz, 5001 MHz, 58, 123.80 W, 1 %, 0x0000000000000001
2026/10/03 19:16:33.781, P3, 375 MHz, 5001 MHz, 58, 92.08 W, 0 %, 0x0000000000000001
2026/10/03 19:16:34.342, P3, 315 MHz, 5001 MHz, 57, 74.61 W, 0 %, 0x0000000000000001
2026/10/03 19:16:34.878, P3, 240 MHz, 5001 MHz, 57, 73.76 W, 0 %, 0x0000000000000001
2026/10/03 19:16:35.407, P3, 225 MHz, 5001 MHz, 57, 73.50 W, 0 %, 0x0000000000000001
2026/10/03 19:16:35.944, P5, 210 MHz, 810 MHz, 56, 66.22 W, 0 %, 0x0000000000000001
2026/10/03 19:16:36.480, P5, 210 MHz, 810 MHz, 56, 51.22 W, 0 %, 0x0000000000000001
2026/10/03 19:16:37.017, P5, 210 MHz, 810 MHz, 56, 45.91 W, 0 %, 0x0000000000000001
2026/10/03 19:16:37.549, P5, 210 MHz, 810 MHz, 56, 45.95 W, 0 %, 0x0000000000000001
2026/10/03 19:16:38.085, P8, 210 MHz, 405 MHz, 56, 45.92 W, 0 %, 0x0000000000000001
2026/10/03 19:16:38.620, P8, 210 MHz, 405 MHz, 56, 44.96 W, 1 %, 0x0000000000000001
2026/10/03 19:16:39.153, P8, 210 MHz, 405 MHz, 55, 43.98 W, 0 %, 0x0000000000000001
2026/10/03 19:16:39.688, P8, 210 MHz, 405 MHz, 55, 43.92 W, 0 %, 0x0000000000000001
2026/10/03 19:16:40.227, P8, 210 MHz, 405 MHz, 55, 43.91 W, 1 %, 0x0000000000000001
2026/10/03 19:16:40.763, P2, 1800 MHz, 9251 MHz, 57, 54.03 W, 83 %, 0x0000000000000001
2026/10/03 19:16:41.299, P2, 1980 MHz, 9251 MHz, 60, 165.15 W, 74 %, 0x0000000000000000
2026/10/03 19:16:41.817, P2, 1980 MHz, 9251 MHz, 60, 250.42 W, 65 %, 0x0000000000000000
2026/10/03 19:16:42.340, P2, 1980 MHz, 9251 MHz, 61, 253.88 W, 75 %, 0x0000000000000000
2026/10/03 19:16:42.861, P2, 1980 MHz, 9251 MHz, 61, 254.22 W, 75 %, 0x0000000000000000
2026/10/03 19:16:43.382, P2, 1980 MHz, 9251 MHz, 62, 258.52 W, 77 %, 0x0000000000000000
2026/10/03 19:16:43.892, P2, 1980 MHz, 9251 MHz, 62, 266.45 W, 80 %, 0x0000000000000000
2026/10/03 19:16:44.413, P2, 1980 MHz, 9251 MHz, 62, 263.26 W, 81 %, 0x0000000000000000
2026/10/03 19:16:44.934, P2, 1980 MHz, 9251 MHz, 62, 253.04 W, 84 %, 0x0000000000000000
2026/10/03 19:16:45.459, P2, 1980 MHz, 9251 MHz, 60, 245.37 W, 60 %, 0x0000000000000000
2026/10/03 19:16:45.979, P2, 1980 MHz, 9251 MHz, 59, 192.09 W, 24 %, 0x0000000000000000
2026/10/03 19:16:46.497, P2, 1980 MHz, 9251 MHz, 59, 135.38 W, 52 %, 0x0000000000000000
2026/10/03 19:16:47.005, P2, 1980 MHz, 9251 MHz, 59, 135.68 W, 53 %, 0x0000000000000000
2026/10/03 19:16:47.529, P2, 1980 MHz, 9251 MHz, 59, 135.54 W, 62 %, 0x0000000000000000
2026/10/03 19:16:48.044, P2, 1980 MHz, 9251 MHz, 59, 135.42 W, 62 %, 0x0000000000000000
2026/10/03 19:16:48.565, P2, 1980 MHz, 9251 MHz, 59, 135.15 W, 33 %, 0x0000000000000000
2026/10/03 19:16:49.091, P2, 1980 MHz, 9251 MHz, 59, 133.96 W, 0 %, 0x0000000000000000
2026/10/03 19:16:49.611, P2, 1980 MHz, 9251 MHz, 58, 133.26 W, 0 %, 0x0000000000000000
2026/10/03 19:16:50.132, P3, 540 MHz, 5001 MHz, 57, 128.66 W, 0 %, 0x0000000000000001
2026/10/03 19:16:50.674, P5, 420 MHz, 810 MHz, 57, 94.83 W, 0 %, 0x0000000000000001
2026/10/03 19:16:51.224, P5, 315 MHz, 810 MHz, 56, 59.77 W, 0 %, 0x0000000000000001
2026/10/03 19:16:51.758, P5, 270 MHz, 810 MHz, 56, 46.27 W, 0 %, 0x0000000000000001
2026/10/03 19:16:52.291, P5, 210 MHz, 810 MHz, 56, 45.89 W, 0 %, 0x0000000000000001
2026/10/03 19:16:52.857, P8, 210 MHz, 405 MHz, 55, 45.17 W, 0 %, 0x0000000000000001
2026/10/03 19:16:53.409, P8, 210 MHz, 405 MHz, 55, 44.03 W, 0 %, 0x0000000000000001
2026/10/03 19:16:53.956, P8, 210 MHz, 405 MHz, 55, 43.83 W, 0 %, 0x0000000000000001
2026/10/03 19:16:54.495, P8, 210 MHz, 405 MHz, 55, 43.77 W, 0 %, 0x0000000000000001
2026/10/03 19:16:55.041, P8, 210 MHz, 405 MHz, 55, 43.69 W, 0 %, 0x0000000000000001
2026/10/03 19:16:55.576, P8, 210 MHz, 405 MHz, 55, 43.70 W, 2 %, 0x0000000000000001
2026/10/03 19:16:56.113, P8, 210 MHz, 405 MHz, 55, 43.72 W, 0 %, 0x0000000000000001
2026/10/03 19:16:56.645, P8, 210 MHz, 405 MHz, 54, 43.74 W, 0 %, 0x0000000000000001
2026/10/03 19:16:57.180, P8, 210 MHz, 405 MHz, 54, 43.77 W, 1 %, 0x0000000000000001
2026/10/03 19:16:57.754, P8, 210 MHz, 405 MHz, 54, 43.83 W, 0 %, 0x0000000000000001
2026/10/03 19:16:58.285, P8, 210 MHz, 405 MHz, 54, 43.85 W, 0 %, 0x0000000000000001
2026/10/03 19:16:58.821, P8, 210 MHz, 405 MHz, 54, 43.88 W, 1 %, 0x0000000000000001
2026/10/03 19:16:59.361, P8, 210 MHz, 405 MHz, 54, 43.82 W, 0 %, 0x0000000000000001
2026/10/03 19:16:59.897, P8, 210 MHz, 405 MHz, 54, 43.67 W, 1 %, 0x0000000000000001
2026/10/03 19:17:00.429, P8, 210 MHz, 405 MHz, 54, 43.59 W, 1 %, 0x0000000000000001
2026/10/03 19:17:00.964, P8, 210 MHz, 405 MHz, 54, 43.56 W, 0 %, 0x0000000000000001
2026/10/03 19:17:01.504, P8, 210 MHz, 405 MHz, 54, 43.49 W, 0 %, 0x0000000000000001
2026/10/03 19:17:02.039, P8, 210 MHz, 405 MHz, 53, 43.42 W, 1 %, 0x0000000000000001
2026/10/03 19:17:02.573, P8, 210 MHz, 405 MHz, 53, 43.47 W, 1 %, 0x0000000000000001
2026/10/03 19:17:03.108, P8, 210 MHz, 405 MHz, 53, 43.41 W, 1 %, 0x0000000000000001
2026/10/03 19:17:03.643, P8, 210 MHz, 405 MHz, 53, 43.40 W, 1 %, 0x0000000000000001
2026/10/03 19:17:04.177, P8, 210 MHz, 405 MHz, 53, 43.47 W, 1 %, 0x0000000000000001
2026/10/03 19:17:04.710, P8, 210 MHz, 405 MHz, 53, 43.44 W, 1 %, 0x0000000000000001
2026/10/03 19:17:05.248, P8, 210 MHz, 405 MHz, 53, 43.40 W, 1 %, 0x0000000000000001
2026/10/03 19:17:05.785, P8, 210 MHz, 405 MHz, 53, 43.34 W, 1 %, 0x0000000000000001
2026/10/03 19:17:06.321, P8, 210 MHz, 405 MHz, 53, 43.22 W, 1 %, 0x0000000000000001
2026/10/03 19:17:06.858, P2, 1800 MHz, 9251 MHz, 54, 45.20 W, 99 %, 0x0000000000000001
2026/10/03 19:17:07.383, P2, 1980 MHz, 9251 MHz, 58, 168.05 W, 85 %, 0x0000000000000000
2026/10/03 19:17:07.903, P2, 1980 MHz, 9251 MHz, 59, 264.03 W, 85 %, 0x0000000000000000
2026/10/03 19:17:08.424, P2, 1980 MHz, 9251 MHz, 59, 276.95 W, 84 %, 0x0000000000000000
2026/10/03 19:17:08.948, P2, 1980 MHz, 9251 MHz, 60, 277.38 W, 85 %, 0x0000000000000000
2026/10/03 19:17:09.469, P2, 1980 MHz, 9251 MHz, 60, 276.98 W, 67 %, 0x0000000000000000
2026/10/03 19:17:09.990, P2, 1980 MHz, 9251 MHz, 60, 280.27 W, 88 %, 0x0000000000000000
2026/10/03 19:17:10.500, P2, 1980 MHz, 9251 MHz, 61, 291.18 W, 89 %, 0x0000000000000000
2026/10/03 19:17:11.021, P2, 1980 MHz, 9251 MHz, 61, 279.09 W, 90 %, 0x0000000000000000
2026/10/03 19:17:11.541, P2, 1980 MHz, 9251 MHz, 61, 270.73 W, 91 %, 0x0000000000000000
2026/10/03 19:17:12.065, P2, 1980 MHz, 9251 MHz, 59, 260.40 W, 57 %, 0x0000000000000000
2026/10/03 19:17:12.589, P2, 1980 MHz, 9251 MHz, 58, 183.79 W, 0 %, 0x0000000000000000
2026/10/03 19:17:13.109, P2, 1980 MHz, 9251 MHz, 57, 133.81 W, 53 %, 0x0000000000000000
2026/10/03 19:17:13.629, P2, 1980 MHz, 9251 MHz, 57, 134.15 W, 53 %, 0x0000000000000000
2026/10/03 19:17:14.154, P2, 1980 MHz, 9251 MHz, 57, 134.46 W, 60 %, 0x0000000000000000
2026/10/03 19:17:14.673, P2, 1980 MHz, 9251 MHz, 57, 134.34 W, 60 %, 0x0000000000000000
2026/10/03 19:17:15.190, P2, 1980 MHz, 9251 MHz, 57, 134.37 W, 53 %, 0x0000000000000000
2026/10/03 19:17:15.711, P2, 1980 MHz, 9251 MHz, 57, 134.24 W, 53 %, 0x0000000000000000
2026/10/03 19:17:16.231, P2, 1980 MHz, 9251 MHz, 57, 134.36 W, 53 %, 0x0000000000000000
2026/10/03 19:17:16.751, P2, 1980 MHz, 9251 MHz, 57, 134.40 W, 53 %, 0x0000000000000000
2026/10/03 19:17:17.272, P2, 1980 MHz, 9251 MHz, 57, 134.20 W, 60 %, 0x0000000000000000
2026/10/03 19:17:17.795, P2, 1980 MHz, 9251 MHz, 57, 134.15 W, 60 %, 0x0000000000000000
2026/10/03 19:17:18.342, P2, 1980 MHz, 9251 MHz, 57, 134.43 W, 43 %, 0x0000000000000000
2026/10/03 19:17:18.875, P2, 1980 MHz, 9251 MHz, 57, 133.64 W, 0 %, 0x0000000000000000
2026/10/03 19:17:19.388, P2, 1980 MHz, 9251 MHz, 57, 132.38 W, 0 %, 0x0000000000000000
2026/10/03 19:17:19.923, P2, 1980 MHz, 9251 MHz, 57, 132.37 W, 0 %, 0x0000000000000000
2026/10/03 19:17:20.466, P5, 375 MHz, 810 MHz, 55, 110.44 W, 0 %, 0x0000000000000001
2026/10/03 19:17:21.007, P5, 285 MHz, 810 MHz, 55, 71.40 W, 0 %, 0x0000000000000001
2026/10/03 19:17:21.543, P5, 240 MHz, 810 MHz, 54, 46.34 W, 0 %, 0x0000000000000001
2026/10/03 19:17:22.078, P5, 210 MHz, 810 MHz, 54, 45.75 W, 0 %, 0x0000000000000001
2026/10/03 19:17:22.611, P8, 210 MHz, 405 MHz, 54, 45.33 W, 1 %, 0x0000000000000001
2026/10/03 19:17:23.160, P8, 210 MHz, 405 MHz, 54, 44.26 W, 0 %, 0x0000000000000001
2026/10/03 19:17:23.698, P8, 210 MHz, 405 MHz, 54, 43.63 W, 0 %, 0x0000000000000001
2026/10/03 19:17:24.233, P8, 210 MHz, 405 MHz, 54, 43.60 W, 1 %, 0x0000000000000001
2026/10/03 19:17:24.773, P8, 210 MHz, 405 MHz, 53, 43.54 W, 1 %, 0x0000000000000001
2026/10/03 19:17:25.309, P8, 210 MHz, 405 MHz, 53, 43.55 W, 0 %, 0x0000000000000001
2026/10/03 19:17:25.840, P8, 210 MHz, 405 MHz, 53, 43.48 W, 1 %, 0x0000000000000001
2026/10/03 19:17:26.374, P8, 210 MHz, 405 MHz, 53, 43.31 W, 1 %, 0x0000000000000001
2026/10/03 19:17:26.923, P8, 210 MHz, 405 MHz, 53, 43.31 W, 0 %, 0x0000000000000001
2026/10/03 19:17:27.466, P8, 210 MHz, 405 MHz, 53, 43.39 W, 1 %, 0x0000000000000001
2026/10/03 19:17:28.003, P8, 210 MHz, 405 MHz, 53, 43.27 W, 0 %, 0x0000000000000001
2026/10/03 19:17:28.536, P8, 210 MHz, 405 MHz, 53, 43.22 W, 0 %, 0x0000000000000001
2026/10/03 19:17:29.087, P8, 210 MHz, 405 MHz, 53, 43.12 W, 1 %, 0x0000000000000001
2026/10/03 19:17:29.618, P8, 210 MHz, 405 MHz, 53, 43.13 W, 1 %, 0x0000000000000001
2026/10/03 19:17:30.168, P8, 210 MHz, 405 MHz, 53, 43.18 W, 1 %, 0x0000000000000001
2026/10/03 19:17:30.706, P8, 210 MHz, 405 MHz, 53, 43.13 W, 1 %, 0x0000000000000001
2026/10/03 19:17:31.248, P8, 210 MHz, 405 MHz, 52, 43.26 W, 4 %, 0x0000000000000001
2026/10/03 19:17:31.799, P8, 210 MHz, 405 MHz, 52, 43.49 W, 2 %, 0x0000000000000001
2026/10/03 19:17:32.332, P8, 210 MHz, 405 MHz, 52, 43.33 W, 1 %, 0x0000000000000001
2026/10/03 19:17:32.929, P8, 210 MHz, 405 MHz, 52, 43.14 W, 1 %, 0x0000000000000001
2026/10/03 19:17:33.465, P8, 210 MHz, 405 MHz, 52, 43.11 W, 0 %, 0x0000000000000001
2026/10/03 19:17:34.014, P8, 210 MHz, 405 MHz, 52, 43.10 W, 0 %, 0x0000000000000001
2026/10/03 19:17:34.551, P8, 210 MHz, 405 MHz, 52, 43.22 W, 1 %, 0x0000000000000001
2026/10/03 19:17:35.110, P8, 210 MHz, 405 MHz, 52, 43.18 W, 0 %, 0x0000000000000001
2026/10/03 19:17:35.677, P8, 210 MHz, 405 MHz, 52, 43.10 W, 0 %, 0x0000000000000001
2026/10/03 19:17:36.249, P8, 210 MHz, 405 MHz, 52, 43.11 W, 0 %, 0x0000000000000001
2026/10/03 19:17:36.789, P8, 210 MHz, 405 MHz, 52, 43.08 W, 2 %, 0x0000000000000001
2026/10/03 19:17:37.323, P8, 210 MHz, 405 MHz, 52, 43.06 W, 0 %, 0x0000000000000001
2026/10/03 19:17:37.863, P8, 210 MHz, 405 MHz, 52, 43.01 W, 0 %, 0x0000000000000001
2026/10/03 19:17:38.401, P8, 210 MHz, 405 MHz, 51, 42.97 W, 0 %, 0x0000000000000001
2026/10/03 19:17:38.935, P8, 210 MHz, 405 MHz, 51, 42.93 W, 0 %, 0x0000000000000001
2026/10/03 19:17:39.470, P8, 210 MHz, 405 MHz, 51, 42.76 W, 0 %, 0x0000000000000001
2026/10/03 19:17:40.010, P8, 210 MHz, 405 MHz, 51, 42.59 W, 0 %, 0x0000000000000001
2026/10/03 19:17:40.547, P8, 210 MHz, 405 MHz, 51, 42.46 W, 0 %, 0x0000000000000001
2026/10/03 19:17:41.079, P8, 210 MHz, 405 MHz, 51, 42.42 W, 0 %, 0x0000000000000001
2026/10/03 19:17:41.618, P8, 210 MHz, 405 MHz, 51, 42.46 W, 0 %, 0x0000000000000001
2026/10/03 19:17:42.153, P8, 210 MHz, 405 MHz, 51, 42.47 W, 0 %, 0x0000000000000001
2026/10/03 19:17:42.699, P8, 210 MHz, 405 MHz, 51, 42.49 W, 0 %, 0x0000000000000001
2026/10/03 19:17:43.236, P8, 210 MHz, 405 MHz, 51, 42.54 W, 0 %, 0x0000000000000001
2026/10/03 19:17:43.774, P8, 210 MHz, 405 MHz, 51, 42.39 W, 0 %, 0x0000000000000001
2026/10/03 19:17:44.325, P8, 210 MHz, 405 MHz, 51, 42.26 W, 0 %, 0x0000000000000001
2026/10/03 19:17:44.859, P8, 210 MHz, 405 MHz, 51, 42.32 W, 0 %, 0x0000000000000001
2026/10/03 19:17:45.393, P8, 210 MHz, 405 MHz, 51, 42.26 W, 1 %, 0x0000000000000001
2026/10/03 19:17:45.932, P8, 210 MHz, 405 MHz, 51, 42.18 W, 0 %, 0x0000000000000001
2026/10/03 19:17:46.469, P8, 210 MHz, 405 MHz, 51, 42.27 W, 0 %, 0x0000000000000001
2026/10/03 19:17:47.006, P8, 210 MHz, 405 MHz, 51, 42.29 W, 1 %, 0x0000000000000001
2026/10/03 19:17:47.545, P8, 210 MHz, 405 MHz, 51, 42.34 W, 0 %, 0x0000000000000001
2026/10/03 19:17:48.081, P8, 210 MHz, 405 MHz, 51, 42.49 W, 0 %, 0x0000000000000001
2026/10/03 19:17:48.614, P8, 210 MHz, 405 MHz, 51, 42.49 W, 1 %, 0x0000000000000001
2026/10/03 19:17:49.149, P8, 210 MHz, 405 MHz, 51, 42.45 W, 0 %, 0x0000000000000001
2026/10/03 19:17:49.690, P8, 210 MHz, 405 MHz, 51, 42.40 W, 0 %, 0x0000000000000001
2026/10/03 19:17:50.225, P8, 210 MHz, 405 MHz, 51, 42.32 W, 1 %, 0x0000000000000001
2026/10/03 19:17:50.758, P8, 210 MHz, 405 MHz, 51, 42.34 W, 1 %, 0x0000000000000001
2026/10/03 19:17:51.295, P8, 210 MHz, 405 MHz, 51, 42.39 W, 0 %, 0x0000000000000001
2026/10/03 19:17:51.847, P8, 210 MHz, 405 MHz, 51, 42.41 W, 0 %, 0x0000000000000001
2026/10/03 19:17:52.383, P8, 210 MHz, 405 MHz, 51, 42.28 W, 1 %, 0x0000000000000001
2026/10/03 19:17:52.920, P8, 210 MHz, 405 MHz, 51, 42.22 W, 0 %, 0x0000000000000001
2026/10/03 19:17:53.462, P8, 210 MHz, 405 MHz, 51, 42.38 W, 1 %, 0x0000000000000001
2026/10/03 19:17:53.999, P8, 210 MHz, 405 MHz, 51, 42.46 W, 1 %, 0x0000000000000001
2026/10/03 19:17:54.535, P8, 210 MHz, 405 MHz, 51, 42.45 W, 1 %, 0x0000000000000001
2026/10/03 19:17:55.069, P8, 210 MHz, 405 MHz, 51, 42.52 W, 1 %, 0x0000000000000001
2026/10/03 19:17:55.607, P8, 210 MHz, 405 MHz, 51, 42.49 W, 1 %, 0x0000000000000001
2026/10/03 19:17:56.143, P8, 210 MHz, 405 MHz, 51, 42.37 W, 1 %, 0x0000000000000001
2026/10/03 19:17:56.675, P8, 210 MHz, 405 MHz, 51, 42.29 W, 1 %, 0x0000000000000001
2026/10/03 19:17:57.211, P8, 210 MHz, 405 MHz, 51, 42.33 W, 1 %, 0x0000000000000001
2026/10/03 19:17:57.748, P8, 210 MHz, 405 MHz, 51, 42.50 W, 1 %, 0x0000000000000001
2026/10/03 19:17:58.284, P8, 210 MHz, 405 MHz, 51, 42.51 W, 1 %, 0x0000000000000001
2026/10/03 19:17:58.819, P8, 210 MHz, 405 MHz, 51, 42.44 W, 1 %, 0x0000000000000001
2026/10/03 19:17:59.352, P8, 210 MHz, 405 MHz, 52, 42.47 W, 1 %, 0x0000000000000001
2026/10/03 19:17:59.885, P8, 210 MHz, 405 MHz, 51, 42.47 W, 1 %, 0x0000000000000001
2026/10/03 19:18:00.421, P8, 210 MHz, 405 MHz, 51, 42.47 W, 1 %, 0x0000000000000001
2026/10/03 19:18:00.957, P8, 210 MHz, 405 MHz, 51, 42.52 W, 1 %, 0x0000000000000001
2026/10/03 19:18:01.494, P8, 210 MHz, 405 MHz, 52, 42.53 W, 1 %, 0x0000000000000001
2026/10/03 19:18:02.034, P8, 210 MHz, 405 MHz, 52, 42.56 W, 1 %, 0x0000000000000001
2026/10/03 19:18:02.571, P8, 210 MHz, 405 MHz, 52, 42.45 W, 0 %, 0x0000000000000001
2026/10/03 19:18:03.108, P8, 210 MHz, 405 MHz, 52, 42.41 W, 1 %, 0x0000000000000001
2026/10/03 19:18:03.648, P8, 210 MHz, 405 MHz, 52, 42.56 W, 1 %, 0x0000000000000001
2026/10/03 19:18:04.185, P8, 210 MHz, 405 MHz, 52, 42.62 W, 0 %, 0x0000000000000001
2026/10/03 19:18:04.721, P8, 210 MHz, 405 MHz, 52, 42.71 W, 1 %, 0x0000000000000001
2026/10/03 19:18:05.254, P8, 210 MHz, 405 MHz, 52, 42.81 W, 1 %, 0x0000000000000001
2026/10/03 19:18:05.796, P8, 210 MHz, 405 MHz, 52, 43.04 W, 27 %, 0x0000000000000001
2026/10/03 19:18:06.379, P2, 1995 MHz, 9251 MHz, 57, 116.80 W, 92 %, 0x0000000000000004
2026/10/03 19:18:06.899, P2, 1980 MHz, 9251 MHz, 58, 235.04 W, 93 %, 0x0000000000000000
2026/10/03 19:18:07.421, P2, 1980 MHz, 9251 MHz, 59, 303.82 W, 93 %, 0x0000000000000000
2026/10/03 19:18:07.929, P2, 1980 MHz, 9251 MHz, 59, 298.25 W, 89 %, 0x0000000000000000
2026/10/03 19:18:08.449, P2, 1980 MHz, 9251 MHz, 60, 298.82 W, 93 %, 0x0000000000000000
2026/10/03 19:18:08.971, P2, 1980 MHz, 9251 MHz, 61, 306.26 W, 93 %, 0x0000000000000000
2026/10/03 19:18:09.496, P2, 1980 MHz, 9251 MHz, 61, 300.09 W, 93 %, 0x0000000000000000
2026/10/03 19:18:10.017, P2, 1980 MHz, 9251 MHz, 61, 300.58 W, 95 %, 0x0000000000000000
2026/10/03 19:18:10.538, P2, 1980 MHz, 9251 MHz, 62, 307.40 W, 95 %, 0x0000000000000000
2026/10/03 19:18:11.048, P2, 1980 MHz, 9251 MHz, 62, 296.15 W, 94 %, 0x0000000000000000
2026/10/03 19:18:11.569, P2, 1980 MHz, 9251 MHz, 62, 288.75 W, 96 %, 0x0000000000000000
2026/10/03 19:18:12.087, P2, 1980 MHz, 9251 MHz, 62, 293.51 W, 95 %, 0x0000000000000000
2026/10/03 19:18:12.607, P2, 1980 MHz, 9251 MHz, 59, 229.90 W, 0 %, 0x0000000000000000
2026/10/03 19:18:13.158, P2, 1980 MHz, 9251 MHz, 58, 157.14 W, 0 %, 0x0000000000000000
2026/10/03 19:18:13.668, P2, 1980 MHz, 9251 MHz, 58, 133.66 W, 71 %, 0x0000000000000000
2026/10/03 19:18:14.189, P2, 1980 MHz, 9251 MHz, 58, 134.15 W, 18 %, 0x0000000000000000
2026/10/03 19:18:14.709, P2, 1980 MHz, 9251 MHz, 58, 134.40 W, 4 %, 0x0000000000000000
2026/10/03 19:18:15.233, P2, 1980 MHz, 9251 MHz, 58, 134.60 W, 90 %, 0x0000000000000000
2026/10/03 19:18:15.753, P2, 1980 MHz, 9251 MHz, 58, 134.72 W, 75 %, 0x0000000000000000
2026/10/03 19:18:16.273, P2, 1980 MHz, 9251 MHz, 58, 134.15 W, 58 %, 0x0000000000000000
2026/10/03 19:18:16.793, P2, 1980 MHz, 9251 MHz, 58, 134.21 W, 33 %, 0x0000000000000000
2026/10/03 19:18:17.317, P2, 1980 MHz, 9251 MHz, 58, 134.52 W, 18 %, 0x0000000000000000
2026/10/03 19:18:17.837, P2, 1980 MHz, 9251 MHz, 58, 134.89 W, 100 %, 0x0000000000000000
2026/10/03 19:18:18.354, P2, 1980 MHz, 9251 MHz, 59, 134.88 W, 90 %, 0x0000000000000000
2026/10/03 19:18:18.862, P2, 1980 MHz, 9251 MHz, 59, 134.40 W, 43 %, 0x0000000000000000
2026/10/03 19:18:19.383, P2, 1980 MHz, 9251 MHz, 59, 134.59 W, 48 %, 0x0000000000000000
2026/10/03 19:18:19.904, P2, 1980 MHz, 9251 MHz, 59, 134.99 W, 35 %, 0x0000000000000000
2026/10/03 19:18:20.412, P2, 1980 MHz, 9251 MHz, 59, 135.29 W, 98 %, 0x0000000000000000
2026/10/03 19:18:20.933, P2, 1980 MHz, 9251 MHz, 59, 134.99 W, 100 %, 0x0000000000000000
2026/10/03 19:18:21.447, P2, 1980 MHz, 9251 MHz, 59, 134.78 W, 26 %, 0x0000000000000000
2026/10/03 19:18:21.970, P2, 1980 MHz, 9251 MHz, 59, 135.17 W, 67 %, 0x0000000000000000
2026/10/03 19:18:22.493, P2, 1980 MHz, 9251 MHz, 59, 135.60 W, 54 %, 0x0000000000000000
2026/10/03 19:18:23.011, P2, 1980 MHz, 9251 MHz, 59, 135.57 W, 79 %, 0x0000000000000000
2026/10/03 19:18:23.533, P2, 1980 MHz, 9251 MHz, 59, 135.26 W, 93 %, 0x0000000000000000
2026/10/03 19:18:24.053, P2, 1980 MHz, 9251 MHz, 59, 135.88 W, 39 %, 0x0000000000000000
2026/10/03 19:18:24.577, P2, 1980 MHz, 9251 MHz, 59, 135.63 W, 0 %, 0x0000000000000000
2026/10/03 19:18:25.101, P2, 1980 MHz, 9251 MHz, 59, 133.84 W, 0 %, 0x0000000000000000
2026/10/03 19:18:25.623, P2, 1980 MHz, 9251 MHz, 59, 132.94 W, 0 %, 0x0000000000000000
2026/10/03 19:18:26.141, P2, 1980 MHz, 9251 MHz, 60, 132.98 W, 0 %, 0x0000000000000000
2026/10/03 19:18:26.659, P5, 345 MHz, 810 MHz, 58, 95.23 W, 0 %, 0x0000000000000001
2026/10/03 19:18:27.197, P5, 255 MHz, 810 MHz, 57, 55.87 W, 0 %, 0x0000000000000001
2026/10/03 19:18:27.737, P5, 210 MHz, 810 MHz, 57, 46.25 W, 0 %, 0x0000000000000001
2026/10/03 19:18:28.271, P5, 210 MHz, 810 MHz, 57, 45.78 W, 0 %, 0x0000000000000001
2026/10/03 19:18:28.836, P8, 210 MHz, 405 MHz, 57, 45.16 W, 0 %, 0x0000000000000001
2026/10/03 19:18:29.367, P8, 210 MHz, 405 MHz, 57, 44.28 W, 1 %, 0x0000000000000001
2026/10/03 19:18:29.905, P8, 210 MHz, 405 MHz, 57, 44.09 W, 0 %, 0x0000000000000001
2026/10/03 19:18:30.465, P8, 210 MHz, 405 MHz, 57, 44.03 W, 0 %, 0x0000000000000001
2026/10/03 19:18:31.000, P8, 210 MHz, 405 MHz, 57, 44.01 W, 1 %, 0x0000000000000001
2026/10/03 19:18:31.536, P8, 210 MHz, 405 MHz, 57, 44.06 W, 0 %, 0x0000000000000001
2026/10/03 19:18:32.091, P8, 210 MHz, 405 MHz, 57, 44.09 W, 0 %, 0x0000000000000001
2026/10/03 19:18:32.628, P8, 210 MHz, 405 MHz, 57, 44.13 W, 1 %, 0x0000000000000001
2026/10/03 19:18:33.164, P8, 210 MHz, 405 MHz, 57, 44.04 W, 1 %, 0x0000000000000001
2026/10/03 19:18:33.701, P8, 210 MHz, 405 MHz, 57, 43.93 W, 0 %, 0x0000000000000001
2026/10/03 19:18:34.244, P8, 210 MHz, 405 MHz, 57, 44.06 W, 4 %, 0x0000000000000001
2026/10/03 19:18:34.798, P8, 210 MHz, 405 MHz, 57, 44.40 W, 3 %, 0x0000000000000001
2026/10/03 19:18:35.342, P8, 210 MHz, 405 MHz, 57, 44.31 W, 0 %, 0x0000000000000001
2026/10/03 19:18:35.875, P8, 210 MHz, 405 MHz, 57, 44.04 W, 1 %, 0x0000000000000001
2026/10/03 19:18:36.412, P8, 210 MHz, 405 MHz, 57, 44.02 W, 1 %, 0x0000000000000001
2026/10/03 19:18:36.946, P8, 210 MHz, 405 MHz, 57, 43.99 W, 1 %, 0x0000000000000001
2026/10/03 19:18:37.484, P8, 210 MHz, 405 MHz, 57, 44.01 W, 1 %, 0x0000000000000001
2026/10/03 19:18:38.034, P8, 210 MHz, 405 MHz, 57, 43.98 W, 1 %, 0x0000000000000001
2026/10/03 19:18:38.581, P8, 210 MHz, 405 MHz, 57, 43.93 W, 0 %, 0x0000000000000001
2026/10/03 19:18:39.115, P8, 210 MHz, 405 MHz, 57, 43.97 W, 1 %, 0x0000000000000001
2026/10/03 19:18:39.659, P8, 210 MHz, 405 MHz, 57, 43.98 W, 1 %, 0x0000000000000001
2026/10/03 19:18:40.189, P8, 210 MHz, 405 MHz, 57, 43.94 W, 0 %, 0x0000000000000001
2026/10/03 19:18:40.735, P8, 210 MHz, 405 MHz, 57, 43.92 W, 1 %, 0x0000000000000001
2026/10/03 19:18:41.284, P8, 210 MHz, 405 MHz, 57, 43.89 W, 1 %, 0x0000000000000001
2026/10/03 19:18:41.815, P8, 210 MHz, 405 MHz, 57, 43.84 W, 0 %, 0x0000000000000001
2026/10/03 19:18:42.367, P8, 210 MHz, 405 MHz, 57, 43.93 W, 2 %, 0x0000000000000001
2026/10/03 19:18:42.901, P8, 210 MHz, 405 MHz, 57, 43.96 W, 0 %, 0x0000000000000001
2026/10/03 19:18:43.453, P8, 210 MHz, 405 MHz, 57, 43.88 W, 0 %, 0x0000000000000001
2026/10/03 19:18:44.019, P8, 210 MHz, 405 MHz, 57, 43.86 W, 0 %, 0x0000000000000001
2026/10/03 19:18:44.551, P8, 210 MHz, 405 MHz, 57, 43.89 W, 0 %, 0x0000000000000001
2026/10/03 19:18:45.100, P8, 210 MHz, 405 MHz, 57, 43.93 W, 0 %, 0x0000000000000001
2026/10/03 19:18:45.639, P8, 210 MHz, 405 MHz, 57, 43.87 W, 0 %, 0x0000000000000001
2026/10/03 19:18:46.185, P8, 210 MHz, 405 MHz, 57, 43.81 W, 0 %, 0x0000000000000001
2026/10/03 19:18:46.739, P8, 210 MHz, 405 MHz, 57, 43.88 W, 0 %, 0x0000000000000001
2026/10/03 19:18:47.274, P8, 210 MHz, 405 MHz, 57, 43.89 W, 0 %, 0x0000000000000001
2026/10/03 19:18:47.824, P8, 210 MHz, 405 MHz, 57, 43.84 W, 0 %, 0x0000000000000001
2026/10/03 19:18:48.367, P8, 210 MHz, 405 MHz, 57, 43.86 W, 0 %, 0x0000000000000001
2026/10/03 19:18:48.904, P8, 210 MHz, 405 MHz, 57, 43.84 W, 0 %, 0x0000000000000001
2026/10/03 19:18:49.435, P8, 210 MHz, 405 MHz, 57, 43.80 W, 0 %, 0x0000000000000001
2026/10/03 19:18:49.965, P8, 210 MHz, 405 MHz, 57, 43.88 W, 0 %, 0x0000000000000001
2026/10/03 19:18:50.500, P8, 210 MHz, 405 MHz, 57, 43.88 W, 0 %, 0x0000000000000001
2026/10/03 19:18:51.042, P8, 210 MHz, 405 MHz, 57, 43.92 W, 0 %, 0x0000000000000001
2026/10/03 19:18:51.591, P8, 210 MHz, 405 MHz, 57, 43.92 W, 0 %, 0x0000000000000001
2026/10/03 19:18:52.132, P8, 210 MHz, 405 MHz, 57, 43.90 W, 0 %, 0x0000000000000001
2026/10/03 19:18:52.691, P8, 210 MHz, 405 MHz, 57, 43.85 W, 0 %, 0x0000000000000001
2026/10/03 19:18:53.233, P8, 210 MHz, 405 MHz, 57, 43.86 W, 0 %, 0x0000000000000001
2026/10/03 19:18:53.777, P8, 210 MHz, 405 MHz, 57, 43.84 W, 1 %, 0x0000000000000001
2026/10/03 19:18:54.310, P8, 210 MHz, 405 MHz, 57, 43.87 W, 0 %, 0x0000000000000001
2026/10/03 19:18:54.852, P8, 210 MHz, 405 MHz, 57, 43.94 W, 0 %, 0x0000000000000001
2026/10/03 19:18:55.405, P8, 210 MHz, 405 MHz, 57, 43.94 W, 1 %, 0x0000000000000001
2026/10/03 19:18:55.941, P8, 210 MHz, 405 MHz, 57, 43.94 W, 1 %, 0x0000000000000001
2026/10/03 19:18:56.483, P8, 210 MHz, 405 MHz, 57, 43.97 W, 0 %, 0x0000000000000001
2026/10/03 19:18:57.022, P8, 210 MHz, 405 MHz, 57, 43.96 W, 1 %, 0x0000000000000001
2026/10/03 19:18:57.568, P8, 210 MHz, 405 MHz, 57, 43.94 W, 1 %, 0x0000000000000001
2026/10/03 19:18:58.104, P8, 210 MHz, 405 MHz, 57, 43.97 W, 0 %, 0x0000000000000001
2026/10/03 19:18:58.638, P8, 210 MHz, 405 MHz, 57, 43.96 W, 1 %, 0x0000000000000001
2026/10/03 19:18:59.180, P8, 210 MHz, 405 MHz, 57, 43.89 W, 1 %, 0x0000000000000001
2026/10/03 19:18:59.722, P8, 210 MHz, 405 MHz, 57, 43.95 W, 0 %, 0x0000000000000001
2026/10/03 19:19:00.265, P8, 210 MHz, 405 MHz, 57, 43.99 W, 1 %, 0x0000000000000001
2026/10/03 19:19:00.805, P8, 210 MHz, 405 MHz, 57, 44.08 W, 1 %, 0x0000000000000001
2026/10/03 19:19:01.340, P8, 210 MHz, 405 MHz, 57, 44.08 W, 0 %, 0x0000000000000001
2026/10/03 19:19:01.878, P8, 210 MHz, 405 MHz, 57, 43.89 W, 1 %, 0x0000000000000001
2026/10/03 19:19:02.415, P8, 210 MHz, 405 MHz, 57, 43.78 W, 1 %, 0x0000000000000001
2026/10/03 19:19:02.949, P8, 210 MHz, 405 MHz, 57, 43.78 W, 0 %, 0x0000000000000001
2026/10/03 19:19:03.490, P8, 210 MHz, 405 MHz, 57, 43.85 W, 1 %, 0x0000000000000001
2026/10/03 19:19:04.027, P8, 210 MHz, 405 MHz, 57, 43.90 W, 1 %, 0x0000000000000001
2026/10/03 19:19:04.561, P8, 210 MHz, 405 MHz, 57, 43.92 W, 0 %, 0x0000000000000001
2026/10/03 19:19:05.097, P8, 210 MHz, 405 MHz, 57, 43.88 W, 1 %, 0x0000000000000001
2026/10/03 19:19:05.636, P8, 210 MHz, 405 MHz, 57, 43.83 W, 1 %, 0x0000000000000001
2026/10/03 19:19:06.171, P8, 210 MHz, 405 MHz, 57, 43.88 W, 0 %, 0x0000000000000001
2026/10/03 19:19:06.705, P8, 210 MHz, 405 MHz, 57, 43.96 W, 1 %, 0x0000000000000001
2026/10/03 19:19:07.243, P8, 210 MHz, 405 MHz, 57, 44.00 W, 1 %, 0x0000000000000001
2026/10/03 19:19:07.780, P8, 210 MHz, 405 MHz, 57, 43.95 W, 0 %, 0x0000000000000001
2026/10/03 19:19:08.322, P8, 210 MHz, 405 MHz, 57, 44.09 W, 1 %, 0x0000000000000001
2026/10/03 19:19:08.850, P8, 210 MHz, 405 MHz, 57, 44.41 W, 1 %, 0x0000000000000001
2026/10/03 19:19:09.392, P8, 210 MHz, 405 MHz, 57, 44.22 W, 0 %, 0x0000000000000001
2026/10/03 19:19:09.928, P8, 210 MHz, 405 MHz, 57, 43.92 W, 1 %, 0x0000000000000001
2026/10/03 19:19:10.459, P8, 210 MHz, 405 MHz, 57, 43.89 W, 1 %, 0x0000000000000001
2026/10/03 19:19:10.999, P8, 210 MHz, 405 MHz, 57, 43.89 W, 0 %, 0x0000000000000001
2026/10/03 19:19:11.537, P8, 210 MHz, 405 MHz, 57, 43.98 W, 0 %, 0x0000000000000001
2026/10/03 19:19:12.073, P8, 210 MHz, 405 MHz, 57, 43.99 W, 0 %, 0x0000000000000001
2026/10/03 19:19:12.610, P8, 210 MHz, 405 MHz, 57, 43.97 W, 0 %, 0x0000000000000001
2026/10/03 19:19:13.150, P8, 210 MHz, 405 MHz, 57, 43.97 W, 0 %, 0x0000000000000001
2026/10/03 19:19:13.687, P8, 210 MHz, 405 MHz, 57, 43.94 W, 0 %, 0x0000000000000001
2026/10/03 19:19:14.223, P8, 210 MHz, 405 MHz, 57, 43.95 W, 0 %, 0x0000000000000001
2026/10/03 19:19:14.758, P8, 210 MHz, 405 MHz, 57, 43.99 W, 0 %, 0x0000000000000001
2026/10/03 19:19:15.295, P8, 210 MHz, 405 MHz, 57, 43.98 W, 0 %, 0x0000000000000001
2026/10/03 19:19:15.828, P8, 210 MHz, 405 MHz, 57, 43.93 W, 0 %, 0x0000000000000001
2026/10/03 19:19:16.362, P8, 210 MHz, 405 MHz, 57, 43.93 W, 0 %, 0x0000000000000001
2026/10/03 19:19:16.904, P8, 210 MHz, 405 MHz, 57, 43.97 W, 0 %, 0x0000000000000001
2026/10/03 19:19:17.439, P8, 210 MHz, 405 MHz, 57, 44.01 W, 0 %, 0x0000000000000001
2026/10/03 19:19:17.973, P8, 210 MHz, 405 MHz, 57, 43.99 W, 0 %, 0x0000000000000001
2026/10/03 19:19:18.510, P8, 210 MHz, 405 MHz, 57, 43.92 W, 0 %, 0x0000000000000001
2026/10/03 19:19:19.048, P8, 210 MHz, 405 MHz, 57, 43.94 W, 0 %, 0x0000000000000001
2026/10/03 19:19:19.583, P8, 210 MHz, 405 MHz, 57, 44.01 W, 0 %, 0x0000000000000001
2026/10/03 19:19:20.118, P8, 210 MHz, 405 MHz, 57, 44.01 W, 0 %, 0x0000000000000001
2026/10/03 19:19:20.654, P8, 210 MHz, 405 MHz, 57, 43.91 W, 0 %, 0x0000000000000001
2026/10/03 19:19:21.187, P8, 210 MHz, 405 MHz, 57, 43.86 W, 0 %, 0x0000000000000001
2026/10/03 19:19:21.723, P8, 210 MHz, 405 MHz, 57, 43.89 W, 0 %, 0x0000000000000001
2026/10/03 19:19:22.256, P8, 210 MHz, 405 MHz, 57, 44.01 W, 0 %, 0x0000000000000001
2026/10/03 19:19:22.792, P8, 210 MHz, 405 MHz, 57, 44.12 W, 0 %, 0x0000000000000001
2026/10/03 19:19:23.325, P8, 210 MHz, 405 MHz, 57, 44.04 W, 0 %, 0x0000000000000001
2026/10/03 19:19:23.862, P8, 210 MHz, 405 MHz, 57, 44.00 W, 0 %, 0x0000000000000001
2026/10/03 19:19:24.404, P8, 210 MHz, 405 MHz, 57, 44.00 W, 0 %, 0x0000000000000001
2026/10/03 19:19:24.939, P8, 210 MHz, 405 MHz, 57, 44.00 W, 0 %, 0x0000000000000001
2026/10/03 19:19:25.475, P8, 210 MHz, 405 MHz, 57, 44.05 W, 0 %, 0x0000000000000001
2026/10/03 19:19:26.010, P8, 210 MHz, 405 MHz, 57, 44.10 W, 0 %, 0x0000000000000001
2026/10/03 19:19:26.546, P8, 210 MHz, 405 MHz, 57, 43.96 W, 0 %, 0x0000000000000001
2026/10/03 19:19:27.081, P8, 210 MHz, 405 MHz, 57, 43.92 W, 0 %, 0x0000000000000001
2026/10/03 19:19:27.614, P8, 210 MHz, 405 MHz, 57, 43.97 W, 0 %, 0x0000000000000001
2026/10/03 19:19:28.155, P8, 210 MHz, 405 MHz, 57, 43.99 W, 0 %, 0x0000000000000001
2026/10/03 19:19:28.691, P8, 210 MHz, 405 MHz, 57, 43.99 W, 0 %, 0x0000000000000001
2026/10/03 19:19:29.227, P8, 210 MHz, 405 MHz, 57, 44.00 W, 0 %, 0x0000000000000001
2026/10/03 19:19:29.763, P8, 210 MHz, 405 MHz, 57, 43.98 W, 2 %, 0x0000000000000001
2026/10/03 19:19:30.295, P8, 210 MHz, 405 MHz, 57, 43.92 W, 0 %, 0x0000000000000001
2026/10/03 19:19:30.835, P8, 210 MHz, 405 MHz, 57, 43.79 W, 0 %, 0x0000000000000001
2026/10/03 19:19:31.374, P8, 210 MHz, 405 MHz, 57, 43.84 W, 0 %, 0x0000000000000001
2026/10/03 19:19:31.909, P8, 210 MHz, 405 MHz, 57, 43.95 W, 0 %, 0x0000000000000001
2026/10/03 19:19:32.444, P8, 210 MHz, 405 MHz, 57, 44.03 W, 0 %, 0x0000000000000001
2026/10/03 19:19:32.986, P8, 210 MHz, 405 MHz, 57, 43.93 W, 0 %, 0x0000000000000001
2026/10/03 19:19:33.521, P8, 210 MHz, 405 MHz, 57, 43.86 W, 0 %, 0x0000000000000001
2026/10/03 19:19:34.051, P8, 210 MHz, 405 MHz, 57, 43.83 W, 0 %, 0x0000000000000001
2026/10/03 19:19:34.586, P8, 210 MHz, 405 MHz, 57, 43.78 W, 0 %, 0x0000000000000001
2026/10/03 19:19:35.126, P8, 210 MHz, 405 MHz, 57, 43.93 W, 0 %, 0x0000000000000001
2026/10/03 19:19:35.661, P8, 210 MHz, 405 MHz, 57, 43.90 W, 0 %, 0x0000000000000001
2026/10/03 19:19:36.198, P8, 210 MHz, 405 MHz, 57, 43.87 W, 1 %, 0x0000000000000001
2026/10/03 19:19:36.738, P8, 210 MHz, 405 MHz, 57, 43.93 W, 1 %, 0x0000000000000001
2026/10/03 19:19:37.273, P8, 210 MHz, 405 MHz, 57, 44.08 W, 2 %, 0x0000000000000001
2026/10/03 19:19:37.825, P8, 210 MHz, 405 MHz, 57, 44.36 W, 3 %, 0x0000000000000001
2026/10/03 19:19:38.362, P8, 210 MHz, 405 MHz, 57, 44.25 W, 1 %, 0x0000000000000001
2026/10/03 19:19:38.902, P8, 210 MHz, 405 MHz, 57, 44.03 W, 0 %, 0x0000000000000001
2026/10/03 19:19:39.437, P8, 210 MHz, 405 MHz, 57, 44.09 W, 1 %, 0x0000000000000001
2026/10/03 19:19:39.972, P8, 210 MHz, 405 MHz, 57, 44.03 W, 1 %, 0x0000000000000001
2026/10/03 19:19:40.511, P8, 210 MHz, 405 MHz, 57, 44.01 W, 0 %, 0x0000000000000001
2026/10/03 19:19:41.047, P8, 210 MHz, 405 MHz, 57, 43.96 W, 1 %, 0x0000000000000001
2026/10/03 19:19:41.582, P8, 210 MHz, 405 MHz, 57, 43.94 W, 1 %, 0x0000000000000001
2026/10/03 19:19:42.116, P8, 210 MHz, 405 MHz, 57, 43.94 W, 0 %, 0x0000000000000001
2026/10/03 19:19:42.654, P8, 210 MHz, 405 MHz, 57, 43.95 W, 1 %, 0x0000000000000001
2026/10/03 19:19:43.187, P8, 210 MHz, 405 MHz, 57, 43.85 W, 1 %, 0x0000000000000001
2026/10/03 19:19:43.723, P8, 210 MHz, 405 MHz, 57, 43.81 W, 0 %, 0x0000000000000001
2026/10/03 19:19:44.264, P8, 210 MHz, 405 MHz, 57, 43.85 W, 1 %, 0x0000000000000001
2026/10/03 19:19:44.801, P8, 210 MHz, 405 MHz, 57, 43.94 W, 1 %, 0x0000000000000001
2026/10/03 19:19:45.335, P8, 210 MHz, 405 MHz, 57, 44.11 W, 1 %, 0x0000000000000001
2026/10/03 19:19:45.872, P8, 210 MHz, 405 MHz, 57, 44.09 W, 1 %, 0x0000000000000001
2026/10/03 19:19:46.412, P8, 210 MHz, 405 MHz, 57, 44.03 W, 1 %, 0x0000000000000001
2026/10/03 19:19:46.949, P8, 210 MHz, 405 MHz, 57, 44.07 W, 0 %, 0x0000000000000001
2026/10/03 19:19:47.483, P8, 210 MHz, 405 MHz, 57, 44.11 W, 1 %, 0x0000000000000001
2026/10/03 19:19:48.021, P8, 210 MHz, 405 MHz, 57, 44.05 W, 1 %, 0x0000000000000001
2026/10/03 19:19:48.560, P8, 210 MHz, 405 MHz, 57, 43.97 W, 0 %, 0x0000000000000001
2026/10/03 19:19:49.093, P8, 210 MHz, 405 MHz, 57, 43.95 W, 1 %, 0x0000000000000001
2026/10/03 19:19:49.629, P8, 210 MHz, 405 MHz, 57, 43.90 W, 1 %, 0x0000000000000001
2026/10/03 19:19:50.170, P8, 210 MHz, 405 MHz, 57, 43.85 W, 0 %, 0x0000000000000001
2026/10/03 19:19:50.703, P8, 210 MHz, 405 MHz, 57, 43.96 W, 1 %, 0x0000000000000001
2026/10/03 19:19:51.239, P8, 210 MHz, 405 MHz, 57, 44.05 W, 1 %, 0x0000000000000001
2026/10/03 19:19:51.779, P8, 210 MHz, 405 MHz, 57, 44.01 W, 0 %, 0x0000000000000001
2026/10/03 19:19:52.315, P8, 210 MHz, 405 MHz, 57, 44.01 W, 1 %, 0x0000000000000001
2026/10/03 19:19:52.849, P8, 210 MHz, 405 MHz, 57, 44.06 W, 1 %, 0x0000000000000001
2026/10/03 19:19:53.382, P8, 210 MHz, 405 MHz, 57, 44.00 W, 0 %, 0x0000000000000001
2026/10/03 19:19:53.924, P8, 210 MHz, 405 MHz, 57, 44.00 W, 0 %, 0x0000000000000001
2026/10/03 19:19:54.457, P8, 210 MHz, 405 MHz, 57, 44.03 W, 0 %, 0x0000000000000001
2026/10/03 19:19:54.991, P8, 210 MHz, 405 MHz, 57, 44.01 W, 0 %, 0x0000000000000001
2026/10/03 19:19:55.530, P8, 210 MHz, 405 MHz, 57, 43.97 W, 0 %, 0x0000000000000001
2026/10/03 19:19:56.066, P8, 210 MHz, 405 MHz, 57, 43.98 W, 0 %, 0x0000000000000001
2026/10/03 19:19:56.603, P8, 210 MHz, 405 MHz, 57, 44.04 W, 0 %, 0x0000000000000001
2026/10/03 19:19:57.140, P8, 210 MHz, 405 MHz, 57, 44.03 W, 0 %, 0x0000000000000001
2026/10/03 19:19:57.678, P8, 210 MHz, 405 MHz, 57, 44.01 W, 0 %, 0x0000000000000001
2026/10/03 19:19:58.211, P8, 210 MHz, 405 MHz, 57, 44.00 W, 0 %, 0x0000000000000001
2026/10/03 19:19:58.761, P8, 1800 MHz, 9251 MHz, 58, 47.09 W, 100 %, 0x0000000000000001
2026/10/03 19:19:59.328, P2, 1965 MHz, 9251 MHz, 63, 146.73 W, 95 %, 0x0000000000000000
2026/10/03 19:19:59.838, P2, 1965 MHz, 9251 MHz, 64, 293.20 W, 96 %, 0x0000000000000000
2026/10/03 19:20:00.357, P2, 1965 MHz, 9251 MHz, 65, 317.93 W, 96 %, 0x0000000000000000
2026/10/03 19:20:00.878, P2, 1965 MHz, 9251 MHz, 65, 313.24 W, 82 %, 0x0000000000000000
2026/10/03 19:20:01.402, P2, 1965 MHz, 9251 MHz, 66, 312.46 W, 95 %, 0x0000000000000000
2026/10/03 19:20:01.921, P2, 1965 MHz, 9251 MHz, 66, 319.06 W, 96 %, 0x0000000000000000
2026/10/03 19:20:02.439, P2, 1965 MHz, 9251 MHz, 67, 323.58 W, 96 %, 0x0000000000000000
2026/10/03 19:20:02.964, P2, 1965 MHz, 9251 MHz, 67, 315.79 W, 96 %, 0x0000000000000000
2026/10/03 19:20:03.481, P2, 1965 MHz, 9251 MHz, 67, 313.37 W, 97 %, 0x0000000000000000
2026/10/03 19:20:03.999, P2, 1965 MHz, 9251 MHz, 67, 318.66 W, 97 %, 0x0000000000000000
2026/10/03 19:20:04.519, P2, 1965 MHz, 9251 MHz, 68, 319.69 W, 97 %, 0x0000000000000000
2026/10/03 19:20:05.044, P2, 1965 MHz, 9251 MHz, 67, 299.52 W, 96 %, 0x0000000000000000
2026/10/03 19:20:05.561, P2, 1965 MHz, 9251 MHz, 67, 281.63 W, 98 %, 0x0000000000000000
2026/10/03 19:20:06.082, P2, 1965 MHz, 9251 MHz, 67, 280.84 W, 98 %, 0x0000000000000000
2026/10/03 19:20:06.590, P2, 1965 MHz, 9251 MHz, 67, 281.79 W, 98 %, 0x0000000000000000
2026/10/03 19:20:07.107, P2, 1965 MHz, 9251 MHz, 65, 264.65 W, 82 %, 0x0000000000000000
2026/10/03 19:20:07.628, P2, 1965 MHz, 9251 MHz, 64, 198.35 W, 0 %, 0x0000000000000000
2026/10/03 19:20:08.137, P2, 1965 MHz, 9251 MHz, 63, 135.50 W, 0 %, 0x0000000000000000
2026/10/03 19:20:08.657, P2, 1965 MHz, 9251 MHz, 63, 135.23 W, 0 %, 0x0000000000000000
2026/10/03 19:20:09.177, P3, 330 MHz, 5001 MHz, 62, 121.22 W, 0 %, 0x0000000000000001
2026/10/03 19:20:09.715, P3, 285 MHz, 5001 MHz, 61, 84.84 W, 0 %, 0x0000000000000001
2026/10/03 19:20:10.265, P3, 225 MHz, 5001 MHz, 61, 76.33 W, 0 %, 0x0000000000000001
2026/10/03 19:20:10.799, P3, 225 MHz, 5001 MHz, 60, 75.03 W, 0 %, 0x0000000000000001
2026/10/03 19:20:11.336, P3, 225 MHz, 5001 MHz, 60, 74.52 W, 0 %, 0x0000000000000001
2026/10/03 19:20:11.876, P5, 210 MHz, 810 MHz, 60, 67.14 W, 0 %, 0x0000000000000001
2026/10/03 19:20:12.413, P5, 210 MHz, 810 MHz, 60, 49.62 W, 0 %, 0x0000000000000001
2026/10/03 19:20:12.949, P5, 210 MHz, 810 MHz, 59, 46.48 W, 0 %, 0x0000000000000001
2026/10/03 19:20:13.483, P8, 210 MHz, 405 MHz, 59, 46.38 W, 0 %, 0x0000000000000001
2026/10/03 19:20:14.022, P8, 210 MHz, 405 MHz, 59, 45.60 W, 1 %, 0x0000000000000001
2026/10/03 19:20:14.557, P8, 210 MHz, 405 MHz, 59, 44.95 W, 0 %, 0x0000000000000001
2026/10/03 19:20:15.094, P8, 210 MHz, 405 MHz, 59, 44.92 W, 1 %, 0x0000000000000001
2026/10/03 19:20:15.620, P8, 210 MHz, 405 MHz, 58, 44.82 W, 1 %, 0x0000000000000001
2026/10/03 19:20:16.155, P8, 210 MHz, 405 MHz, 58, 44.79 W, 1 %, 0x0000000000000001
2026/10/03 19:20:16.685, P8, 285 MHz, 405 MHz, 58, 45.45 W, 49 %, 0x0000000000000001
2026/10/03 19:20:17.223, P2, 1800 MHz, 9251 MHz, 59, 54.14 W, 86 %, 0x0000000000000001
2026/10/03 19:20:17.764, P2, 1800 MHz, 9251 MHz, 60, 92.43 W, 19 %, 0x0000000000000001
2026/10/03 19:20:18.301, P2, 1800 MHz, 9251 MHz, 59, 125.25 W, 39 %, 0x0000000000000001
2026/10/03 19:20:18.836, P2, 1800 MHz, 9251 MHz, 59, 116.62 W, 0 %, 0x0000000000000001
2026/10/03 19:20:19.374, P2, 1965 MHz, 9251 MHz, 60, 110.65 W, 2 %, 0x0000000000000000
2026/10/03 19:20:19.895, P2, 1965 MHz, 9251 MHz, 60, 120.39 W, 0 %, 0x0000000000000000
2026/10/03 19:20:20.413, P2, 1965 MHz, 9251 MHz, 63, 173.01 W, 96 %, 0x0000000000000000
2026/10/03 19:20:20.937, P2, 1965 MHz, 9251 MHz, 62, 235.06 W, 45 %, 0x0000000000000000
2026/10/03 19:20:21.461, P2, 1965 MHz, 9251 MHz, 62, 231.22 W, 45 %, 0x0000000000000000
2026/10/03 19:20:21.981, P2, 1965 MHz, 9251 MHz, 62, 212.07 W, 45 %, 0x0000000000000000
2026/10/03 19:20:22.502, P2, 1965 MHz, 9251 MHz, 62, 212.48 W, 45 %, 0x0000000000000000
2026/10/03 19:20:23.026, P2, 1965 MHz, 9251 MHz, 61, 208.64 W, 28 %, 0x0000000000000000
2026/10/03 19:20:23.561, P2, 1965 MHz, 9251 MHz, 61, 165.33 W, 0 %, 0x0000000000000000
2026/10/03 19:20:24.093, P2, 1965 MHz, 9251 MHz, 60, 134.04 W, 0 %, 0x0000000000000000
2026/10/03 19:20:24.625, P3, 525 MHz, 5001 MHz, 59, 129.45 W, 0 %, 0x0000000000000001
2026/10/03 19:20:25.164, P3, 390 MHz, 5001 MHz, 59, 103.43 W, 0 %, 0x0000000000000001
2026/10/03 19:20:25.712, P3, 300 MHz, 5001 MHz, 58, 76.23 W, 0 %, 0x0000000000000001
2026/10/03 19:20:26.268, P3, 255 MHz, 5001 MHz, 58, 75.13 W, 0 %, 0x0000000000000001
2026/10/03 19:20:26.805, P3, 225 MHz, 5001 MHz, 58, 74.23 W, 0 %, 0x0000000000000001
2026/10/03 19:20:27.347, P3, 225 MHz, 5001 MHz, 58, 74.15 W, 0 %, 0x0000000000000001
2026/10/03 19:20:27.901, P3, 225 MHz, 5001 MHz, 58, 74.09 W, 0 %, 0x0000000000000001
2026/10/03 19:20:28.442, P3, 225 MHz, 5001 MHz, 58, 73.78 W, 0 %, 0x0000000000000001
2026/10/03 19:20:28.990, P5, 210 MHz, 810 MHz, 57, 73.65 W, 0 %, 0x0000000000000001
2026/10/03 19:20:29.583, P5, 210 MHz, 810 MHz, 57, 58.93 W, 0 %, 0x0000000000000001
2026/10/03 19:20:30.124, P5, 210 MHz, 810 MHz, 57, 46.10 W, 0 %, 0x0000000000000001
2026/10/03 19:20:30.667, P5, 210 MHz, 810 MHz, 57, 46.06 W, 0 %, 0x0000000000000001
2026/10/03 19:20:31.202, P8, 210 MHz, 405 MHz, 56, 45.57 W, 0 %, 0x0000000000000001
2026/10/03 19:20:31.739, P8, 210 MHz, 405 MHz, 56, 44.70 W, 0 %, 0x0000000000000001
2026/10/03 19:20:32.293, P8, 210 MHz, 405 MHz, 56, 45.31 W, 27 %, 0x0000000000000001
2026/10/03 19:20:32.866, P8, 210 MHz, 405 MHz, 56, 46.25 W, 27 %, 0x0000000000000001
2026/10/03 19:20:33.400, P8, 210 MHz, 405 MHz, 56, 46.38 W, 27 %, 0x0000000000000001
2026/10/03 19:20:33.992, P8, 210 MHz, 405 MHz, 56, 46.30 W, 30 %, 0x0000000000000001
2026/10/03 19:20:34.547, P8, 210 MHz, 405 MHz, 56, 46.21 W, 28 %, 0x0000000000000001
2026/10/03 19:20:35.094, P8, 210 MHz, 405 MHz, 56, 46.07 W, 27 %, 0x0000000000000001
2026/10/03 19:20:35.648, P8, 210 MHz, 405 MHz, 56, 45.99 W, 28 %, 0x0000000000000001
2026/10/03 19:20:36.185, P8, 210 MHz, 405 MHz, 55, 45.97 W, 28 %, 0x0000000000000001
2026/10/03 19:20:36.771, P8, 210 MHz, 405 MHz, 55, 45.87 W, 29 %, 0x0000000000000001
2026/10/03 19:20:37.310, P8, 210 MHz, 405 MHz, 55, 45.79 W, 27 %, 0x0000000000000001
2026/10/03 19:20:37.877, P8, 210 MHz, 405 MHz, 55, 45.74 W, 24 %, 0x0000000000000001
2026/10/03 19:20:38.469, P8, 210 MHz, 405 MHz, 55, 45.77 W, 30 %, 0x0000000000000001
2026/10/03 19:20:38.998, P8, 210 MHz, 405 MHz, 55, 45.81 W, 27 %, 0x0000000000000001
2026/10/03 19:20:39.562, P8, 210 MHz, 405 MHz, 55, 45.66 W, 27 %, 0x0000000000000001
2026/10/03 19:20:40.116, P8, 210 MHz, 405 MHz, 55, 45.64 W, 35 %, 0x0000000000000001
2026/10/03 19:20:40.676, P8, 225 MHz, 405 MHz, 55, 45.94 W, 39 %, 0x0000000000000001
2026/10/03 19:20:41.221, P8, 210 MHz, 405 MHz, 55, 45.98 W, 28 %, 0x0000000000000001
2026/10/03 19:20:41.815, P8, 210 MHz, 405 MHz, 54, 45.53 W, 27 %, 0x0000000000000001
2026/10/03 19:20:42.403, P8, 210 MHz, 405 MHz, 54, 45.58 W, 24 %, 0x0000000000000001
2026/10/03 19:20:42.936, P8, 210 MHz, 405 MHz, 54, 45.61 W, 23 %, 0x0000000000000001
2026/10/03 19:20:43.509, P8, 210 MHz, 405 MHz, 54, 45.39 W, 20 %, 0x0000000000000001
2026/10/03 19:20:44.097, P8, 210 MHz, 405 MHz, 54, 45.38 W, 28 %, 0x0000000000000001
2026/10/03 19:20:44.639, P8, 210 MHz, 405 MHz, 54, 45.30 W, 31 %, 0x0000000000000001
2026/10/03 19:20:45.175, P8, 210 MHz, 405 MHz, 54, 45.18 W, 17 %, 0x0000000000000001
2026/10/03 19:20:45.712, P2, 1800 MHz, 9251 MHz, 55, 60.15 W, 85 %, 0x0000000000000001
2026/10/03 19:20:46.252, P2, 1800 MHz, 9251 MHz, 55, 96.71 W, 18 %, 0x0000000000000001
2026/10/03 19:20:46.789, P2, 1800 MHz, 9251 MHz, 56, 125.85 W, 18 %, 0x0000000000000001
2026/10/03 19:20:47.323, P2, 975 MHz, 5001 MHz, 55, 122.91 W, 1 %, 0x0000000000000001
