timestamp, pstate, clocks.current.graphics [MHz], clocks.current.memory [MHz], temperature.gpu, power.draw [W], utilization.gpu [%], clocks_event_reasons.active
2026/10/04 21:37:32.655, P2, 1800 MHz, 9251 MHz, 34, 43.55 W, 8 %, 0x0000000000000000
2026/10/04 21:37:33.186, P2, 2010 MHz, 9251 MHz, 38, 120.90 W, 97 %, 0x0000000000000000
2026/10/04 21:37:33.702, P2, 2010 MHz, 9251 MHz, 39, 219.01 W, 97 %, 0x0000000000000000
2026/10/04 21:37:34.233, P2, 2010 MHz, 9251 MHz, 36, 209.14 W, 0 %, 0x0000000000000000
2026/10/04 21:37:34.748, P2, 2010 MHz, 9251 MHz, 36, 132.87 W, 0 %, 0x0000000000000000
2026/10/04 21:37:35.275, P2, 2010 MHz, 9251 MHz, 36, 116.26 W, 0 %, 0x0000000000000000
2026/10/04 21:37:35.790, P2, 1800 MHz, 9251 MHz, 36, 114.56 W, 0 %, 0x0000000000000000
2026/10/04 21:37:36.322, P2, 2010 MHz, 9251 MHz, 36, 106.87 W, 54 %, 0x0000000000000000
2026/10/04 21:37:36.837, P2, 2010 MHz, 9251 MHz, 36, 108.53 W, 53 %, 0x0000000000000000
2026/10/04 21:37:37.353, P2, 2010 MHz, 9251 MHz, 36, 118.79 W, 1 %, 0x0000000000000000
2026/10/04 21:37:37.869, P2, 2010 MHz, 9251 MHz, 37, 117.36 W, 0 %, 0x0000000000000000
2026/10/04 21:37:38.385, P2, 2010 MHz, 9251 MHz, 37, 116.53 W, 1 %, 0x0000000000000000
2026/10/04 21:37:38.900, P5, 450 MHz, 810 MHz, 36, 116.57 W, 0 %, 0x0000000000000001
2026/10/04 21:37:39.432, P5, 360 MHz, 810 MHz, 35, 79.33 W, 2 %, 0x0000000000000001
2026/10/04 21:37:39.978, P5, 300 MHz, 810 MHz, 35, 46.04 W, 1 %, 0x0000000000000001
2026/10/04 21:37:40.510, P5, 225 MHz, 810 MHz, 34, 42.43 W, 1 %, 0x0000000000000001
2026/10/04 21:37:41.041, P5, 210 MHz, 405 MHz, 34, 41.38 W, 1 %, 0x0000000000000001
2026/10/04 21:37:41.572, P8, 210 MHz, 405 MHz, 34, 39.39 W, 0 %, 0x0000000000000001
2026/10/04 21:37:42.103, P8, 210 MHz, 405 MHz, 34, 37.13 W, 0 %, 0x0000000000000001
2026/10/04 21:37:42.666, P2, 1800 MHz, 9251 MHz, 35, 42.31 W, 94 %, 0x0000000000000001
2026/10/04 21:37:43.197, P2, 2010 MHz, 9251 MHz, 39, 107.74 W, 76 %, 0x0000000000000000
2026/10/04 21:37:43.713, P2, 2010 MHz, 9251 MHz, 39, 171.06 W, 26 %, 0x0000000000000000
2026/10/04 21:37:44.228, P2, 1995 MHz, 9251 MHz, 40, 202.74 W, 59 %, 0x0000000000000000
2026/10/04 21:37:44.744, P2, 1995 MHz, 9251 MHz, 39, 209.28 W, 40 %, 0x0000000000000000
2026/10/04 21:37:45.260, P2, 1995 MHz, 9251 MHz, 41, 208.19 W, 58 %, 0x0000000000000000
2026/10/04 21:37:45.775, P2, 1995 MHz, 9251 MHz, 40, 210.47 W, 58 %, 0x0000000000000000
2026/10/04 21:37:46.291, P2, 1995 MHz, 9251 MHz, 41, 205.45 W, 58 %, 0x0000000000000000
2026/10/04 21:37:46.807, P2, 1995 MHz, 9251 MHz, 41, 203.65 W, 59 %, 0x0000000000000000
2026/10/04 21:37:47.322, P2, 1995 MHz, 9251 MHz, 41, 194.51 W, 43 %, 0x0000000000000000
2026/10/04 21:37:47.838, P2, 1995 MHz, 9251 MHz, 42, 198.91 W, 58 %, 0x0000000000000000
2026/10/04 21:37:48.354, P2, 1995 MHz, 9251 MHz, 40, 203.21 W, 29 %, 0x0000000000000000
2026/10/04 21:37:48.869, P2, 1995 MHz, 9251 MHz, 40, 160.28 W, 20 %, 0x0000000000000000
2026/10/04 21:37:49.385, P2, 1995 MHz, 9251 MHz, 40, 127.61 W, 17 %, 0x0000000000000000
2026/10/04 21:37:49.901, P2, 1875 MHz, 9251 MHz, 39, 128.27 W, 37 %, 0x0000000000000001
2026/10/04 21:37:50.432, P2, 1845 MHz, 9251 MHz, 39, 118.78 W, 37 %, 0x0000000000000001
2026/10/04 21:37:50.963, P2, 1995 MHz, 9251 MHz, 40, 114.91 W, 44 %, 0x0000000000000000
2026/10/04 21:37:51.479, P2, 1995 MHz, 9251 MHz, 40, 123.95 W, 39 %, 0x0000000000000000
2026/10/04 21:37:51.994, P2, 1995 MHz, 9251 MHz, 40, 130.30 W, 52 %, 0x0000000000000000
2026/10/04 21:37:52.510, P2, 1995 MHz, 9251 MHz, 40, 130.54 W, 50 %, 0x0000000000000000
2026/10/04 21:37:53.026, P2, 1995 MHz, 9251 MHz, 40, 132.00 W, 71 %, 0x0000000000000000
2026/10/04 21:37:53.541, P2, 1995 MHz, 9251 MHz, 40, 133.88 W, 71 %, 0x0000000000000000
2026/10/04 21:37:54.057, P2, 1995 MHz, 9251 MHz, 41, 134.54 W, 82 %, 0x0000000000000000
2026/10/04 21:37:54.573, P2, 1995 MHz, 9251 MHz, 41, 135.38 W, 82 %, 0x0000000000000000
2026/10/04 21:37:55.088, P2, 1995 MHz, 9251 MHz, 40, 133.80 W, 17 %, 0x0000000000000000
2026/10/04 21:37:55.604, P2, 1995 MHz, 9251 MHz, 41, 129.39 W, 17 %, 0x0000000000000000
2026/10/04 21:37:56.119, P2, 1995 MHz, 9251 MHz, 40, 126.35 W, 21 %, 0x0000000000000000
2026/10/04 21:37:56.635, P2, 1995 MHz, 9251 MHz, 41, 126.31 W, 27 %, 0x0000000000000000
2026/10/04 21:37:57.151, P3, 1410 MHz, 5001 MHz, 39, 103.63 W, 32 %, 0x0000000000000001
2026/10/04 21:37:57.682, P2, 1620 MHz, 9251 MHz, 39, 84.08 W, 41 %, 0x0000000000000001
2026/10/04 21:37:58.213, P2, 1650 MHz, 9251 MHz, 39, 88.07 W, 33 %, 0x0000000000000001
2026/10/04 21:37:58.745, P2, 1995 MHz, 9251 MHz, 41, 110.94 W, 49 %, 0x0000000000000000
2026/10/04 21:37:59.260, P2, 1995 MHz, 9251 MHz, 41, 126.69 W, 57 %, 0x0000000000000000
2026/10/04 21:37:59.776, P2, 1995 MHz, 9251 MHz, 41, 130.75 W, 68 %, 0x0000000000000000
2026/10/04 21:38:00.292, P2, 1995 MHz, 9251 MHz, 41, 131.22 W, 56 %, 0x0000000000000000
2026/10/04 21:38:00.807, P2, 1995 MHz, 9251 MHz, 41, 131.65 W, 81 %, 0x0000000000000000
2026/10/04 21:38:01.323, P2, 1995 MHz, 9251 MHz, 41, 132.15 W, 74 %, 0x0000000000000000
2026/10/04 21:38:01.838, P2, 1995 MHz, 9251 MHz, 41, 128.68 W, 16 %, 0x0000000000000000
2026/10/04 21:38:02.354, P2, 1995 MHz, 9251 MHz, 41, 125.67 W, 16 %, 0x0000000000000000
2026/10/04 21:38:02.870, P2, 1995 MHz, 9251 MHz, 41, 126.41 W, 23 %, 0x0000000000000000
2026/10/04 21:38:03.385, P3, 1305 MHz, 5001 MHz, 40, 112.64 W, 30 %, 0x0000000000000001
2026/10/04 21:38:03.917, P3, 1245 MHz, 5001 MHz, 40, 83.14 W, 40 %, 0x0000000000000001
2026/10/04 21:38:04.448, P3, 1275 MHz, 5001 MHz, 40, 72.52 W, 40 %, 0x0000000000000001
2026/10/04 21:38:04.979, P2, 1650 MHz, 9251 MHz, 40, 74.65 W, 51 %, 0x0000000000000001
2026/10/04 21:38:05.510, P2, 1995 MHz, 9251 MHz, 41, 94.02 W, 42 %, 0x0000000000000000
2026/10/04 21:38:06.026, P2, 1995 MHz, 9251 MHz, 42, 120.58 W, 61 %, 0x0000000000000000
2026/10/04 21:38:06.542, P2, 1995 MHz, 9251 MHz, 42, 131.81 W, 61 %, 0x0000000000000000
2026/10/04 21:38:07.057, P2, 1995 MHz, 9251 MHz, 42, 132.28 W, 75 %, 0x0000000000000000
2026/10/04 21:38:07.573, P2, 1995 MHz, 9251 MHz, 42, 132.57 W, 75 %, 0x0000000000000000
2026/10/04 21:38:08.088, P2, 1995 MHz, 9251 MHz, 42, 130.28 W, 14 %, 0x0000000000000000
2026/10/04 21:38:08.604, P2, 1995 MHz, 9251 MHz, 42, 126.87 W, 14 %, 0x0000000000000000
2026/10/04 21:38:09.120, P2, 1995 MHz, 9251 MHz, 42, 125.40 W, 16 %, 0x0000000000000000
2026/10/04 21:38:09.636, P5, 1035 MHz, 810 MHz, 41, 112.01 W, 26 %, 0x0000000000000001
2026/10/04 21:38:10.182, P5, 975 MHz, 810 MHz, 40, 76.10 W, 32 %, 0x0000000000000001
2026/10/04 21:38:10.714, P5, 930 MHz, 810 MHz, 40, 46.27 W, 32 %, 0x0000000000000001
2026/10/04 21:38:11.245, P5, 915 MHz, 810 MHz, 40, 46.21 W, 41 %, 0x0000000000000001
2026/10/04 21:38:11.792, P5, 960 MHz, 810 MHz, 40, 46.19 W, 41 %, 0x0000000000000001
2026/10/04 21:38:12.323, P3, 1350 MHz, 5001 MHz, 40, 48.30 W, 55 %, 0x0000000000000001
2026/10/04 21:38:12.854, P2, 1800 MHz, 9251 MHz, 41, 68.66 W, 42 %, 0x0000000000000001
2026/10/04 21:38:13.386, P2, 1995 MHz, 9251 MHz, 42, 97.75 W, 43 %, 0x0000000000000000
2026/10/04 21:38:13.901, P2, 1995 MHz, 9251 MHz, 42, 118.23 W, 53 %, 0x0000000000000000
2026/10/04 21:38:14.417, P2, 1995 MHz, 9251 MHz, 43, 131.74 W, 22 %, 0x0000000000000000
2026/10/04 21:38:14.932, P2, 1995 MHz, 9251 MHz, 44, 158.87 W, 49 %, 0x0000000000000000
2026/10/04 21:38:15.448, P2, 1995 MHz, 9251 MHz, 44, 171.15 W, 34 %, 0x0000000000000000
2026/10/04 21:38:15.964, P2, 1995 MHz, 9251 MHz, 44, 169.80 W, 50 %, 0x0000000000000000
2026/10/04 21:38:16.480, P2, 1995 MHz, 9251 MHz, 44, 168.67 W, 40 %, 0x0000000000000000
2026/10/04 21:38:16.995, P2, 1995 MHz, 9251 MHz, 45, 168.65 W, 51 %, 0x0000000000000000
2026/10/04 21:38:17.511, P2, 1995 MHz, 9251 MHz, 45, 168.79 W, 51 %, 0x0000000000000000
2026/10/04 21:38:18.026, P2, 1980 MHz, 9251 MHz, 45, 169.71 W, 52 %, 0x0000000000000000
2026/10/04 21:38:18.542, P2, 1980 MHz, 9251 MHz, 45, 169.06 W, 51 %, 0x0000000000000000
2026/10/04 21:38:19.058, P2, 1980 MHz, 9251 MHz, 45, 167.86 W, 52 %, 0x0000000000000000
2026/10/04 21:38:19.573, P2, 1980 MHz, 9251 MHz, 45, 167.87 W, 52 %, 0x0000000000000000
2026/10/04 21:38:20.089, P2, 1980 MHz, 9251 MHz, 45, 167.68 W, 52 %, 0x0000000000000000
2026/10/04 21:38:20.605, P2, 1980 MHz, 9251 MHz, 46, 167.26 W, 53 %, 0x0000000000000000
2026/10/04 21:38:21.120, P2, 1980 MHz, 9251 MHz, 44, 158.17 W, 0 %, 0x0000000000000000
2026/10/04 21:38:21.636, P2, 1980 MHz, 9251 MHz, 44, 131.37 W, 0 %, 0x0000000000000000
2026/10/04 21:38:22.151, P2, 1980 MHz, 9251 MHz, 44, 120.59 W, 0 %, 0x0000000000000000
2026/10/04 21:38:22.667, P3, 525 MHz, 5001 MHz, 43, 111.95 W, 1 %, 0x0000000000000001
2026/10/04 21:38:23.198, P3, 705 MHz, 5001 MHz, 43, 95.10 W, 55 %, 0x0000000000000001
2026/10/04 21:38:23.730, P3, 1470 MHz, 5001 MHz, 43, 87.71 W, 51 %, 0x0000000000000001
2026/10/04 21:38:24.261, P2, 1905 MHz, 9251 MHz, 45, 102.24 W, 39 %, 0x0000000000000001
2026/10/04 21:38:24.792, P2, 1905 MHz, 9251 MHz, 45, 130.15 W, 40 %, 0x0000000000000001
2026/10/04 21:38:25.324, P2, 1980 MHz, 9251 MHz, 46, 150.76 W, 42 %, 0x0000000000000000
2026/10/04 21:38:25.855, P2, 1980 MHz, 9251 MHz, 46, 158.11 W, 41 %, 0x0000000000000000
2026/10/04 21:38:26.371, P2, 1980 MHz, 9251 MHz, 46, 165.41 W, 45 %, 0x0000000000000000
2026/10/04 21:38:26.886, P2, 1980 MHz, 9251 MHz, 47, 164.72 W, 48 %, 0x0000000000000000
2026/10/04 21:38:27.402, P2, 1980 MHz, 9251 MHz, 46, 162.62 W, 43 %, 0x0000000000000000
2026/10/04 21:38:27.917, P2, 1980 MHz, 9251 MHz, 47, 160.33 W, 53 %, 0x0000000000000000
2026/10/04 21:38:28.433, P2, 1980 MHz, 9251 MHz, 47, 157.96 W, 45 %, 0x0000000000000000
2026/10/04 21:38:28.949, P2, 1980 MHz, 9251 MHz, 47, 155.86 W, 64 %, 0x0000000000000000
2026/10/04 21:38:29.464, P2, 1980 MHz, 9251 MHz, 47, 155.04 W, 30 %, 0x0000000000000000
2026/10/04 21:38:29.980, P2, 1980 MHz, 9251 MHz, 47, 157.35 W, 38 %, 0x0000000000000000
2026/10/04 21:38:30.496, P2, 1980 MHz, 9251 MHz, 47, 159.68 W, 29 %, 0x0000000000000000
2026/10/04 21:38:31.011, P2, 1980 MHz, 9251 MHz, 47, 158.82 W, 39 %, 0x0000000000000000
2026/10/04 21:38:31.527, P2, 1935 MHz, 9251 MHz, 47, 153.95 W, 40 %, 0x0000000000000001
2026/10/04 21:38:32.058, P2, 1950 MHz, 9251 MHz, 47, 148.54 W, 40 %, 0x0000000000000001
2026/10/04 21:38:32.589, P2, 1980 MHz, 9251 MHz, 47, 151.41 W, 41 %, 0x0000000000000000
2026/10/04 21:38:33.105, P2, 1980 MHz, 9251 MHz, 48, 156.59 W, 40 %, 0x0000000000000000
2026/10/04 21:38:33.621, P2, 1980 MHz, 9251 MHz, 48, 158.57 W, 40 %, 0x0000000000000000
2026/10/04 21:38:34.136, P2, 1980 MHz, 9251 MHz, 48, 158.72 W, 41 %, 0x0000000000000000
2026/10/04 21:38:34.652, P2, 1980 MHz, 9251 MHz, 48, 158.67 W, 41 %, 0x0000000000000000
2026/10/04 21:38:35.168, P2, 1980 MHz, 9251 MHz, 48, 158.99 W, 41 %, 0x0000000000000000
2026/10/04 21:38:35.683, P2, 1980 MHz, 9251 MHz, 48, 159.03 W, 41 %, 0x0000000000000000
2026/10/04 21:38:36.199, P2, 1980 MHz, 9251 MHz, 47, 150.92 W, 7 %, 0x0000000000000000
2026/10/04 21:38:36.715, P2, 1980 MHz, 9251 MHz, 47, 135.03 W, 52 %, 0x0000000000000000
2026/10/04 21:38:37.230, P2, 1980 MHz, 9251 MHz, 47, 125.62 W, 58 %, 0x0000000000000000
2026/10/04 21:38:37.746, P2, 1980 MHz, 9251 MHz, 47, 125.74 W, 58 %, 0x0000000000000000
2026/10/04 21:38:38.261, P2, 1980 MHz, 9251 MHz, 47, 124.85 W, 0 %, 0x0000000000000000
2026/10/04 21:38:38.793, P2, 1980 MHz, 9251 MHz, 47, 123.85 W, 1 %, 0x0000000000000000
2026/10/04 21:38:39.309, P2, 1980 MHz, 9251 MHz, 47, 123.08 W, 0 %, 0x0000000000000000
2026/10/04 21:38:39.824, P2, 1800 MHz, 9251 MHz, 47, 119.33 W, 0 %, 0x0000000000000001
2026/10/04 21:38:40.356, P2, 1800 MHz, 9251 MHz, 47, 110.52 W, 0 %, 0x0000000000000001
2026/10/04 21:38:40.887, P2, 390 MHz, 5001 MHz, 47, 102.84 W, 0 %, 0x0000000000000001
2026/10/04 21:38:41.449, P3, 315 MHz, 5001 MHz, 46, 87.73 W, 1 %, 0x0000000000000001
2026/10/04 21:38:41.996, P5, 255 MHz, 810 MHz, 45, 65.36 W, 0 %, 0x0000000000000001
2026/10/04 21:38:42.543, P5, 210 MHz, 810 MHz, 45, 48.01 W, 1 %, 0x0000000000000001
2026/10/04 21:38:43.090, P5, 210 MHz, 810 MHz, 45, 42.79 W, 1 %, 0x0000000000000001
2026/10/04 21:38:43.621, P8, 210 MHz, 405 MHz, 45, 42.08 W, 0 %, 0x0000000000000001
2026/10/04 21:38:44.168, P8, 210 MHz, 405 MHz, 45, 40.23 W, 1 %, 0x0000000000000001
2026/10/04 21:38:44.715, P8, 210 MHz, 405 MHz, 44, 38.48 W, 1 %, 0x0000000000000001
2026/10/04 21:38:45.262, P8, 210 MHz, 405 MHz, 44, 38.60 W, 0 %, 0x0000000000000001
2026/10/04 21:38:45.826, P8, 210 MHz, 405 MHz, 44, 38.77 W, 0 %, 0x0000000000000001
2026/10/04 21:38:46.388, P8, 210 MHz, 405 MHz, 44, 38.61 W, 1 %, 0x0000000000000001
2026/10/04 21:38:46.935, P8, 210 MHz, 405 MHz, 44, 38.63 W, 3 %, 0x0000000000000001
2026/10/04 21:38:47.482, P8, 210 MHz, 405 MHz, 44, 38.75 W, 0 %, 0x0000000000000001
2026/10/04 21:38:48.029, P8, 210 MHz, 405 MHz, 44, 38.79 W, 0 %, 0x0000000000000001
2026/10/04 21:38:48.583, P8, 210 MHz, 405 MHz, 44, 38.91 W, 0 %, 0x0000000000000001
2026/10/04 21:38:49.114, P8, 210 MHz, 405 MHz, 44, 39.59 W, 9 %, 0x0000000000000001
2026/10/04 21:38:49.661, P8, 210 MHz, 405 MHz, 44, 39.87 W, 7 %, 0x0000000000000001
2026/10/04 21:38:50.192, P8, 210 MHz, 405 MHz, 44, 39.53 W, 7 %, 0x0000000000000001
2026/10/04 21:38:50.724, P8, 210 MHz, 405 MHz, 44, 39.09 W, 2 %, 0x0000000000000001
2026/10/04 21:38:51.271, P8, 210 MHz, 405 MHz, 44, 39.15 W, 1 %, 0x0000000000000001
2026/10/04 21:38:51.802, P8, 210 MHz, 405 MHz, 44, 39.30 W, 2 %, 0x0000000000000001
2026/10/04 21:38:52.333, P8, 210 MHz, 405 MHz, 44, 39.30 W, 0 %, 0x0000000000000001
2026/10/04 21:38:52.880, P8, 210 MHz, 405 MHz, 44, 39.29 W, 2 %, 0x0000000000000001
2026/10/04 21:38:53.412, P8, 210 MHz, 405 MHz, 44, 39.35 W, 0 %, 0x0000000000000001
2026/10/04 21:38:53.943, P8, 210 MHz, 405 MHz, 44, 39.40 W, 2 %, 0x0000000000000001
2026/10/04 21:38:54.489, P2, 1800 MHz, 9251 MHz, 46, 61.12 W, 30 %, 0x0000000000000001
2026/10/04 21:38:55.036, P2, 1800 MHz, 9251 MHz, 46, 97.19 W, 24 %, 0x0000000000000001
2026/10/04 21:38:55.564, P2, 1800 MHz, 9251 MHz, 47, 125.17 W, 34 %, 0x0000000000000001
2026/10/04 21:38:56.095, P2, 1980 MHz, 9251 MHz, 50, 164.58 W, 99 %, 0x0000000000000000
2026/10/04 21:38:56.611, P2, 1995 MHz, 9251 MHz, 50, 207.03 W, 99 %, 0x0000000000000000
2026/10/04 21:38:57.126, P2, 1995 MHz, 9251 MHz, 48, 183.54 W, 5 %, 0x0000000000000000
2026/10/04 21:38:57.658, P2, 1995 MHz, 9251 MHz, 48, 145.71 W, 5 %, 0x0000000000000000
2026/10/04 21:38:58.189, P2, 1995 MHz, 9251 MHz, 52, 198.63 W, 92 %, 0x0000000000000000
2026/10/04 21:38:58.704, P2, 1995 MHz, 9251 MHz, 53, 272.41 W, 92 %, 0x0000000000000000
2026/10/04 21:38:59.220, P2, 1995 MHz, 9251 MHz, 49, 212.54 W, 5 %, 0x0000000000000000
2026/10/04 21:38:59.736, P2, 1995 MHz, 9251 MHz, 51, 152.18 W, 5 %, 0x0000000000000000
2026/10/04 21:39:00.251, P2, 1995 MHz, 9251 MHz, 53, 212.13 W, 93 %, 0x0000000000000000
2026/10/04 21:39:00.772, P2, 1995 MHz, 9251 MHz, 53, 285.99 W, 92 %, 0x0000000000000000
2026/10/04 21:39:01.287, P2, 1995 MHz, 9251 MHz, 50, 223.33 W, 5 %, 0x0000000000000000
2026/10/04 21:39:01.803, P2, 1995 MHz, 9251 MHz, 52, 153.94 W, 5 %, 0x0000000000000000
2026/10/04 21:39:02.319, P2, 1995 MHz, 9251 MHz, 54, 229.43 W, 92 %, 0x0000000000000000
2026/10/04 21:39:02.838, P2, 1995 MHz, 9251 MHz, 52, 274.02 W, 53 %, 0x0000000000000000
2026/10/04 21:39:03.354, P2, 1995 MHz, 9251 MHz, 51, 205.76 W, 5 %, 0x0000000000000000
2026/10/04 21:39:03.885, P2, 1995 MHz, 9251 MHz, 54, 155.94 W, 63 %, 0x0000000000000000
2026/10/04 21:39:04.401, P2, 1980 MHz, 9251 MHz, 55, 230.16 W, 93 %, 0x0000000000000000
2026/10/04 21:39:04.916, P2, 1980 MHz, 9251 MHz, 53, 295.32 W, 75 %, 0x0000000000000000
2026/10/04 21:39:05.432, P2, 1980 MHz, 9251 MHz, 52, 207.56 W, 56 %, 0x0000000000000000
2026/10/04 21:39:05.948, P2, 1980 MHz, 9251 MHz, 52, 140.25 W, 56 %, 0x0000000000000000
2026/10/04 21:39:06.463, P2, 1980 MHz, 9251 MHz, 52, 141.33 W, 80 %, 0x0000000000000000
2026/10/04 21:39:06.979, P2, 1980 MHz, 9251 MHz, 52, 143.39 W, 80 %, 0x0000000000000000
2026/10/04 21:39:07.495, P2, 1980 MHz, 9251 MHz, 52, 144.12 W, 85 %, 0x0000000000000000
2026/10/04 21:39:08.010, P2, 1980 MHz, 9251 MHz, 52, 144.60 W, 85 %, 0x0000000000000000
2026/10/04 21:39:08.526, P2, 1980 MHz, 9251 MHz, 52, 145.21 W, 87 %, 0x0000000000000000
2026/10/04 21:39:09.042, P2, 1980 MHz, 9251 MHz, 52, 145.57 W, 89 %, 0x0000000000000000
2026/10/04 21:39:09.557, P2, 1980 MHz, 9251 MHz, 52, 145.75 W, 89 %, 0x0000000000000000
2026/10/04 21:39:10.073, P2, 1980 MHz, 9251 MHz, 53, 146.45 W, 95 %, 0x0000000000000000
2026/10/04 21:39:10.589, P2, 1980 MHz, 9251 MHz, 53, 147.27 W, 95 %, 0x0000000000000000
2026/10/04 21:39:11.104, P2, 1980 MHz, 9251 MHz, 53, 148.27 W, 95 %, 0x0000000000000000
2026/10/04 21:39:11.620, P2, 1980 MHz, 9251 MHz, 53, 147.79 W, 96 %, 0x0000000000000000
2026/10/04 21:39:12.135, P2, 1980 MHz, 9251 MHz, 53, 147.91 W, 97 %, 0x0000000000000000
2026/10/04 21:39:12.651, P2, 1980 MHz, 9251 MHz, 53, 148.55 W, 97 %, 0x0000000000000000
2026/10/04 21:39:13.167, P2, 1980 MHz, 9251 MHz, 53, 148.74 W, 97 %, 0x0000000000000000
2026/10/04 21:39:13.682, P2, 1980 MHz, 9251 MHz, 53, 144.20 W, 20 %, 0x0000000000000000
2026/10/04 21:39:14.198, P2, 1980 MHz, 9251 MHz, 53, 137.32 W, 20 %, 0x0000000000000000
2026/10/04 21:39:14.714, P2, 1980 MHz, 9251 MHz, 53, 133.65 W, 29 %, 0x0000000000000000
2026/10/04 21:39:15.229, P2, 1590 MHz, 9251 MHz, 52, 134.73 W, 30 %, 0x0000000000000001
2026/10/04 21:39:15.761, P3, 1545 MHz, 5001 MHz, 51, 115.73 W, 33 %, 0x0000000000000001
2026/10/04 21:39:16.292, P2, 1770 MHz, 9251 MHz, 52, 100.77 W, 40 %, 0x0000000000000001
2026/10/04 21:39:16.823, P2, 1980 MHz, 9251 MHz, 52, 109.12 W, 53 %, 0x0000000000000000
2026/10/04 21:39:17.339, P2, 1980 MHz, 9251 MHz, 53, 126.64 W, 51 %, 0x0000000000000000
2026/10/04 21:39:17.854, P2, 1980 MHz, 9251 MHz, 53, 140.06 W, 70 %, 0x0000000000000000
2026/10/04 21:39:18.370, P2, 1980 MHz, 9251 MHz, 53, 145.21 W, 70 %, 0x0000000000000000
2026/10/04 21:39:18.886, P2, 1980 MHz, 9251 MHz, 54, 147.25 W, 67 %, 0x0000000000000000
2026/10/04 21:39:19.401, P2, 1980 MHz, 9251 MHz, 54, 147.98 W, 83 %, 0x0000000000000000
2026/10/04 21:39:19.917, P2, 1980 MHz, 9251 MHz, 53, 146.46 W, 49 %, 0x0000000000000000
2026/10/04 21:39:20.433, P2, 1980 MHz, 9251 MHz, 53, 139.40 W, 19 %, 0x0000000000000000
2026/10/04 21:39:20.948, P2, 1980 MHz, 9251 MHz, 53, 133.84 W, 17 %, 0x0000000000000000
2026/10/04 21:39:21.464, P2, 1980 MHz, 9251 MHz, 53, 134.83 W, 27 %, 0x0000000000000000
2026/10/04 21:39:21.979, P3, 1425 MHz, 5001 MHz, 52, 121.33 W, 32 %, 0x0000000000000001
2026/10/04 21:39:22.511, P3, 1410 MHz, 5001 MHz, 52, 90.98 W, 40 %, 0x0000000000000001
2026/10/04 21:39:23.042, P3, 1440 MHz, 5001 MHz, 52, 80.44 W, 36 %, 0x0000000000000001
2026/10/04 21:39:23.573, P2, 1980 MHz, 9251 MHz, 53, 94.14 W, 45 %, 0x0000000000000000
2026/10/04 21:39:24.089, P2, 1980 MHz, 9251 MHz, 54, 122.18 W, 38 %, 0x0000000000000000
2026/10/04 21:39:24.605, P2, 1980 MHz, 9251 MHz, 54, 145.85 W, 63 %, 0x0000000000000000
2026/10/04 21:39:25.120, P2, 1980 MHz, 9251 MHz, 54, 149.44 W, 66 %, 0x0000000000000000
2026/10/04 21:39:25.636, P2, 1980 MHz, 9251 MHz, 55, 150.55 W, 80 %, 0x0000000000000000
2026/10/04 21:39:26.151, P2, 1980 MHz, 9251 MHz, 55, 151.85 W, 79 %, 0x0000000000000000
2026/10/04 21:39:26.667, P2, 1980 MHz, 9251 MHz, 54, 145.16 W, 17 %, 0x0000000000000000
2026/10/04 21:39:27.183, P2, 1980 MHz, 9251 MHz, 54, 137.10 W, 17 %, 0x0000000000000000
2026/10/04 21:39:27.698, P2, 1980 MHz, 9251 MHz, 54, 135.19 W, 21 %, 0x0000000000000000
2026/10/04 21:39:28.214, P3, 1200 MHz, 5001 MHz, 53, 125.46 W, 28 %, 0x0000000000000001
2026/10/04 21:39:28.745, P3, 1170 MHz, 5001 MHz, 52, 99.19 W, 35 %, 0x0000000000000001
2026/10/04 21:39:29.276, P3, 1140 MHz, 5001 MHz, 52, 77.23 W, 36 %, 0x0000000000000001
2026/10/04 21:39:29.823, P3, 1575 MHz, 9251 MHz, 52, 77.53 W, 45 %, 0x0000000000000001
2026/10/04 21:39:30.355, P2, 1680 MHz, 9251 MHz, 53, 88.73 W, 41 %, 0x0000000000000001
2026/10/04 21:39:30.886, P2, 1980 MHz, 9251 MHz, 54, 106.75 W, 49 %, 0x0000000000000000
2026/10/04 21:39:31.402, P2, 1980 MHz, 9251 MHz, 54, 125.10 W, 49 %, 0x0000000000000000
2026/10/04 21:39:31.917, P2, 1980 MHz, 9251 MHz, 54, 136.90 W, 62 %, 0x0000000000000000
2026/10/04 21:39:32.433, P2, 1980 MHz, 9251 MHz, 54, 137.46 W, 63 %, 0x0000000000000000
2026/10/04 21:39:32.949, P2, 1980 MHz, 9251 MHz, 57, 171.37 W, 77 %, 0x0000000000000000
2026/10/04 21:39:33.464, P2, 1980 MHz, 9251 MHz, 58, 230.26 W, 82 %, 0x0000000000000000
2026/10/04 21:39:33.980, P2, 1980 MHz, 9251 MHz, 58, 261.79 W, 66 %, 0x0000000000000000
2026/10/04 21:39:34.496, P2, 1980 MHz, 9251 MHz, 58, 261.88 W, 82 %, 0x0000000000000000
2026/10/04 21:39:35.011, P2, 1980 MHz, 9251 MHz, 58, 266.92 W, 82 %, 0x0000000000000000
2026/10/04 21:39:35.527, P2, 1980 MHz, 9251 MHz, 59, 262.41 W, 82 %, 0x0000000000000000
2026/10/04 21:39:36.042, P2, 1980 MHz, 9251 MHz, 59, 262.50 W, 82 %, 0x0000000000000000
2026/10/04 21:39:36.558, P2, 1980 MHz, 9251 MHz, 59, 262.46 W, 82 %, 0x0000000000000000
2026/10/04 21:39:37.074, P2, 1980 MHz, 9251 MHz, 60, 262.79 W, 82 %, 0x0000000000000000
2026/10/04 21:39:37.590, P2, 1980 MHz, 9251 MHz, 60, 263.12 W, 63 %, 0x0000000000000000
2026/10/04 21:39:38.105, P2, 1965 MHz, 9251 MHz, 60, 263.44 W, 82 %, 0x0000000000000000
2026/10/04 21:39:38.621, P2, 1965 MHz, 9251 MHz, 60, 261.91 W, 61 %, 0x0000000000000000
2026/10/04 21:39:39.136, P2, 1965 MHz, 9251 MHz, 60, 261.19 W, 82 %, 0x0000000000000000
2026/10/04 21:39:39.652, P2, 1965 MHz, 9251 MHz, 60, 267.08 W, 81 %, 0x0000000000000000
2026/10/04 21:39:40.168, P2, 1965 MHz, 9251 MHz, 57, 205.78 W, 0 %, 0x0000000000000000
2026/10/04 21:39:40.683, P2, 1965 MHz, 9251 MHz, 57, 142.32 W, 0 %, 0x0000000000000000
2026/10/04 21:39:41.199, P2, 1965 MHz, 9251 MHz, 57, 128.86 W, 0 %, 0x0000000000000000
2026/10/04 21:39:41.715, P3, 375 MHz, 5001 MHz, 56, 117.28 W, 0 %, 0x0000000000000001
2026/10/04 21:39:42.246, P3, 285 MHz, 5001 MHz, 55, 92.27 W, 0 %, 0x0000000000000001
2026/10/04 21:39:42.777, P3, 240 MHz, 5001 MHz, 55, 72.96 W, 0 %, 0x0000000000000001
2026/10/04 21:39:43.309, P3, 225 MHz, 5001 MHz, 55, 70.99 W, 0 %, 0x0000000000000001
2026/10/04 21:39:43.842, P3, 225 MHz, 5001 MHz, 55, 70.63 W, 0 %, 0x0000000000000001
2026/10/04 21:39:44.373, P3, 225 MHz, 5001 MHz, 55, 70.58 W, 0 %, 0x0000000000000001
2026/10/04 21:39:44.920, P3, 225 MHz, 5001 MHz, 55, 70.57 W, 0 %, 0x0000000000000001
2026/10/04 21:39:45.451, P5, 210 MHz, 810 MHz, 55, 66.09 W, 0 %, 0x0000000000000001
2026/10/04 21:39:45.982, P5, 210 MHz, 810 MHz, 54, 51.58 W, 0 %, 0x0000000000000001
2026/10/04 21:39:46.529, P5, 210 MHz, 810 MHz, 54, 44.04 W, 0 %, 0x0000000000000001
2026/10/04 21:39:47.076, P5, 210 MHz, 810 MHz, 54, 44.13 W, 0 %, 0x0000000000000001
2026/10/04 21:39:47.608, P5, 210 MHz, 405 MHz, 54, 44.25 W, 0 %, 0x0000000000000001
2026/10/04 21:39:48.139, P8, 210 MHz, 405 MHz, 54, 43.12 W, 0 %, 0x0000000000000001
2026/10/04 21:39:48.670, P8, 210 MHz, 405 MHz, 54, 41.78 W, 0 %, 0x0000000000000001
2026/10/04 21:39:49.201, P8, 210 MHz, 405 MHz, 54, 41.38 W, 1 %, 0x0000000000000001
2026/10/04 21:39:49.733, P8, 210 MHz, 405 MHz, 54, 41.43 W, 0 %, 0x0000000000000001
2026/10/04 21:39:50.264, P8, 210 MHz, 405 MHz, 54, 41.47 W, 0 %, 0x0000000000000001
2026/10/04 21:39:50.795, P8, 210 MHz, 405 MHz, 54, 41.51 W, 0 %, 0x0000000000000001
2026/10/04 21:39:51.327, P8, 210 MHz, 405 MHz, 54, 41.42 W, 0 %, 0x0000000000000001
2026/10/04 21:39:51.858, P8, 210 MHz, 405 MHz, 54, 41.12 W, 0 %, 0x0000000000000001
2026/10/04 21:39:52.389, P8, 210 MHz, 405 MHz, 54, 41.11 W, 0 %, 0x0000000000000001
2026/10/04 21:39:52.920, P8, 210 MHz, 405 MHz, 54, 41.13 W, 0 %, 0x0000000000000001
2026/10/04 21:39:53.467, P8, 210 MHz, 405 MHz, 53, 41.17 W, 0 %, 0x0000000000000001
2026/10/04 21:39:53.998, P8, 210 MHz, 405 MHz, 53, 41.17 W, 1 %, 0x0000000000000001
2026/10/04 21:39:54.530, P8, 210 MHz, 405 MHz, 53, 41.05 W, 0 %, 0x0000000000000001
2026/10/04 21:39:55.076, P8, 210 MHz, 405 MHz, 53, 41.02 W, 1 %, 0x0000000000000001
2026/10/04 21:39:55.608, P8, 210 MHz, 405 MHz, 53, 41.02 W, 1 %, 0x0000000000000001
2026/10/04 21:39:56.139, P2, 1800 MHz, 9251 MHz, 55, 50.05 W, 98 %, 0x0000000000000001
2026/10/04 21:39:56.670, P2, 1980 MHz, 9251 MHz, 59, 147.57 W, 80 %, 0x0000000000000000
2026/10/04 21:39:57.186, P2, 1980 MHz, 9251 MHz, 59, 251.20 W, 79 %, 0x0000000000000000
2026/10/04 21:39:57.702, P2, 1980 MHz, 9251 MHz, 60, 264.86 W, 80 %, 0x0000000000000000
2026/10/04 21:39:58.217, P2, 1965 MHz, 9251 MHz, 60, 264.96 W, 80 %, 0x0000000000000000
2026/10/04 21:39:58.733, P2, 1965 MHz, 9251 MHz, 60, 264.17 W, 79 %, 0x0000000000000000
2026/10/04 21:39:59.248, P2, 1965 MHz, 9251 MHz, 61, 263.23 W, 80 %, 0x0000000000000000
2026/10/04 21:39:59.764, P2, 1965 MHz, 9251 MHz, 61, 261.45 W, 60 %, 0x0000000000000000
2026/10/04 21:40:00.280, P2, 1965 MHz, 9251 MHz, 61, 260.87 W, 81 %, 0x0000000000000000
2026/10/04 21:40:00.796, P2, 1965 MHz, 9251 MHz, 61, 261.92 W, 81 %, 0x0000000000000000
2026/10/04 21:40:01.311, P2, 1965 MHz, 9251 MHz, 62, 256.17 W, 82 %, 0x0000000000000000
2026/10/04 21:40:01.827, P2, 1965 MHz, 9251 MHz, 62, 257.36 W, 82 %, 0x0000000000000000
2026/10/04 21:40:02.343, P2, 1965 MHz, 9251 MHz, 62, 248.12 W, 84 %, 0x0000000000000000
2026/10/04 21:40:02.858, P2, 1965 MHz, 9251 MHz, 62, 242.08 W, 85 %, 0x0000000000000000
2026/10/04 21:40:03.374, P2, 1965 MHz, 9251 MHz, 62, 242.63 W, 59 %, 0x0000000000000000
2026/10/04 21:40:03.889, P2, 1965 MHz, 9251 MHz, 62, 247.09 W, 74 %, 0x0000000000000000
2026/10/04 21:40:04.405, P2, 1965 MHz, 9251 MHz, 62, 251.80 W, 75 %, 0x0000000000000000
2026/10/04 21:40:04.921, P2, 1965 MHz, 9251 MHz, 63, 251.92 W, 75 %, 0x0000000000000000
2026/10/04 21:40:05.436, P2, 1965 MHz, 9251 MHz, 62, 255.64 W, 74 %, 0x0000000000000000
2026/10/04 21:40:05.952, P2, 1965 MHz, 9251 MHz, 63, 250.27 W, 75 %, 0x0000000000000000
2026/10/04 21:40:06.468, P2, 1965 MHz, 9251 MHz, 63, 250.26 W, 75 %, 0x0000000000000000
2026/10/04 21:40:06.983, P2, 1965 MHz, 9251 MHz, 63, 252.60 W, 60 %, 0x0000000000000000
2026/10/04 21:40:07.499, P2, 1965 MHz, 9251 MHz, 64, 254.65 W, 75 %, 0x0000000000000000
2026/10/04 21:40:08.014, P2, 1965 MHz, 9251 MHz, 64, 254.89 W, 57 %, 0x0000000000000000
2026/10/04 21:40:08.530, P2, 1965 MHz, 9251 MHz, 64, 254.05 W, 75 %, 0x0000000000000000
2026/10/04 21:40:09.046, P2, 1965 MHz, 9251 MHz, 63, 258.05 W, 71 %, 0x0000000000000000
2026/10/04 21:40:09.561, P2, 1965 MHz, 9251 MHz, 64, 253.01 W, 75 %, 0x0000000000000000
2026/10/04 21:40:10.077, P2, 1965 MHz, 9251 MHz, 64, 253.33 W, 75 %, 0x0000000000000000
2026/10/04 21:40:10.593, P2, 1965 MHz, 9251 MHz, 61, 223.97 W, 34 %, 0x0000000000000000
2026/10/04 21:40:11.108, P2, 1965 MHz, 9251 MHz, 61, 154.93 W, 3 %, 0x0000000000000000
2026/10/04 21:40:11.624, P2, 1965 MHz, 9251 MHz, 61, 133.09 W, 0 %, 0x0000000000000000
2026/10/04 21:40:12.139, P2, 570 MHz, 9251 MHz, 60, 129.50 W, 0 %, 0x0000000000000001
2026/10/04 21:40:12.671, P3, 435 MHz, 5001 MHz, 59, 105.45 W, 0 %, 0x0000000000000001
2026/10/04 21:40:13.202, P2, 1800 MHz, 9251 MHz, 59, 83.85 W, 34 %, 0x0000000000000001
2026/10/04 21:40:13.733, P2, 1965 MHz, 9251 MHz, 60, 100.60 W, 87 %, 0x0000000000000000
2026/10/04 21:40:14.249, P2, 1965 MHz, 9251 MHz, 60, 123.95 W, 5 %, 0x0000000000000000
2026/10/04 21:40:14.765, P2, 1965 MHz, 9251 MHz, 60, 133.66 W, 14 %, 0x0000000000000000
2026/10/04 21:40:15.280, P2, 1965 MHz, 9251 MHz, 60, 133.86 W, 54 %, 0x0000000000000000
2026/10/04 21:40:15.796, P2, 1965 MHz, 9251 MHz, 59, 134.00 W, 43 %, 0x0000000000000000
2026/10/04 21:40:16.311, P2, 1965 MHz, 9251 MHz, 59, 133.82 W, 100 %, 0x0000000000000000
2026/10/04 21:40:16.827, P2, 1965 MHz, 9251 MHz, 59, 133.54 W, 14 %, 0x0000000000000000
2026/10/04 21:40:17.343, P2, 1965 MHz, 9251 MHz, 59, 133.52 W, 37 %, 0x0000000000000000
2026/10/04 21:40:17.859, P2, 1965 MHz, 9251 MHz, 59, 133.80 W, 54 %, 0x0000000000000000
2026/10/04 21:40:18.374, P2, 1965 MHz, 9251 MHz, 59, 133.88 W, 43 %, 0x0000000000000000
2026/10/04 21:40:18.890, P2, 1965 MHz, 9251 MHz, 59, 133.90 W, 85 %, 0x0000000000000000
2026/10/04 21:40:19.406, P2, 1965 MHz, 9251 MHz, 59, 133.55 W, 10 %, 0x0000000000000000
2026/10/04 21:40:19.921, P2, 1965 MHz, 9251 MHz, 59, 133.52 W, 7 %, 0x0000000000000000
2026/10/04 21:40:20.437, P2, 1965 MHz, 9251 MHz, 59, 133.49 W, 89 %, 0x0000000000000000
2026/10/04 21:40:20.952, P2, 1965 MHz, 9251 MHz, 58, 133.63 W, 78 %, 0x0000000000000000
2026/10/04 21:40:21.468, P2, 1965 MHz, 9251 MHz, 58, 133.56 W, 52 %, 0x0000000000000000
2026/10/04 21:40:21.984, P2, 1965 MHz, 9251 MHz, 58, 133.31 W, 64 %, 0x0000000000000000
2026/10/04 21:40:22.499, P2, 1965 MHz, 9251 MHz, 58, 133.59 W, 28 %, 0x0000000000000000
2026/10/04 21:40:23.015, P2, 1965 MHz, 9251 MHz, 58, 133.61 W, 100 %, 0x0000000000000000
2026/10/04 21:40:23.531, P2, 1965 MHz, 9251 MHz, 58, 133.49 W, 100 %, 0x0000000000000000
2026/10/04 21:40:24.077, P2, 1965 MHz, 9251 MHz, 58, 133.82 W, 68 %, 0x0000000000000000
2026/10/04 21:40:24.593, P2, 1965 MHz, 9251 MHz, 58, 132.86 W, 0 %, 0x0000000000000000
2026/10/04 21:40:25.140, P2, 1965 MHz, 9251 MHz, 58, 131.54 W, 0 %, 0x0000000000000000
2026/10/04 21:40:25.686, P2, 1965 MHz, 9251 MHz, 58, 131.45 W, 0 %, 0x0000000000000000
2026/10/04 21:40:26.202, P5, 345 MHz, 810 MHz, 56, 101.85 W, 0 %, 0x0000000000000001
2026/10/04 21:40:26.780, P5, 255 MHz, 810 MHz, 55, 55.78 W, 0 %, 0x0000000000000001
2026/10/04 21:40:27.358, P5, 210 MHz, 810 MHz, 55, 46.20 W, 0 %, 0x0000000000000001
2026/10/04 21:40:27.952, P8, 210 MHz, 405 MHz, 55, 45.14 W, 4 %, 0x0000000000000001
2026/10/04 21:40:28.514, P8, 210 MHz, 405 MHz, 55, 44.61 W, 8 %, 0x0000000000000001
2026/10/04 21:40:29.061, P8, 210 MHz, 405 MHz, 54, 44.07 W, 4 %, 0x0000000000000001
2026/10/04 21:40:29.593, P8, 210 MHz, 405 MHz, 54, 43.05 W, 1 %, 0x0000000000000001
2026/10/04 21:40:30.124, P8, 210 MHz, 405 MHz, 54, 42.34 W, 1 %, 0x0000000000000001
2026/10/04 21:40:30.702, P8, 210 MHz, 405 MHz, 54, 42.23 W, 1 %, 0x0000000000000001
2026/10/04 21:40:31.249, P8, 210 MHz, 405 MHz, 54, 42.21 W, 1 %, 0x0000000000000001
2026/10/04 21:40:31.796, P8, 210 MHz, 405 MHz, 53, 42.21 W, 0 %, 0x0000000000000001
2026/10/04 21:40:32.327, P8, 210 MHz, 405 MHz, 53, 42.16 W, 1 %, 0x0000000000000001
2026/10/04 21:40:32.889, P8, 210 MHz, 405 MHz, 53, 42.97 W, 9 %, 0x0000000000000001
2026/10/04 21:40:33.436, P8, 210 MHz, 405 MHz, 53, 43.68 W, 8 %, 0x0000000000000001
2026/10/04 21:40:34.029, P8, 210 MHz, 405 MHz, 53, 42.94 W, 0 %, 0x0000000000000001
2026/10/04 21:40:34.592, P8, 210 MHz, 405 MHz, 53, 41.98 W, 0 %, 0x0000000000000001
2026/10/04 21:40:35.139, P8, 210 MHz, 405 MHz, 53, 41.88 W, 0 %, 0x0000000000000001
2026/10/04 21:40:35.685, P8, 210 MHz, 405 MHz, 52, 41.87 W, 0 %, 0x0000000000000001
2026/10/04 21:40:36.232, P8, 210 MHz, 405 MHz, 52, 41.84 W, 0 %, 0x0000000000000001
2026/10/04 21:40:36.779, P8, 210 MHz, 405 MHz, 52, 41.79 W, 0 %, 0x0000000000000001
2026/10/04 21:40:37.326, P8, 210 MHz, 405 MHz, 52, 41.80 W, 0 %, 0x0000000000000001
2026/10/04 21:40:37.904, P8, 210 MHz, 405 MHz, 52, 41.73 W, 0 %, 0x0000000000000001
2026/10/04 21:40:38.450, P8, 210 MHz, 405 MHz, 52, 41.60 W, 0 %, 0x0000000000000001
2026/10/04 21:40:39.013, P8, 210 MHz, 405 MHz, 51, 41.47 W, 1 %, 0x0000000000000001
2026/10/04 21:40:39.560, P8, 210 MHz, 405 MHz, 51, 41.46 W, 0 %, 0x0000000000000001
2026/10/04 21:40:40.107, P8, 210 MHz, 405 MHz, 51, 41.51 W, 0 %, 0x0000000000000001
2026/10/04 21:40:40.653, P8, 210 MHz, 405 MHz, 51, 41.52 W, 1 %, 0x0000000000000001
2026/10/04 21:40:41.216, P8, 210 MHz, 405 MHz, 51, 41.38 W, 3 %, 0x0000000000000001
2026/10/04 21:40:41.762, P8, 210 MHz, 405 MHz, 51, 41.23 W, 0 %, 0x0000000000000001
2026/10/04 21:40:42.325, P8, 210 MHz, 405 MHz, 51, 41.13 W, 1 %, 0x0000000000000001
2026/10/04 21:40:42.856, P8, 210 MHz, 405 MHz, 51, 41.03 W, 1 %, 0x0000000000000001
2026/10/04 21:40:43.434, P8, 210 MHz, 405 MHz, 50, 40.85 W, 1 %, 0x0000000000000001
2026/10/04 21:40:43.996, P8, 210 MHz, 405 MHz, 50, 40.75 W, 0 %, 0x0000000000000001
2026/10/04 21:40:44.543, P8, 210 MHz, 405 MHz, 50, 40.71 W, 1 %, 0x0000000000000001
2026/10/04 21:40:45.075, P8, 210 MHz, 405 MHz, 50, 40.61 W, 1 %, 0x0000000000000001
2026/10/04 21:40:45.606, P8, 210 MHz, 405 MHz, 50, 40.56 W, 0 %, 0x0000000000000001
2026/10/04 21:40:46.152, P8, 210 MHz, 405 MHz, 50, 40.52 W, 1 %, 0x0000000000000001
2026/10/04 21:40:46.730, P8, 210 MHz, 405 MHz, 50, 40.27 W, 1 %, 0x0000000000000001
2026/10/04 21:40:47.277, P8, 210 MHz, 405 MHz, 50, 40.13 W, 0 %, 0x0000000000000001
2026/10/04 21:40:47.834, P8, 210 MHz, 405 MHz, 50, 40.19 W, 0 %, 0x0000000000000001
2026/10/04 21:40:48.412, P8, 210 MHz, 405 MHz, 50, 40.21 W, 0 %, 0x0000000000000001
2026/10/04 21:40:48.959, P8, 210 MHz, 405 MHz, 50, 40.06 W, 0 %, 0x0000000000000001
2026/10/04 21:40:49.506, P8, 210 MHz, 405 MHz, 50, 39.95 W, 0 %, 0x0000000000000001
2026/10/04 21:40:50.068, P8, 210 MHz, 405 MHz, 50, 40.06 W, 0 %, 0x0000000000000001
2026/10/04 21:40:50.599, P8, 210 MHz, 405 MHz, 50, 40.19 W, 0 %, 0x0000000000000001
2026/10/04 21:40:51.177, P8, 210 MHz, 405 MHz, 50, 40.13 W, 1 %, 0x0000000000000001
2026/10/04 21:40:51.755, P8, 210 MHz, 405 MHz, 50, 40.27 W, 0 %, 0x0000000000000001
2026/10/04 21:40:52.302, P8, 210 MHz, 405 MHz, 50, 40.38 W, 0 %, 0x0000000000000001
2026/10/04 21:40:52.865, P8, 210 MHz, 405 MHz, 50, 40.23 W, 1 %, 0x0000000000000001
2026/10/04 21:40:53.412, P8, 210 MHz, 405 MHz, 50, 40.23 W, 1 %, 0x0000000000000001
2026/10/04 21:40:53.990, P8, 210 MHz, 405 MHz, 50, 40.24 W, 1 %, 0x0000000000000001
2026/10/04 21:40:54.552, P8, 210 MHz, 405 MHz, 50, 40.27 W, 1 %, 0x0000000000000001
2026/10/04 21:40:55.099, P8, 210 MHz, 405 MHz, 50, 40.25 W, 1 %, 0x0000000000000001
2026/10/04 21:40:55.662, P8, 210 MHz, 405 MHz, 50, 40.27 W, 1 %, 0x0000000000000001
2026/10/04 21:40:56.224, P8, 210 MHz, 405 MHz, 50, 40.28 W, 1 %, 0x0000000000000001
2026/10/04 21:40:56.765, P8, 210 MHz, 405 MHz, 50, 40.87 W, 10 %, 0x0000000000000001
2026/10/04 21:40:57.320, P8, 210 MHz, 405 MHz, 50, 41.11 W, 1 %, 0x0000000000000001
2026/10/04 21:40:57.866, P8, 210 MHz, 405 MHz, 50, 40.86 W, 0 %, 0x0000000000000001
2026/10/04 21:40:58.399, P8, 210 MHz, 405 MHz, 50, 40.57 W, 0 %, 0x0000000000000001
2026/10/04 21:40:58.935, P8, 210 MHz, 405 MHz, 50, 40.49 W, 1 %, 0x0000000000000001
2026/10/04 21:40:59.493, P8, 210 MHz, 405 MHz, 50, 40.30 W, 0 %, 0x0000000000000001
2026/10/04 21:41:00.036, P8, 210 MHz, 405 MHz, 50, 40.30 W, 0 %, 0x0000000000000001
2026/10/04 21:41:00.579, P8, 210 MHz, 405 MHz, 50, 41.47 W, 5 %, 0x0000000000000001
2026/10/04 21:41:01.122, P8, 210 MHz, 405 MHz, 50, 41.41 W, 0 %, 0x0000000000000001
2026/10/04 21:41:01.667, P8, 210 MHz, 405 MHz, 50, 40.37 W, 0 %, 0x0000000000000001
2026/10/04 21:41:02.207, P8, 210 MHz, 405 MHz, 50, 40.30 W, 1 %, 0x0000000000000001
2026/10/04 21:41:02.750, P8, 210 MHz, 405 MHz, 50, 40.35 W, 0 %, 0x0000000000000001
2026/10/04 21:41:03.293, P8, 210 MHz, 405 MHz, 50, 40.42 W, 0 %, 0x0000000000000001
2026/10/04 21:41:03.836, P8, 210 MHz, 405 MHz, 50, 40.42 W, 0 %, 0x0000000000000001
2026/10/04 21:41:04.378, P8, 210 MHz, 405 MHz, 50, 40.61 W, 0 %, 0x0000000000000001
2026/10/04 21:41:04.921, P8, 210 MHz, 405 MHz, 50, 40.62 W, 0 %, 0x0000000000000001
2026/10/04 21:41:05.494, P8, 210 MHz, 405 MHz, 50, 40.31 W, 0 %, 0x0000000000000001
2026/10/04 21:41:06.049, P8, 210 MHz, 405 MHz, 50, 40.21 W, 0 %, 0x0000000000000001
2026/10/04 21:41:06.591, P8, 210 MHz, 405 MHz, 50, 40.36 W, 1 %, 0x0000000000000001
2026/10/04 21:41:07.134, P8, 210 MHz, 405 MHz, 50, 40.57 W, 0 %, 0x0000000000000001
2026/10/04 21:41:07.674, P8, 210 MHz, 405 MHz, 50, 40.47 W, 0 %, 0x0000000000000001
2026/10/04 21:41:08.219, P8, 210 MHz, 405 MHz, 50, 40.36 W, 1 %, 0x0000000000000001
2026/10/04 21:41:08.761, P8, 210 MHz, 405 MHz, 50, 40.53 W, 0 %, 0x0000000000000001
2026/10/04 21:41:09.303, P8, 210 MHz, 405 MHz, 50, 40.64 W, 0 %, 0x0000000000000001
2026/10/04 21:41:09.834, P8, 210 MHz, 405 MHz, 50, 40.80 W, 1 %, 0x0000000000000001
2026/10/04 21:41:10.428, P8, 210 MHz, 405 MHz, 50, 40.71 W, 1 %, 0x0000000000000001
2026/10/04 21:41:11.006, P8, 210 MHz, 405 MHz, 50, 40.54 W, 0 %, 0x0000000000000001
2026/10/04 21:41:11.537, P8, 210 MHz, 405 MHz, 50, 40.67 W, 1 %, 0x0000000000000001
2026/10/04 21:41:12.083, P8, 210 MHz, 405 MHz, 50, 40.70 W, 1 %, 0x0000000000000001
2026/10/04 21:41:12.646, P8, 210 MHz, 405 MHz, 50, 40.71 W, 0 %, 0x0000000000000001
2026/10/04 21:41:13.193, P8, 210 MHz, 405 MHz, 50, 40.62 W, 0 %, 0x0000000000000001
2026/10/04 21:41:13.724, P8, 210 MHz, 405 MHz, 50, 40.56 W, 1 %, 0x0000000000000001
2026/10/04 21:41:14.255, P8, 210 MHz, 405 MHz, 50, 40.51 W, 0 %, 0x0000000000000001
2026/10/04 21:41:14.817, P8, 210 MHz, 405 MHz, 50, 40.46 W, 0 %, 0x0000000000000001
2026/10/04 21:41:15.364, P8, 210 MHz, 405 MHz, 50, 40.58 W, 1 %, 0x0000000000000001
2026/10/04 21:41:15.911, P8, 210 MHz, 405 MHz, 50, 40.63 W, 0 %, 0x0000000000000001
2026/10/04 21:41:16.457, P8, 210 MHz, 405 MHz, 50, 40.56 W, 0 %, 0x0000000000000001
2026/10/04 21:41:17.004, P8, 210 MHz, 405 MHz, 50, 40.58 W, 0 %, 0x0000000000000001
2026/10/04 21:41:17.551, P8, 210 MHz, 405 MHz, 50, 40.50 W, 0 %, 0x0000000000000001
2026/10/04 21:41:18.114, P8, 210 MHz, 405 MHz, 50, 40.59 W, 0 %, 0x0000000000000001
2026/10/04 21:41:18.676, P8, 210 MHz, 405 MHz, 50, 40.62 W, 0 %, 0x0000000000000001
2026/10/04 21:41:19.223, P8, 210 MHz, 405 MHz, 50, 40.55 W, 0 %, 0x0000000000000001
2026/10/04 21:41:19.754, P8, 210 MHz, 405 MHz, 50, 40.62 W, 0 %, 0x0000000000000001
2026/10/04 21:41:20.285, P8, 210 MHz, 405 MHz, 50, 40.75 W, 0 %, 0x0000000000000001
2026/10/04 21:41:20.863, P8, 210 MHz, 405 MHz, 50, 40.72 W, 0 %, 0x0000000000000001
2026/10/04 21:41:21.410, P8, 210 MHz, 405 MHz, 50, 40.63 W, 0 %, 0x0000000000000001
2026/10/04 21:41:21.941, P8, 210 MHz, 405 MHz, 50, 40.62 W, 0 %, 0x0000000000000001
2026/10/04 21:41:22.472, P8, 210 MHz, 405 MHz, 50, 40.71 W, 0 %, 0x0000000000000001
2026/10/04 21:41:23.019, P8, 210 MHz, 405 MHz, 50, 40.59 W, 1 %, 0x0000000000000001
2026/10/04 21:41:23.597, P8, 210 MHz, 405 MHz, 50, 40.35 W, 1 %, 0x0000000000000001
2026/10/04 21:41:24.128, P8, 210 MHz, 405 MHz, 50, 40.35 W, 0 %, 0x0000000000000001
2026/10/04 21:41:24.691, P8, 210 MHz, 405 MHz, 50, 40.42 W, 1 %, 0x0000000000000001
2026/10/04 21:41:25.222, P8, 210 MHz, 405 MHz, 50, 40.38 W, 1 %, 0x0000000000000001
2026/10/04 21:41:25.784, P8, 210 MHz, 405 MHz, 50, 40.44 W, 1 %, 0x0000000000000001
2026/10/04 21:41:26.331, P8, 210 MHz, 405 MHz, 50, 40.44 W, 1 %, 0x0000000000000001
2026/10/04 21:41:26.893, P8, 210 MHz, 405 MHz, 50, 40.52 W, 1 %, 0x0000000000000001
2026/10/04 21:41:27.440, P8, 210 MHz, 405 MHz, 50, 40.69 W, 1 %, 0x0000000000000001
2026/10/04 21:41:28.002, P8, 210 MHz, 405 MHz, 50, 40.69 W, 0 %, 0x0000000000000001
2026/10/04 21:41:28.549, P8, 210 MHz, 405 MHz, 50, 40.65 W, 1 %, 0x0000000000000001
2026/10/04 21:41:29.127, P8, 210 MHz, 405 MHz, 50, 40.64 W, 1 %, 0x0000000000000001
2026/10/04 21:41:29.690, P8, 210 MHz, 405 MHz, 50, 40.50 W, 0 %, 0x0000000000000001
2026/10/04 21:41:30.236, P8, 210 MHz, 405 MHz, 50, 40.59 W, 0 %, 0x0000000000000001
2026/10/04 21:41:30.814, P8, 210 MHz, 405 MHz, 50, 40.87 W, 4 %, 0x0000000000000001
2026/10/04 21:41:31.377, P8, 210 MHz, 405 MHz, 50, 41.88 W, 8 %, 0x0000000000000001
2026/10/04 21:41:31.939, P8, 210 MHz, 405 MHz, 50, 42.61 W, 8 %, 0x0000000000000001
2026/10/04 21:41:32.486, P8, 210 MHz, 405 MHz, 50, 41.62 W, 0 %, 0x0000000000000001
2026/10/04 21:41:33.064, P8, 210 MHz, 405 MHz, 50, 40.68 W, 0 %, 0x0000000000000001
2026/10/04 21:41:33.595, P8, 210 MHz, 405 MHz, 50, 40.67 W, 1 %, 0x0000000000000001
2026/10/04 21:41:34.157, P8, 210 MHz, 405 MHz, 50, 40.59 W, 0 %, 0x0000000000000001
2026/10/04 21:41:34.704, P8, 210 MHz, 405 MHz, 50, 40.48 W, 0 %, 0x0000000000000001
2026/10/04 21:41:35.251, P8, 210 MHz, 405 MHz, 50, 40.44 W, 1 %, 0x0000000000000001
2026/10/04 21:41:35.782, P8, 210 MHz, 405 MHz, 50, 40.83 W, 4 %, 0x0000000000000001
2026/10/04 21:41:36.375, P8, 210 MHz, 405 MHz, 50, 41.25 W, 1 %, 0x0000000000000001
2026/10/04 21:41:36.922, P8, 210 MHz, 405 MHz, 50, 41.09 W, 1 %, 0x0000000000000001
2026/10/04 21:41:37.484, P8, 210 MHz, 405 MHz, 50, 40.71 W, 1 %, 0x0000000000000001
2026/10/04 21:41:38.031, P8, 210 MHz, 405 MHz, 50, 40.67 W, 1 %, 0x0000000000000001
2026/10/04 21:41:38.578, P8, 210 MHz, 405 MHz, 50, 40.71 W, 0 %, 0x0000000000000001
2026/10/04 21:41:39.109, P8, 210 MHz, 405 MHz, 50, 40.75 W, 1 %, 0x0000000000000001
2026/10/04 21:41:39.656, P8, 210 MHz, 405 MHz, 50, 40.91 W, 1 %, 0x0000000000000001
2026/10/04 21:41:40.203, P8, 210 MHz, 405 MHz, 50, 40.84 W, 0 %, 0x0000000000000001
2026/10/04 21:41:40.750, P8, 210 MHz, 405 MHz, 50, 40.63 W, 1 %, 0x0000000000000001
2026/10/04 21:41:41.312, P8, 210 MHz, 405 MHz, 50, 40.51 W, 1 %, 0x0000000000000001
2026/10/04 21:41:41.859, P8, 210 MHz, 405 MHz, 50, 40.52 W, 0 %, 0x0000000000000001
2026/10/04 21:41:42.421, P8, 210 MHz, 405 MHz, 50, 40.57 W, 0 %, 0x0000000000000001
2026/10/04 21:41:42.953, P8, 210 MHz, 405 MHz, 50, 40.56 W, 0 %, 0x0000000000000001
2026/10/04 21:41:43.515, P8, 210 MHz, 405 MHz, 50, 40.59 W, 0 %, 0x0000000000000001
2026/10/04 21:41:44.062, P8, 210 MHz, 405 MHz, 50, 40.52 W, 0 %, 0x0000000000000001
2026/10/04 21:41:44.624, P8, 210 MHz, 405 MHz, 50, 40.48 W, 0 %, 0x0000000000000001
2026/10/04 21:41:45.171, P8, 210 MHz, 405 MHz, 50, 40.63 W, 0 %, 0x0000000000000001
2026/10/04 21:41:45.733, P8, 210 MHz, 405 MHz, 50, 40.67 W, 0 %, 0x0000000000000001
2026/10/04 21:41:46.264, P8, 210 MHz, 405 MHz, 50, 40.56 W, 0 %, 0x0000000000000001
2026/10/04 21:41:46.827, P8, 210 MHz, 405 MHz, 50, 40.53 W, 0 %, 0x0000000000000001
2026/10/04 21:41:47.374, P8, 210 MHz, 405 MHz, 50, 40.60 W, 1 %, 0x0000000000000001
2026/10/04 21:41:47.921, P8, 210 MHz, 405 MHz, 50, 40.56 W, 0 %, 0x0000000000000001
2026/10/04 21:41:48.452, P8, 210 MHz, 405 MHz, 50, 40.60 W, 0 %, 0x0000000000000001
2026/10/04 21:41:48.999, P8, 210 MHz, 405 MHz, 50, 40.67 W, 1 %, 0x0000000000000001
2026/10/04 21:41:49.546, P8, 210 MHz, 405 MHz, 50, 40.76 W, 0 %, 0x0000000000000001
2026/10/04 21:41:50.093, P8, 210 MHz, 405 MHz, 50, 40.67 W, 0 %, 0x0000000000000001
2026/10/04 21:41:50.655, P8, 210 MHz, 405 MHz, 50, 40.56 W, 1 %, 0x0000000000000001
2026/10/04 21:41:51.202, P8, 210 MHz, 405 MHz, 50, 40.69 W, 1 %, 0x0000000000000001
2026/10/04 21:41:51.765, P8, 210 MHz, 405 MHz, 50, 40.69 W, 2 %, 0x0000000000000001
2026/10/04 21:41:52.296, P8, 210 MHz, 405 MHz, 50, 40.53 W, 0 %, 0x0000000000000001
2026/10/04 21:41:52.874, P8, 210 MHz, 405 MHz, 50, 40.44 W, 1 %, 0x0000000000000001
2026/10/04 21:41:53.420, P8, 210 MHz, 405 MHz, 50, 40.51 W, 1 %, 0x0000000000000001
2026/10/04 21:41:53.967, P8, 210 MHz, 405 MHz, 50, 40.43 W, 0 %, 0x0000000000000001
2026/10/04 21:41:54.514, P8, 210 MHz, 405 MHz, 50, 40.37 W, 1 %, 0x0000000000000001
2026/10/04 21:41:55.076, P8, 210 MHz, 405 MHz, 50, 40.35 W, 0 %, 0x0000000000000001
2026/10/04 21:41:55.623, P8, 210 MHz, 405 MHz, 50, 40.39 W, 0 %, 0x0000000000000001
2026/10/04 21:41:56.185, P8, 210 MHz, 405 MHz, 50, 40.52 W, 0 %, 0x0000000000000001
2026/10/04 21:41:56.732, P8, 210 MHz, 405 MHz, 50, 40.51 W, 0 %, 0x0000000000000001
2026/10/04 21:41:57.295, P8, 210 MHz, 405 MHz, 50, 40.40 W, 0 %, 0x0000000000000001
2026/10/04 21:41:57.841, P8, 210 MHz, 405 MHz, 50, 40.57 W, 0 %, 0x0000000000000001
2026/10/04 21:41:58.388, P8, 210 MHz, 405 MHz, 50, 40.67 W, 0 %, 0x0000000000000001
2026/10/04 21:41:58.935, P8, 210 MHz, 405 MHz, 50, 40.55 W, 0 %, 0x0000000000000001
2026/10/04 21:41:59.497, P8, 210 MHz, 405 MHz, 50, 40.56 W, 0 %, 0x0000000000000001
2026/10/04 21:42:00.044, P8, 210 MHz, 405 MHz, 50, 40.50 W, 0 %, 0x0000000000000001
2026/10/04 21:42:00.606, P8, 210 MHz, 405 MHz, 50, 40.52 W, 0 %, 0x0000000000000001
2026/10/04 21:42:01.137, P8, 210 MHz, 405 MHz, 50, 40.47 W, 1 %, 0x0000000000000001
2026/10/04 21:42:01.731, P8, 210 MHz, 405 MHz, 50, 40.38 W, 0 %, 0x0000000000000001
2026/10/04 21:42:02.262, P8, 210 MHz, 405 MHz, 50, 40.40 W, 0 %, 0x0000000000000001
2026/10/04 21:42:02.810, P8, 210 MHz, 405 MHz, 50, 40.41 W, 1 %, 0x0000000000000001
2026/10/04 21:42:03.356, P8, 210 MHz, 405 MHz, 50, 40.49 W, 0 %, 0x0000000000000001
2026/10/04 21:42:03.919, P8, 210 MHz, 405 MHz, 50, 40.57 W, 0 %, 0x0000000000000001
2026/10/04 21:42:04.465, P8, 210 MHz, 405 MHz, 50, 40.59 W, 1 %, 0x0000000000000001
2026/10/04 21:42:05.012, P8, 210 MHz, 405 MHz, 50, 40.72 W, 1 %, 0x0000000000000001
2026/10/04 21:42:05.559, P8, 210 MHz, 405 MHz, 50, 40.74 W, 0 %, 0x0000000000000001
2026/10/04 21:42:06.121, P8, 210 MHz, 405 MHz, 50, 40.66 W, 1 %, 0x0000000000000001
2026/10/04 21:42:06.668, P8, 210 MHz, 405 MHz, 50, 40.70 W, 1 %, 0x0000000000000001
2026/10/04 21:42:07.215, P8, 210 MHz, 405 MHz, 50, 40.69 W, 0 %, 0x0000000000000001
2026/10/04 21:42:07.746, P8, 210 MHz, 405 MHz, 50, 40.57 W, 1 %, 0x0000000000000001
2026/10/04 21:42:08.277, P8, 210 MHz, 405 MHz, 50, 40.58 W, 1 %, 0x0000000000000001
2026/10/04 21:42:08.840, P8, 210 MHz, 405 MHz, 50, 40.51 W, 0 %, 0x0000000000000001
2026/10/04 21:42:09.371, P8, 210 MHz, 405 MHz, 50, 40.45 W, 0 %, 0x0000000000000001
2026/10/04 21:42:09.902, P8, 210 MHz, 405 MHz, 50, 40.42 W, 0 %, 0x0000000000000001
2026/10/04 21:42:10.433, P8, 210 MHz, 405 MHz, 50, 40.06 W, 0 %, 0x0000000000000001
2026/10/04 21:42:10.965, P8, 210 MHz, 405 MHz, 50, 40.10 W, 0 %, 0x0000000000000001
2026/10/04 21:42:11.496, P8, 210 MHz, 405 MHz, 50, 41.07 W, 9 %, 0x0000000000000001
2026/10/04 21:42:12.027, P8, 210 MHz, 405 MHz, 50, 41.47 W, 5 %, 0x0000000000000001
2026/10/04 21:42:12.558, P8, 210 MHz, 405 MHz, 50, 41.24 W, 2 %, 0x0000000000000001
2026/10/04 21:42:13.090, P8, 210 MHz, 405 MHz, 50, 40.98 W, 2 %, 0x0000000000000001
2026/10/04 21:42:13.621, P8, 210 MHz, 405 MHz, 50, 40.98 W, 3 %, 0x0000000000000001
2026/10/04 21:42:14.152, P8, 210 MHz, 405 MHz, 50, 40.98 W, 2 %, 0x0000000000000001
2026/10/04 21:42:14.684, P8, 210 MHz, 405 MHz, 50, 40.80 W, 0 %, 0x0000000000000001
2026/10/04 21:42:15.215, P8, 210 MHz, 405 MHz, 50, 40.76 W, 0 %, 0x0000000000000001
2026/10/04 21:42:15.762, P8, 210 MHz, 405 MHz, 50, 40.77 W, 3 %, 0x0000000000000001
2026/10/04 21:42:16.293, P8, 210 MHz, 405 MHz, 50, 40.85 W, 2 %, 0x0000000000000001
2026/10/04 21:42:16.824, P8, 360 MHz, 405 MHz, 51, 42.73 W, 62 %, 0x0000000000000001
2026/10/04 21:42:17.387, P2, 1800 MHz, 9251 MHz, 53, 73.05 W, 26 %, 0x0000000000000001
2026/10/04 21:42:17.918, P2, 1800 MHz, 9251 MHz, 52, 110.65 W, 20 %, 0x0000000000000001
2026/10/04 21:42:18.449, P2, 1800 MHz, 9251 MHz, 53, 126.82 W, 38 %, 0x0000000000000001
2026/10/04 21:42:18.996, P2, 1770 MHz, 9251 MHz, 53, 127.36 W, 39 %, 0x0000000000000001
2026/10/04 21:42:19.543, P2, 1680 MHz, 9251 MHz, 53, 124.58 W, 35 %, 0x0000000000000001
2026/10/04 21:42:20.074, P3, 1560 MHz, 5001 MHz, 52, 111.90 W, 36 %, 0x0000000000000001
2026/10/04 21:42:20.637, P3, 1425 MHz, 5001 MHz, 52, 98.59 W, 31 %, 0x0000000000000001
2026/10/04 21:42:21.184, P3, 1305 MHz, 5001 MHz, 52, 88.54 W, 32 %, 0x0000000000000001
2026/10/04 21:42:21.715, P3, 1215 MHz, 5001 MHz, 52, 84.87 W, 23 %, 0x0000000000000001
2026/10/04 21:42:22.277, P3, 1110 MHz, 5001 MHz, 52, 83.64 W, 26 %, 0x0000000000000001
2026/10/04 21:42:22.809, P3, 1035 MHz, 5001 MHz, 52, 83.51 W, 34 %, 0x0000000000000001
2026/10/04 21:42:23.371, P3, 945 MHz, 5001 MHz, 52, 82.96 W, 32 %, 0x0000000000000001
2026/10/04 21:42:23.965, P3, 870 MHz, 5001 MHz, 52, 82.13 W, 31 %, 0x0000000000000001
2026/10/04 21:42:24.496, P3, 810 MHz, 5001 MHz, 52, 81.69 W, 16 %, 0x0000000000000001
2026/10/04 21:42:25.028, P3, 735 MHz, 5001 MHz, 52, 81.49 W, 20 %, 0x0000000000000001
2026/10/04 21:42:25.559, P3, 660 MHz, 5001 MHz, 52, 81.47 W, 24 %, 0x0000000000000001
2026/10/04 21:42:26.106, P3, 615 MHz, 5001 MHz, 52, 81.14 W, 27 %, 0x0000000000000001
2026/10/04 21:42:26.668, P3, 555 MHz, 5001 MHz, 52, 80.19 W, 24 %, 0x0000000000000001
2026/10/04 21:42:27.215, P3, 495 MHz, 5001 MHz, 52, 79.41 W, 21 %, 0x0000000000000001
2026/10/04 21:42:27.777, P3, 435 MHz, 5001 MHz, 53, 79.24 W, 14 %, 0x0000000000000001
2026/10/04 21:42:28.324, P3, 420 MHz, 5001 MHz, 52, 79.55 W, 29 %, 0x0000000000000001
2026/10/04 21:42:28.856, P3, 390 MHz, 5001 MHz, 52, 78.83 W, 33 %, 0x0000000000000001
2026/10/04 21:42:29.387, P2, 1665 MHz, 9251 MHz, 53, 84.77 W, 100 %, 0x0000000000000004
2026/10/04 21:42:29.902, P2, 1980 MHz, 9251 MHz, 56, 140.91 W, 100 %, 0x0000000000000000
2026/10/04 21:42:30.418, P2, 1980 MHz, 9251 MHz, 57, 204.60 W, 100 %, 0x0000000000000000
2026/10/04 21:42:30.934, P2, 1980 MHz, 9251 MHz, 57, 226.02 W, 100 %, 0x0000000000000000
2026/10/04 21:42:31.449, P2, 1980 MHz, 9251 MHz, 58, 226.56 W, 100 %, 0x0000000000000000
2026/10/04 21:42:31.965, P2, 1980 MHz, 9251 MHz, 58, 226.97 W, 100 %, 0x0000000000000000
2026/10/04 21:42:32.480, P2, 1980 MHz, 9251 MHz, 58, 227.29 W, 100 %, 0x0000000000000000
2026/10/04 21:42:32.996, P2, 1980 MHz, 9251 MHz, 58, 227.46 W, 100 %, 0x0000000000000000
2026/10/04 21:42:33.512, P2, 1980 MHz, 9251 MHz, 59, 227.45 W, 100 %, 0x0000000000000000
2026/10/04 21:42:34.027, P2, 1980 MHz, 9251 MHz, 59, 227.56 W, 100 %, 0x0000000000000000
2026/10/04 21:42:34.543, P2, 1980 MHz, 9251 MHz, 59, 227.83 W, 100 %, 0x0000000000000000
2026/10/04 21:42:35.090, P2, 1980 MHz, 9251 MHz, 58, 224.19 W, 100 %, 0x0000000000000000
2026/10/04 21:42:35.606, P2, 1980 MHz, 9251 MHz, 57, 183.51 W, 5 %, 0x0000000000000000
2026/10/04 21:42:36.137, P2, 1980 MHz, 9251 MHz, 57, 142.71 W, 5 %, 0x0000000000000000
2026/10/04 21:42:36.668, P2, 1980 MHz, 9251 MHz, 57, 138.89 W, 5 %, 0x0000000000000000
2026/10/04 21:42:37.184, P3, 600 MHz, 5001 MHz, 56, 117.85 W, 8 %, 0x0000000000000001
2026/10/04 21:42:37.762, P3, 495 MHz, 5001 MHz, 55, 84.35 W, 9 %, 0x0000000000000001
2026/10/04 21:42:38.308, P3, 435 MHz, 5001 MHz, 55, 77.49 W, 12 %, 0x0000000000000001
2026/10/04 21:42:38.839, P3, 360 MHz, 5001 MHz, 55, 76.38 W, 13 %, 0x0000000000000001
2026/10/04 21:42:39.407, P3, 300 MHz, 5001 MHz, 55, 75.82 W, 9 %, 0x0000000000000001
2026/10/04 21:42:40.001, P3, 240 MHz, 5001 MHz, 55, 75.53 W, 10 %, 0x0000000000000001
2026/10/04 21:42:40.548, P3, 225 MHz, 5001 MHz, 55, 75.34 W, 11 %, 0x0000000000000001
2026/10/04 21:42:41.082, P3, 225 MHz, 5001 MHz, 55, 75.42 W, 11 %, 0x0000000000000001
2026/10/04 21:42:41.644, P3, 225 MHz, 5001 MHz, 55, 75.40 W, 11 %, 0x0000000000000001
2026/10/04 21:42:42.191, P3, 225 MHz, 5001 MHz, 55, 75.38 W, 11 %, 0x0000000000000001
2026/10/04 21:42:42.738, P3, 225 MHz, 5001 MHz, 55, 75.47 W, 12 %, 0x0000000000000001
2026/10/04 21:42:43.269, P3, 225 MHz, 5001 MHz, 55, 75.28 W, 11 %, 0x0000000000000001
2026/10/04 21:42:43.800, P3, 225 MHz, 5001 MHz, 55, 75.20 W, 12 %, 0x0000000000000001
2026/10/04 21:42:44.341, P3, 225 MHz, 5001 MHz, 55, 75.75 W, 11 %, 0x0000000000000001
2026/10/04 21:42:44.919, P3, 225 MHz, 5001 MHz, 55, 80.14 W, 14 %, 0x0000000000000001
2026/10/04 21:42:45.451, P2, 1980 MHz, 9251 MHz, 60, 152.32 W, 99 %, 0x0000000000000004
2026/10/04 21:42:45.966, P2, 1965 MHz, 9251 MHz, 61, 277.37 W, 99 %, 0x0000000000000000
2026/10/04 21:42:46.482, P2, 1965 MHz, 9251 MHz, 58, 268.99 W, 14 %, 0x0000000000000000
2026/10/04 21:42:47.029, P2, 1965 MHz, 9251 MHz, 58, 190.16 W, 7 %, 0x0000000000000000
2026/10/04 21:42:47.560, P2, 1965 MHz, 9251 MHz, 58, 139.09 W, 5 %, 0x0000000000000000
2026/10/04 21:42:48.076, P2, 630 MHz, 9251 MHz, 57, 135.24 W, 5 %, 0x0000000000000001
2026/10/04 21:42:48.607, P2, 495 MHz, 9251 MHz, 57, 115.54 W, 5 %, 0x0000000000000001
2026/10/04 21:42:49.153, P3, 405 MHz, 5001 MHz, 56, 89.43 W, 9 %, 0x0000000000000001
2026/10/04 21:42:49.685, P3, 345 MHz, 5001 MHz, 56, 81.29 W, 9 %, 0x0000000000000001
2026/10/04 21:42:50.216, P3, 285 MHz, 5001 MHz, 56, 77.11 W, 11 %, 0x0000000000000001
2026/10/04 21:42:50.747, P3, 240 MHz, 5001 MHz, 56, 76.23 W, 9 %, 0x0000000000000001
2026/10/04 21:42:51.309, P3, 225 MHz, 5001 MHz, 56, 76.22 W, 10 %, 0x0000000000000001
2026/10/04 21:42:51.872, P3, 225 MHz, 5001 MHz, 56, 76.08 W, 11 %, 0x0000000000000001
2026/10/04 21:42:52.403, P3, 225 MHz, 5001 MHz, 56, 76.09 W, 11 %, 0x0000000000000001
2026/10/04 21:42:53.012, P3, 225 MHz, 5001 MHz, 56, 76.06 W, 11 %, 0x0000000000000001
2026/10/04 21:42:53.575, P3, 225 MHz, 5001 MHz, 56, 75.98 W, 11 %, 0x0000000000000001
2026/10/04 21:42:54.121, P3, 225 MHz, 5001 MHz, 56, 75.97 W, 10 %, 0x0000000000000001
2026/10/04 21:42:54.668, P3, 225 MHz, 5001 MHz, 56, 75.78 W, 11 %, 0x0000000000000001
2026/10/04 21:42:55.221, P3, 225 MHz, 5001 MHz, 56, 75.52 W, 10 %, 0x0000000000000001
2026/10/04 21:42:55.768, P3, 225 MHz, 5001 MHz, 56, 75.47 W, 11 %, 0x0000000000000001
2026/10/04 21:42:56.299, P2, 1800 MHz, 9251 MHz, 59, 100.40 W, 100 %, 0x0000000000000001
2026/10/04 21:42:56.830, P2, 1965 MHz, 9251 MHz, 62, 200.92 W, 99 %, 0x0000000000000000
2026/10/04 21:42:57.377, P2, 1965 MHz, 9251 MHz, 61, 297.02 W, 72 %, 0x0000000000000000
2026/10/04 21:42:57.893, P2, 1965 MHz, 9251 MHz, 59, 225.35 W, 5 %, 0x0000000000000000
2026/10/04 21:42:58.424, P2, 1965 MHz, 9251 MHz, 59, 146.54 W, 7 %, 0x0000000000000000
2026/10/04 21:42:58.955, P2, 1965 MHz, 9251 MHz, 59, 139.18 W, 5 %, 0x0000000000000000
2026/10/04 21:42:59.486, P2, 585 MHz, 9251 MHz, 58, 127.00 W, 5 %, 0x0000000000000001
2026/10/04 21:43:00.080, P3, 465 MHz, 5001 MHz, 57, 96.35 W, 9 %, 0x0000000000000001
2026/10/04 21:43:00.611, P3, 390 MHz, 5001 MHz, 57, 80.10 W, 9 %, 0x0000000000000001
2026/10/04 21:43:01.142, P3, 315 MHz, 5001 MHz, 57, 76.74 W, 9 %, 0x0000000000000001
2026/10/04 21:43:01.689, P3, 270 MHz, 5001 MHz, 57, 76.21 W, 10 %, 0x0000000000000001
2026/10/04 21:43:02.220, P3, 225 MHz, 5001 MHz, 57, 76.07 W, 11 %, 0x0000000000000001
2026/10/04 21:43:02.767, P3, 225 MHz, 5001 MHz, 57, 76.14 W, 12 %, 0x0000000000000001
2026/10/04 21:43:03.299, P3, 225 MHz, 5001 MHz, 57, 76.25 W, 14 %, 0x0000000000000001
2026/10/04 21:43:03.845, P3, 225 MHz, 5001 MHz, 57, 76.35 W, 13 %, 0x0000000000000001
2026/10/04 21:43:04.392, P3, 225 MHz, 5001 MHz, 57, 76.62 W, 12 %, 0x0000000000000001
2026/10/04 21:43:04.923, P3, 225 MHz, 5001 MHz, 57, 76.69 W, 12 %, 0x0000000000000001
2026/10/04 21:43:05.486, P3, 225 MHz, 5001 MHz, 57, 76.36 W, 12 %, 0x0000000000000001
2026/10/04 21:43:06.017, P3, 225 MHz, 5001 MHz, 57, 76.22 W, 12 %, 0x0000000000000001
2026/10/04 21:43:06.595, P3, 225 MHz, 5001 MHz, 57, 76.32 W, 11 %, 0x0000000000000001
2026/10/04 21:43:07.189, P2, 1425 MHz, 9251 MHz, 58, 81.45 W, 75 %, 0x0000000000000004
2026/10/04 21:43:07.713, P2, 1965 MHz, 9251 MHz, 62, 167.88 W, 99 %, 0x0000000000000000
2026/10/04 21:43:08.229, P2, 1965 MHz, 9251 MHz, 63, 269.59 W, 99 %, 0x0000000000000000
2026/10/04 21:43:08.745, P2, 1965 MHz, 9251 MHz, 60, 272.14 W, 45 %, 0x0000000000000000
2026/10/04 21:43:09.292, P2, 1965 MHz, 9251 MHz, 60, 183.97 W, 5 %, 0x0000000000000000
2026/10/04 21:43:09.823, P2, 1965 MHz, 9251 MHz, 60, 140.90 W, 5 %, 0x0000000000000000
2026/10/04 21:43:10.338, P2, 1965 MHz, 9251 MHz, 60, 140.76 W, 7 %, 0x0000000000000000
2026/10/04 21:43:10.854, P2, 570 MHz, 9251 MHz, 59, 121.32 W, 5 %, 0x0000000000000001
2026/10/04 21:43:11.401, P3, 450 MHz, 5001 MHz, 58, 94.73 W, 9 %, 0x0000000000000001
2026/10/04 21:43:11.932, P3, 375 MHz, 5001 MHz, 58, 80.66 W, 11 %, 0x0000000000000001
2026/10/04 21:43:12.495, P3, 330 MHz, 5001 MHz, 58, 78.21 W, 9 %, 0x0000000000000001
2026/10/04 21:43:13.026, P3, 270 MHz, 5001 MHz, 58, 77.27 W, 9 %, 0x0000000000000001
2026/10/04 21:43:13.604, P3, 225 MHz, 5001 MHz, 58, 76.79 W, 11 %, 0x0000000000000001
2026/10/04 21:43:14.166, P3, 225 MHz, 5001 MHz, 58, 76.81 W, 11 %, 0x0000000000000001
2026/10/04 21:43:14.697, P3, 225 MHz, 5001 MHz, 58, 76.92 W, 11 %, 0x0000000000000001
2026/10/04 21:43:15.260, P3, 225 MHz, 5001 MHz, 58, 77.06 W, 11 %, 0x0000000000000001
2026/10/04 21:43:15.791, P3, 225 MHz, 5001 MHz, 58, 77.03 W, 11 %, 0x0000000000000001
2026/10/04 21:43:16.338, P3, 225 MHz, 5001 MHz, 58, 77.02 W, 11 %, 0x0000000000000001
2026/10/04 21:43:16.885, P3, 225 MHz, 5001 MHz, 58, 77.06 W, 11 %, 0x0000000000000001
2026/10/04 21:43:17.432, P3, 225 MHz, 5001 MHz, 58, 76.97 W, 11 %, 0x0000000000000001
2026/10/04 21:43:17.963, P3, 225 MHz, 5001 MHz, 58, 76.94 W, 11 %, 0x0000000000000001
2026/10/04 21:43:18.557, P2, 1950 MHz, 9251 MHz, 61, 110.83 W, 99 %, 0x0000000000000004
2026/10/04 21:43:19.088, P2, 1965 MHz, 9251 MHz, 64, 220.56 W, 99 %, 0x0000000000000000
2026/10/04 21:43:19.604, P2, 1965 MHz, 9251 MHz, 65, 314.23 W, 99 %, 0x0000000000000000
2026/10/04 21:43:20.119, P2, 1965 MHz, 9251 MHz, 64, 313.78 W, 100 %, 0x0000000000000000
2026/10/04 21:43:20.635, P2, 1965 MHz, 9251 MHz, 62, 235.56 W, 6 %, 0x0000000000000000
2026/10/04 21:43:21.151, P2, 1965 MHz, 9251 MHz, 62, 146.48 W, 92 %, 0x0000000000000000
2026/10/04 21:43:21.666, P2, 1965 MHz, 9251 MHz, 62, 156.73 W, 92 %, 0x0000000000000000
2026/10/04 21:43:22.182, P2, 1965 MHz, 9251 MHz, 62, 157.21 W, 97 %, 0x0000000000000000
2026/10/04 21:43:22.698, P2, 1965 MHz, 9251 MHz, 62, 156.73 W, 97 %, 0x0000000000000000
2026/10/04 21:43:23.213, P2, 1965 MHz, 9251 MHz, 62, 156.85 W, 97 %, 0x0000000000000000
2026/10/04 21:43:23.729, P2, 1965 MHz, 9251 MHz, 62, 155.36 W, 97 %, 0x0000000000000000
2026/10/04 21:43:24.244, P2, 1965 MHz, 9251 MHz, 62, 155.26 W, 98 %, 0x0000000000000000
2026/10/04 21:43:24.760, P2, 1965 MHz, 9251 MHz, 62, 156.26 W, 98 %, 0x0000000000000000
2026/10/04 21:43:25.276, P2, 1965 MHz, 9251 MHz, 62, 156.38 W, 98 %, 0x0000000000000000
2026/10/04 21:43:25.791, P2, 1965 MHz, 9251 MHz, 62, 155.78 W, 98 %, 0x0000000000000000
2026/10/04 21:43:26.307, P2, 1965 MHz, 9251 MHz, 62, 155.93 W, 98 %, 0x0000000000000000
2026/10/04 21:43:26.823, P2, 1965 MHz, 9251 MHz, 62, 156.72 W, 98 %, 0x0000000000000000
2026/10/04 21:43:27.338, P2, 1965 MHz, 9251 MHz, 62, 156.80 W, 99 %, 0x0000000000000000
2026/10/04 21:43:27.854, P2, 1965 MHz, 9251 MHz, 62, 156.94 W, 99 %, 0x0000000000000000
2026/10/04 21:43:28.370, P2, 1965 MHz, 9251 MHz, 62, 156.95 W, 99 %, 0x0000000000000000
2026/10/04 21:43:28.885, P2, 1965 MHz, 9251 MHz, 62, 156.36 W, 87 %, 0x0000000000000000
2026/10/04 21:43:29.401, P2, 1965 MHz, 9251 MHz, 62, 156.54 W, 99 %, 0x0000000000000000
2026/10/04 21:43:29.917, P2, 1965 MHz, 9251 MHz, 62, 156.96 W, 99 %, 0x0000000000000000
2026/10/04 21:43:30.432, P2, 1965 MHz, 9251 MHz, 62, 157.25 W, 99 %, 0x0000000000000000
2026/10/04 21:43:30.948, P2, 1965 MHz, 9251 MHz, 62, 157.25 W, 99 %, 0x0000000000000000
2026/10/04 21:43:31.464, P2, 1965 MHz, 9251 MHz, 62, 157.09 W, 99 %, 0x0000000000000000
2026/10/04 21:43:31.979, P2, 1965 MHz, 9251 MHz, 62, 157.04 W, 99 %, 0x0000000000000000
2026/10/04 21:43:32.495, P2, 1965 MHz, 9251 MHz, 62, 156.99 W, 99 %, 0x0000000000000000
2026/10/04 21:43:33.010, P2, 1965 MHz, 9251 MHz, 62, 156.90 W, 99 %, 0x0000000000000000
2026/10/04 21:43:33.526, P2, 1965 MHz, 9251 MHz, 62, 156.95 W, 99 %, 0x0000000000000000
2026/10/04 21:43:34.042, P2, 1965 MHz, 9251 MHz, 62, 156.94 W, 99 %, 0x0000000000000000
2026/10/04 21:43:34.557, P2, 1965 MHz, 9251 MHz, 62, 156.98 W, 99 %, 0x0000000000000000
2026/10/04 21:43:35.073, P2, 1965 MHz, 9251 MHz, 62, 156.91 W, 99 %, 0x0000000000000000
2026/10/04 21:43:35.589, P2, 1965 MHz, 9251 MHz, 62, 156.17 W, 99 %, 0x0000000000000000
2026/10/04 21:43:36.104, P2, 1965 MHz, 9251 MHz, 62, 156.33 W, 99 %, 0x0000000000000000
2026/10/04 21:43:36.620, P2, 1965 MHz, 9251 MHz, 62, 156.98 W, 100 %, 0x0000000000000000
2026/10/04 21:43:37.135, P2, 1965 MHz, 9251 MHz, 62, 156.89 W, 100 %, 0x0000000000000000
2026/10/04 21:43:37.651, P2, 1965 MHz, 9251 MHz, 62, 156.94 W, 100 %, 0x0000000000000000
2026/10/04 21:43:38.167, P2, 1965 MHz, 9251 MHz, 62, 157.06 W, 100 %, 0x0000000000000000
2026/10/04 21:43:38.682, P2, 1965 MHz, 9251 MHz, 62, 157.09 W, 100 %, 0x0000000000000000
2026/10/04 21:43:39.198, P2, 1965 MHz, 9251 MHz, 62, 157.03 W, 100 %, 0x0000000000000000
2026/10/04 21:43:39.714, P2, 1965 MHz, 9251 MHz, 62, 157.00 W, 100 %, 0x0000000000000000
2026/10/04 21:43:40.229, P2, 1965 MHz, 9251 MHz, 62, 157.04 W, 100 %, 0x0000000000000000
2026/10/04 21:43:40.745, P2, 1965 MHz, 9251 MHz, 62, 157.06 W, 99 %, 0x0000000000000000
2026/10/04 21:43:41.260, P2, 1965 MHz, 9251 MHz, 62, 157.03 W, 100 %, 0x0000000000000000
2026/10/04 21:43:41.776, P2, 1965 MHz, 9251 MHz, 62, 157.34 W, 99 %, 0x0000000000000000
2026/10/04 21:43:42.292, P2, 1965 MHz, 9251 MHz, 62, 158.04 W, 100 %, 0x0000000000000000
2026/10/04 21:43:42.808, P2, 1965 MHz, 9251 MHz, 62, 158.48 W, 100 %, 0x0000000000000000
2026/10/04 21:43:43.323, P2, 1965 MHz, 9251 MHz, 61, 157.75 W, 100 %, 0x0000000000000000
2026/10/04 21:43:43.839, P2, 1965 MHz, 9251 MHz, 61, 156.96 W, 100 %, 0x0000000000000000
2026/10/04 21:43:44.355, P2, 1965 MHz, 9251 MHz, 61, 156.85 W, 100 %, 0x0000000000000000
2026/10/04 21:43:44.870, P2, 1965 MHz, 9251 MHz, 61, 156.92 W, 100 %, 0x0000000000000000
2026/10/04 21:43:45.386, P2, 1965 MHz, 9251 MHz, 61, 156.95 W, 100 %, 0x0000000000000000
2026/10/04 21:43:45.901, P2, 1965 MHz, 9251 MHz, 61, 156.90 W, 100 %, 0x0000000000000000
2026/10/04 21:43:46.417, P2, 1965 MHz, 9251 MHz, 61, 156.89 W, 100 %, 0x0000000000000000
2026/10/04 21:43:46.933, P2, 1965 MHz, 9251 MHz, 61, 156.93 W, 100 %, 0x0000000000000000
2026/10/04 21:43:47.448, P2, 1965 MHz, 9251 MHz, 61, 155.96 W, 93 %, 0x0000000000000000
2026/10/04 21:43:47.964, P2, 1965 MHz, 9251 MHz, 61, 155.61 W, 23 %, 0x0000000000000000
2026/10/04 21:43:48.480, P2, 1965 MHz, 9251 MHz, 61, 154.66 W, 23 %, 0x0000000000000000
2026/10/04 21:43:48.995, P2, 1965 MHz, 9251 MHz, 62, 165.24 W, 37 %, 0x0000000000000000
2026/10/04 21:43:49.511, P2, 1845 MHz, 9251 MHz, 60, 167.88 W, 38 %, 0x0000000000000001
2026/10/04 21:43:50.042, P2, 1965 MHz, 9251 MHz, 62, 164.71 W, 50 %, 0x0000000000000000
2026/10/04 21:43:50.558, P2, 1965 MHz, 9251 MHz, 61, 179.56 W, 45 %, 0x0000000000000000
2026/10/04 21:43:51.073, P2, 1965 MHz, 9251 MHz, 63, 197.27 W, 64 %, 0x0000000000000000
2026/10/04 21:43:51.589, P2, 1965 MHz, 9251 MHz, 63, 203.72 W, 65 %, 0x0000000000000000
2026/10/04 21:43:52.105, P2, 1965 MHz, 9251 MHz, 62, 200.35 W, 89 %, 0x0000000000000000
2026/10/04 21:43:52.620, P2, 1965 MHz, 9251 MHz, 63, 194.15 W, 89 %, 0x0000000000000000
2026/10/04 21:43:53.131, P2, 1965 MHz, 9251 MHz, 62, 186.38 W, 78 %, 0x0000000000000000
2026/10/04 21:43:53.647, P2, 1965 MHz, 9251 MHz, 62, 173.43 W, 97 %, 0x0000000000000000
2026/10/04 21:43:54.162, P2, 1965 MHz, 9251 MHz, 61, 170.74 W, 97 %, 0x0000000000000000
2026/10/04 21:43:54.678, P2, 1965 MHz, 9251 MHz, 61, 163.81 W, 22 %, 0x0000000000000000
2026/10/04 21:43:55.194, P2, 1965 MHz, 9251 MHz, 61, 157.58 W, 22 %, 0x0000000000000000
2026/10/04 21:43:55.709, P2, 1965 MHz, 9251 MHz, 61, 164.08 W, 34 %, 0x0000000000000000
2026/10/04 21:43:56.225, P2, 1755 MHz, 9251 MHz, 60, 165.36 W, 36 %, 0x0000000000000001
2026/10/04 21:43:56.756, P2, 1965 MHz, 9251 MHz, 62, 159.69 W, 46 %, 0x0000000000000000
2026/10/04 21:43:57.272, P2, 1965 MHz, 9251 MHz, 62, 174.93 W, 47 %, 0x0000000000000000
2026/10/04 21:43:57.788, P2, 1965 MHz, 9251 MHz, 63, 200.24 W, 62 %, 0x0000000000000000
2026/10/04 21:43:58.303, P2, 1965 MHz, 9251 MHz, 63, 207.80 W, 62 %, 0x0000000000000000
2026/10/04 21:43:58.819, P2, 1965 MHz, 9251 MHz, 63, 211.26 W, 81 %, 0x0000000000000000
2026/10/04 21:43:59.335, P2, 1965 MHz, 9251 MHz, 63, 214.09 W, 84 %, 0x0000000000000000
2026/10/04 21:43:59.850, P2, 1965 MHz, 9251 MHz, 62, 203.48 W, 94 %, 0x0000000000000000
2026/10/04 21:44:00.366, P2, 1965 MHz, 9251 MHz, 62, 181.77 W, 97 %, 0x0000000000000000
2026/10/04 21:44:00.881, P2, 1965 MHz, 9251 MHz, 62, 171.84 W, 97 %, 0x0000000000000000
2026/10/04 21:44:01.397, P2, 1965 MHz, 9251 MHz, 61, 169.88 W, 35 %, 0x0000000000000000
2026/10/04 21:44:01.913, P2, 1965 MHz, 9251 MHz, 61, 169.62 W, 35 %, 0x0000000000000000
2026/10/04 21:44:02.428, P2, 1965 MHz, 9251 MHz, 61, 166.72 W, 60 %, 0x0000000000000000
2026/10/04 21:44:02.944, P2, 1965 MHz, 9251 MHz, 61, 161.05 W, 60 %, 0x0000000000000000
2026/10/04 21:44:03.460, P2, 1965 MHz, 9251 MHz, 61, 158.26 W, 73 %, 0x0000000000000000
2026/10/04 21:44:03.975, P2, 1965 MHz, 9251 MHz, 61, 156.05 W, 73 %, 0x0000000000000000
2026/10/04 21:44:04.491, P2, 1965 MHz, 9251 MHz, 60, 153.97 W, 71 %, 0x0000000000000000
2026/10/04 21:44:05.006, P2, 1965 MHz, 9251 MHz, 60, 151.87 W, 83 %, 0x0000000000000000
2026/10/04 21:44:05.522, P2, 1965 MHz, 9251 MHz, 60, 150.11 W, 67 %, 0x0000000000000000
2026/10/04 21:44:06.038, P2, 1965 MHz, 9251 MHz, 60, 147.99 W, 92 %, 0x0000000000000000
2026/10/04 21:44:06.553, P2, 1965 MHz, 9251 MHz, 60, 147.60 W, 83 %, 0x0000000000000000
2026/10/04 21:44:07.069, P2, 1965 MHz, 9251 MHz, 60, 146.48 W, 96 %, 0x0000000000000000
2026/10/04 21:44:07.585, P2, 1965 MHz, 9251 MHz, 60, 145.73 W, 96 %, 0x0000000000000000
2026/10/04 21:44:08.100, P2, 1965 MHz, 9251 MHz, 62, 152.00 W, 96 %, 0x0000000000000000
2026/10/04 21:44:08.616, P2, 1965 MHz, 9251 MHz, 64, 227.77 W, 96 %, 0x0000000000000000
2026/10/04 21:44:09.132, P2, 1965 MHz, 9251 MHz, 64, 306.23 W, 98 %, 0x0000000000000000
2026/10/04 21:44:09.647, P2, 1965 MHz, 9251 MHz, 65, 318.99 W, 97 %, 0x0000000000000000
2026/10/04 21:44:10.163, P2, 1965 MHz, 9251 MHz, 65, 313.20 W, 91 %, 0x0000000000000000
2026/10/04 21:44:10.679, P2, 1965 MHz, 9251 MHz, 65, 312.44 W, 97 %, 0x0000000000000000
2026/10/04 21:44:11.194, P2, 1965 MHz, 9251 MHz, 65, 318.59 W, 98 %, 0x0000000000000000
2026/10/04 21:44:11.710, P2, 1965 MHz, 9251 MHz, 66, 320.66 W, 97 %, 0x0000000000000000
2026/10/04 21:44:12.225, P2, 1950 MHz, 9251 MHz, 66, 315.28 W, 95 %, 0x0000000000000000
2026/10/04 21:44:12.741, P2, 1950 MHz, 9251 MHz, 66, 316.07 W, 98 %, 0x0000000000000000
2026/10/04 21:44:13.257, P2, 1950 MHz, 9251 MHz, 66, 323.33 W, 98 %, 0x0000000000000000
2026/10/04 21:44:13.772, P2, 1950 MHz, 9251 MHz, 66, 324.61 W, 97 %, 0x0000000000000000
2026/10/04 21:44:14.288, P2, 1950 MHz, 9251 MHz, 66, 317.70 W, 95 %, 0x0000000000000000
2026/10/04 21:44:14.804, P2, 1950 MHz, 9251 MHz, 67, 317.62 W, 98 %, 0x0000000000000000
2026/10/04 21:44:15.319, P2, 1950 MHz, 9251 MHz, 67, 324.55 W, 98 %, 0x0000000000000000
2026/10/04 21:44:15.835, P2, 1950 MHz, 9251 MHz, 66, 319.11 W, 97 %, 0x0000000000000000
2026/10/04 21:44:16.351, P2, 1950 MHz, 9251 MHz, 67, 317.69 W, 96 %, 0x0000000000000000
2026/10/04 21:44:16.866, P2, 1950 MHz, 9251 MHz, 67, 317.95 W, 98 %, 0x0000000000000000
2026/10/04 21:44:17.382, P2, 1950 MHz, 9251 MHz, 67, 325.77 W, 97 %, 0x0000000000000000
2026/10/04 21:44:17.897, P2, 1950 MHz, 9251 MHz, 67, 320.78 W, 95 %, 0x0000000000000000
2026/10/04 21:44:18.413, P2, 1950 MHz, 9251 MHz, 67, 318.61 W, 96 %, 0x0000000000000000
2026/10/04 21:44:18.929, P2, 1950 MHz, 9251 MHz, 67, 319.21 W, 98 %, 0x0000000000000000
2026/10/04 21:44:19.444, P2, 1950 MHz, 9251 MHz, 68, 326.68 W, 97 %, 0x0000000000000000
2026/10/04 21:44:19.960, P2, 1950 MHz, 9251 MHz, 64, 283.76 W, 0 %, 0x0000000000000000
2026/10/04 21:44:20.476, P2, 1950 MHz, 9251 MHz, 63, 196.61 W, 0 %, 0x0000000000000000
2026/10/04 21:44:20.991, P2, 1950 MHz, 9251 MHz, 62, 134.74 W, 0 %, 0x0000000000000000
2026/10/04 21:44:21.507, P2, 1950 MHz, 9251 MHz, 62, 134.39 W, 0 %, 0x0000000000000000
2026/10/04 21:44:22.023, P2, 330 MHz, 9251 MHz, 61, 116.54 W, 0 %, 0x0000000000000001
2026/10/04 21:44:22.554, P5, 255 MHz, 810 MHz, 60, 90.32 W, 0 %, 0x0000000000000001
2026/10/04 21:44:23.085, P5, 210 MHz, 810 MHz, 59, 65.14 W, 0 %, 0x0000000000000001
2026/10/04 21:44:23.616, P5, 210 MHz, 810 MHz, 59, 46.52 W, 0 %, 0x0000000000000001
2026/10/04 21:44:24.148, P8, 210 MHz, 405 MHz, 58, 45.69 W, 0 %, 0x0000000000000001
2026/10/04 21:44:24.679, P8, 210 MHz, 405 MHz, 58, 44.64 W, 0 %, 0x0000000000000001
2026/10/04 21:44:25.210, P8, 210 MHz, 405 MHz, 58, 43.51 W, 0 %, 0x0000000000000001
2026/10/04 21:44:25.742, P8, 210 MHz, 405 MHz, 58, 43.51 W, 0 %, 0x0000000000000001
2026/10/04 21:44:26.273, P8, 210 MHz, 405 MHz, 57, 43.48 W, 0 %, 0x0000000000000001
2026/10/04 21:44:26.804, P8, 210 MHz, 405 MHz, 57, 43.47 W, 0 %, 0x0000000000000001
2026/10/04 21:44:27.335, P8, 210 MHz, 405 MHz, 57, 43.44 W, 0 %, 0x0000000000000001
2026/10/04 21:44:27.867, P8, 210 MHz, 405 MHz, 57, 43.36 W, 0 %, 0x0000000000000001
2026/10/04 21:44:28.398, P8, 210 MHz, 405 MHz, 57, 43.28 W, 0 %, 0x0000000000000001
2026/10/04 21:44:28.929, P8, 210 MHz, 405 MHz, 56, 43.26 W, 0 %, 0x0000000000000001
2026/10/04 21:44:29.461, P8, 210 MHz, 405 MHz, 56, 43.30 W, 0 %, 0x0000000000000001
2026/10/04 21:44:29.992, P8, 210 MHz, 405 MHz, 56, 43.26 W, 0 %, 0x0000000000000001
2026/10/04 21:44:30.523, P8, 210 MHz, 405 MHz, 56, 43.13 W, 0 %, 0x0000000000000001
2026/10/04 21:44:31.054, P8, 210 MHz, 405 MHz, 56, 43.04 W, 0 %, 0x0000000000000001
2026/10/04 21:44:31.585, P8, 210 MHz, 405 MHz, 56, 43.00 W, 0 %, 0x0000000000000001
2026/10/04 21:44:32.116, P8, 210 MHz, 405 MHz, 55, 42.92 W, 0 %, 0x0000000000000001
2026/10/04 21:44:32.648, P8, 210 MHz, 405 MHz, 55, 42.93 W, 0 %, 0x0000000000000001
2026/10/04 21:44:33.179, P8, 210 MHz, 405 MHz, 55, 42.99 W, 0 %, 0x0000000000000001
2026/10/04 21:44:33.711, P8, 210 MHz, 405 MHz, 55, 42.94 W, 0 %, 0x0000000000000001
2026/10/04 21:44:34.242, P8, 210 MHz, 405 MHz, 55, 42.83 W, 0 %, 0x0000000000000001
2026/10/04 21:44:34.773, P8, 210 MHz, 405 MHz, 55, 42.77 W, 0 %, 0x0000000000000001
2026/10/04 21:44:35.305, P8, 210 MHz, 405 MHz, 54, 42.70 W, 0 %, 0x0000000000000001
2026/10/04 21:44:35.851, P8, 210 MHz, 405 MHz, 54, 42.68 W, 0 %, 0x0000000000000001
2026/10/04 21:44:36.383, P8, 210 MHz, 405 MHz, 54, 42.58 W, 0 %, 0x0000000000000001
2026/10/04 21:44:36.914, P8, 210 MHz, 405 MHz, 54, 42.51 W, 0 %, 0x0000000000000001
2026/10/04 21:44:37.445, P8, 210 MHz, 405 MHz, 54, 42.40 W, 0 %, 0x0000000000000001
2026/10/04 21:44:37.976, P8, 210 MHz, 405 MHz, 54, 42.25 W, 0 %, 0x0000000000000001
2026/10/04 21:44:38.508, P8, 210 MHz, 405 MHz, 54, 42.35 W, 0 %, 0x0000000000000001
2026/10/04 21:44:39.055, P8, 210 MHz, 405 MHz, 53, 42.40 W, 0 %, 0x0000000000000001
2026/10/04 21:44:39.602, P8, 210 MHz, 405 MHz, 53, 42.16 W, 0 %, 0x0000000000000001
2026/10/04 21:44:40.148, P8, 210 MHz, 405 MHz, 53, 42.62 W, 8 %, 0x0000000000000001
2026/10/04 21:44:40.695, P8, 210 MHz, 405 MHz, 53, 43.74 W, 8 %, 0x0000000000000001
2026/10/04 21:44:41.242, P8, 210 MHz, 405 MHz, 53, 43.67 W, 5 %, 0x0000000000000001
2026/10/04 21:44:41.774, P8, 210 MHz, 405 MHz, 53, 42.79 W, 1 %, 0x0000000000000001
2026/10/04 21:44:42.321, P8, 210 MHz, 405 MHz, 53, 42.05 W, 1 %, 0x0000000000000001
2026/10/04 21:44:42.852, P8, 210 MHz, 405 MHz, 53, 41.96 W, 0 %, 0x0000000000000001
2026/10/04 21:44:43.383, P8, 210 MHz, 405 MHz, 52, 41.94 W, 1 %, 0x0000000000000001
2026/10/04 21:44:43.914, P8, 210 MHz, 405 MHz, 52, 41.93 W, 1 %, 0x0000000000000001
2026/10/04 21:44:44.446, P8, 210 MHz, 405 MHz, 52, 41.88 W, 0 %, 0x0000000000000001
2026/10/04 21:44:44.977, P8, 210 MHz, 405 MHz, 52, 42.26 W, 4 %, 0x0000000000000001
2026/10/04 21:44:45.524, P8, 210 MHz, 405 MHz, 52, 42.31 W, 1 %, 0x0000000000000001
2026/10/04 21:44:46.055, P8, 210 MHz, 405 MHz, 52, 41.88 W, 0 %, 0x0000000000000001
2026/10/04 21:44:46.586, P8, 210 MHz, 405 MHz, 52, 41.71 W, 0 %, 0x0000000000000001
2026/10/04 21:44:47.117, P8, 210 MHz, 405 MHz, 52, 41.61 W, 1 %, 0x0000000000000001
2026/10/04 21:44:47.649, P8, 210 MHz, 405 MHz, 52, 41.54 W, 0 %, 0x0000000000000001
2026/10/04 21:44:48.196, P8, 210 MHz, 405 MHz, 51, 41.50 W, 1 %, 0x0000000000000001
2026/10/04 21:44:48.727, P8, 210 MHz, 405 MHz, 51, 41.42 W, 1 %, 0x0000000000000001
2026/10/04 21:44:49.258, P8, 210 MHz, 405 MHz, 51, 41.43 W, 0 %, 0x0000000000000001
2026/10/04 21:44:49.789, P8, 210 MHz, 405 MHz, 51, 41.42 W, 1 %, 0x0000000000000001
2026/10/04 21:44:50.321, P8, 210 MHz, 405 MHz, 51, 41.45 W, 1 %, 0x0000000000000001
2026/10/04 21:44:50.852, P8, 210 MHz, 405 MHz, 51, 41.37 W, 0 %, 0x0000000000000001
2026/10/04 21:44:51.383, P8, 210 MHz, 405 MHz, 51, 41.17 W, 1 %, 0x0000000000000001
2026/10/04 21:44:51.915, P8, 210 MHz, 405 MHz, 51, 41.13 W, 1 %, 0x0000000000000001
2026/10/04 21:44:52.446, P8, 210 MHz, 405 MHz, 51, 41.09 W, 0 %, 0x0000000000000001
2026/10/04 21:44:52.977, P8, 210 MHz, 405 MHz, 51, 41.06 W, 1 %, 0x0000000000000001
2026/10/04 21:44:53.508, P8, 210 MHz, 405 MHz, 50, 41.23 W, 0 %, 0x0000000000000001
2026/10/04 21:44:54.040, P8, 210 MHz, 405 MHz, 50, 41.32 W, 1 %, 0x0000000000000001
2026/10/04 21:44:54.571, P8, 210 MHz, 405 MHz, 50, 41.32 W, 1 %, 0x0000000000000001
2026/10/04 21:44:55.102, P8, 210 MHz, 405 MHz, 50, 41.27 W, 0 %, 0x0000000000000001
2026/10/04 21:44:55.633, P8, 210 MHz, 405 MHz, 50, 41.23 W, 1 %, 0x0000000000000001
2026/10/04 21:44:56.164, P8, 210 MHz, 405 MHz, 50, 41.07 W, 1 %, 0x0000000000000001
2026/10/04 21:44:56.696, P8, 210 MHz, 405 MHz, 50, 41.06 W, 0 %, 0x0000000000000001
2026/10/04 21:44:57.227, P8, 210 MHz, 405 MHz, 50, 41.03 W, 1 %, 0x0000000000000001
2026/10/04 21:44:57.759, P8, 210 MHz, 405 MHz, 50, 41.02 W, 1 %, 0x0000000000000001
2026/10/04 21:44:58.290, P8, 210 MHz, 405 MHz, 50, 40.97 W, 0 %, 0x0000000000000001
2026/10/04 21:44:58.821, P8, 210 MHz, 405 MHz, 50, 40.97 W, 1 %, 0x0000000000000001
2026/10/04 21:44:59.352, P8, 210 MHz, 405 MHz, 50, 41.07 W, 1 %, 0x0000000000000001
2026/10/04 21:44:59.884, P8, 210 MHz, 405 MHz, 50, 41.09 W, 0 %, 0x0000000000000001
2026/10/04 21:45:00.415, P8, 210 MHz, 405 MHz, 50, 41.03 W, 1 %, 0x0000000000000001
2026/10/04 21:45:00.946, P8, 210 MHz, 405 MHz, 50, 40.94 W, 1 %, 0x0000000000000001
2026/10/04 21:45:01.478, P8, 210 MHz, 405 MHz, 50, 40.86 W, 0 %, 0x0000000000000001
2026/10/04 21:45:02.009, P8, 210 MHz, 405 MHz, 50, 40.86 W, 1 %, 0x0000000000000001
2026/10/04 21:45:02.540, P8, 210 MHz, 405 MHz, 50, 40.83 W, 1 %, 0x0000000000000001
2026/10/04 21:45:03.071, P8, 210 MHz, 405 MHz, 50, 40.82 W, 1 %, 0x0000000000000001
2026/10/04 21:45:03.602, P8, 210 MHz, 405 MHz, 50, 40.88 W, 1 %, 0x0000000000000001
2026/10/04 21:45:04.133, P8, 210 MHz, 405 MHz, 50, 41.02 W, 1 %, 0x0000000000000001
2026/10/04 21:45:04.665, P8, 210 MHz, 405 MHz, 50, 41.07 W, 1 %, 0x0000000000000001
2026/10/04 21:45:05.196, P8, 210 MHz, 405 MHz, 50, 41.07 W, 1 %, 0x0000000000000001
2026/10/04 21:45:05.728, P8, 210 MHz, 405 MHz, 50, 40.94 W, 1 %, 0x0000000000000001
2026/10/04 21:45:06.259, P8, 210 MHz, 405 MHz, 50, 40.86 W, 1 %, 0x0000000000000001
2026/10/04 21:45:06.790, P8, 210 MHz, 405 MHz, 50, 40.87 W, 1 %, 0x0000000000000001
2026/10/04 21:45:07.322, P8, 210 MHz, 405 MHz, 50, 40.93 W, 1 %, 0x0000000000000001
2026/10/04 21:45:07.853, P8, 210 MHz, 405 MHz, 50, 40.92 W, 1 %, 0x0000000000000001
2026/10/04 21:45:08.384, P8, 210 MHz, 405 MHz, 50, 40.83 W, 1 %, 0x0000000000000001
2026/10/04 21:45:08.915, P8, 210 MHz, 405 MHz, 50, 40.89 W, 1 %, 0x0000000000000001
2026/10/04 21:45:09.447, P8, 210 MHz, 405 MHz, 50, 40.92 W, 1 %, 0x0000000000000001
2026/10/04 21:45:09.978, P8, 210 MHz, 405 MHz, 50, 40.95 W, 1 %, 0x0000000000000001
2026/10/04 21:45:10.509, P8, 210 MHz, 405 MHz, 50, 41.01 W, 1 %, 0x0000000000000001
2026/10/04 21:45:11.040, P8, 210 MHz, 405 MHz, 50, 40.93 W, 1 %, 0x0000000000000001
2026/10/04 21:45:11.572, P8, 210 MHz, 405 MHz, 50, 40.78 W, 1 %, 0x0000000000000001
2026/10/04 21:45:12.103, P8, 210 MHz, 405 MHz, 50, 40.92 W, 2 %, 0x0000000000000001
2026/10/04 21:45:12.634, P8, 210 MHz, 405 MHz, 50, 40.98 W, 1 %, 0x0000000000000001
2026/10/04 21:45:13.165, P8, 210 MHz, 405 MHz, 50, 40.90 W, 1 %, 0x0000000000000001
2026/10/04 21:45:13.697, P8, 210 MHz, 405 MHz, 50, 40.95 W, 0 %, 0x0000000000000001
2026/10/04 21:45:14.244, P8, 210 MHz, 405 MHz, 50, 41.00 W, 1 %, 0x0000000000000001
2026/10/04 21:45:14.775, P8, 210 MHz, 405 MHz, 51, 41.13 W, 1 %, 0x0000000000000001
2026/10/04 21:45:15.306, P8, 210 MHz, 405 MHz, 51, 41.06 W, 0 %, 0x0000000000000001
2026/10/04 21:45:15.837, P8, 210 MHz, 405 MHz, 51, 40.94 W, 1 %, 0x0000000000000001
2026/10/04 21:45:16.369, P8, 210 MHz, 405 MHz, 51, 41.06 W, 1 %, 0x0000000000000001
2026/10/04 21:45:16.900, P8, 210 MHz, 405 MHz, 50, 41.06 W, 1 %, 0x0000000000000001
2026/10/04 21:45:17.431, P8, 210 MHz, 405 MHz, 51, 40.97 W, 1 %, 0x0000000000000001
2026/10/04 21:45:17.963, P8, 210 MHz, 405 MHz, 51, 41.08 W, 1 %, 0x0000000000000001
2026/10/04 21:45:18.494, P8, 210 MHz, 405 MHz, 51, 41.12 W, 1 %, 0x0000000000000001
2026/10/04 21:45:19.025, P8, 210 MHz, 405 MHz, 51, 41.14 W, 1 %, 0x0000000000000001
2026/10/04 21:45:19.556, P8, 210 MHz, 405 MHz, 51, 41.13 W, 1 %, 0x0000000000000001
2026/10/04 21:45:20.088, P8, 210 MHz, 405 MHz, 51, 41.02 W, 1 %, 0x0000000000000001
2026/10/04 21:45:20.619, P8, 210 MHz, 405 MHz, 51, 40.97 W, 1 %, 0x0000000000000001
2026/10/04 21:45:21.166, P8, 210 MHz, 405 MHz, 51, 41.08 W, 1 %, 0x0000000000000001
2026/10/04 21:45:21.697, P8, 210 MHz, 405 MHz, 51, 41.05 W, 1 %, 0x0000000000000001
2026/10/04 21:45:22.228, P8, 210 MHz, 405 MHz, 51, 41.07 W, 1 %, 0x0000000000000001
2026/10/04 21:45:22.760, P8, 210 MHz, 405 MHz, 51, 41.17 W, 1 %, 0x0000000000000001
2026/10/04 21:45:23.291, P8, 210 MHz, 405 MHz, 51, 41.18 W, 1 %, 0x0000000000000001
2026/10/04 21:45:23.822, P8, 210 MHz, 405 MHz, 51, 41.14 W, 1 %, 0x0000000000000001
2026/10/04 21:45:24.354, P8, 210 MHz, 405 MHz, 51, 41.10 W, 0 %, 0x0000000000000001
2026/10/04 21:45:24.885, P8, 210 MHz, 405 MHz, 51, 41.09 W, 1 %, 0x0000000000000001
2026/10/04 21:45:25.416, P8, 210 MHz, 405 MHz, 51, 41.07 W, 1 %, 0x0000000000000001
2026/10/04 21:45:25.963, P8, 210 MHz, 405 MHz, 51, 40.98 W, 0 %, 0x0000000000000001
2026/10/04 21:45:26.494, P8, 210 MHz, 405 MHz, 51, 40.99 W, 1 %, 0x0000000000000001
2026/10/04 21:45:27.025, P8, 210 MHz, 405 MHz, 51, 41.03 W, 1 %, 0x0000000000000001
2026/10/04 21:45:27.557, P8, 210 MHz, 405 MHz, 51, 41.00 W, 0 %, 0x0000000000000001
2026/10/04 21:45:28.088, P8, 210 MHz, 405 MHz, 51, 40.94 W, 1 %, 0x0000000000000001
2026/10/04 21:45:28.619, P8, 210 MHz, 405 MHz, 51, 41.01 W, 1 %, 0x0000000000000001
2026/10/04 21:45:29.150, P8, 210 MHz, 405 MHz, 51, 41.02 W, 0 %, 0x0000000000000001
2026/10/04 21:45:29.682, P8, 210 MHz, 405 MHz, 51, 40.94 W, 1 %, 0x0000000000000001
2026/10/04 21:45:30.213, P8, 210 MHz, 405 MHz, 51, 40.75 W, 1 %, 0x0000000000000001
2026/10/04 21:45:30.760, P8, 210 MHz, 405 MHz, 51, 40.68 W, 0 %, 0x0000000000000001
2026/10/04 21:45:31.291, P8, 210 MHz, 405 MHz, 51, 40.72 W, 1 %, 0x0000000000000001
2026/10/04 21:45:31.822, P8, 210 MHz, 405 MHz, 51, 40.77 W, 1 %, 0x0000000000000001
2026/10/04 21:45:32.354, P8, 210 MHz, 405 MHz, 51, 40.76 W, 0 %, 0x0000000000000001
2026/10/04 21:45:32.885, P8, 210 MHz, 405 MHz, 51, 40.75 W, 1 %, 0x0000000000000001
2026/10/04 21:45:33.417, P8, 210 MHz, 405 MHz, 51, 40.74 W, 1 %, 0x0000000000000001
2026/10/04 21:45:33.963, P8, 210 MHz, 405 MHz, 51, 40.67 W, 0 %, 0x0000000000000001
2026/10/04 21:45:34.495, P8, 210 MHz, 405 MHz, 51, 40.49 W, 1 %, 0x0000000000000001
2026/10/04 21:45:35.026, P8, 210 MHz, 405 MHz, 51, 40.51 W, 0 %, 0x0000000000000001
2026/10/04 21:45:35.557, P8, 210 MHz, 405 MHz, 51, 40.72 W, 0 %, 0x0000000000000001
2026/10/04 21:45:36.088, P8, 210 MHz, 405 MHz, 51, 40.90 W, 1 %, 0x0000000000000001
2026/10/04 21:45:36.620, P8, 210 MHz, 405 MHz, 51, 40.92 W, 0 %, 0x0000000000000001
2026/10/04 21:45:37.151, P8, 210 MHz, 405 MHz, 51, 40.78 W, 0 %, 0x0000000000000001
2026/10/04 21:45:37.682, P8, 210 MHz, 405 MHz, 51, 40.75 W, 1 %, 0x0000000000000001
2026/10/04 21:45:38.213, P8, 210 MHz, 405 MHz, 51, 40.73 W, 0 %, 0x0000000000000001
2026/10/04 21:45:38.760, P8, 210 MHz, 405 MHz, 51, 40.70 W, 0 %, 0x0000000000000001
2026/10/04 21:45:39.292, P8, 210 MHz, 405 MHz, 51, 40.77 W, 1 %, 0x0000000000000001
2026/10/04 21:45:39.826, P8, 210 MHz, 405 MHz, 51, 40.74 W, 0 %, 0x0000000000000001
2026/10/04 21:45:40.358, P8, 210 MHz, 405 MHz, 51, 40.85 W, 0 %, 0x0000000000000001
2026/10/04 21:45:40.889, P8, 210 MHz, 405 MHz, 51, 40.86 W, 1 %, 0x0000000000000001
2026/10/04 21:45:41.420, P8, 210 MHz, 405 MHz, 51, 40.78 W, 0 %, 0x0000000000000001
2026/10/04 21:45:41.951, P8, 210 MHz, 405 MHz, 51, 40.74 W, 0 %, 0x0000000000000001
2026/10/04 21:45:42.483, P8, 210 MHz, 405 MHz, 51, 40.73 W, 1 %, 0x0000000000000001
2026/10/04 21:45:43.014, P8, 210 MHz, 405 MHz, 51, 40.80 W, 0 %, 0x0000000000000001
2026/10/04 21:45:43.561, P8, 210 MHz, 405 MHz, 51, 40.94 W, 0 %, 0x0000000000000001
2026/10/04 21:45:44.092, P8, 210 MHz, 405 MHz, 51, 40.94 W, 1 %, 0x0000000000000001
2026/10/04 21:45:44.623, P8, 210 MHz, 405 MHz, 51, 40.96 W, 0 %, 0x0000000000000001
2026/10/04 21:45:45.155, P8, 210 MHz, 405 MHz, 51, 41.04 W, 0 %, 0x0000000000000001
2026/10/04 21:45:45.686, P8, 210 MHz, 405 MHz, 51, 41.04 W, 1 %, 0x0000000000000001
2026/10/04 21:45:46.217, P8, 210 MHz, 405 MHz, 51, 40.90 W, 0 %, 0x0000000000000001
2026/10/04 21:45:46.748, P8, 210 MHz, 405 MHz, 51, 40.82 W, 0 %, 0x0000000000000001
2026/10/04 21:45:47.280, P8, 210 MHz, 405 MHz, 51, 40.86 W, 0 %, 0x0000000000000001
2026/10/04 21:45:47.811, P8, 210 MHz, 405 MHz, 51, 41.23 W, 3 %, 0x0000000000000001
2026/10/04 21:45:48.358, P8, 210 MHz, 405 MHz, 51, 41.42 W, 1 %, 0x0000000000000001
2026/10/04 21:45:48.889, P8, 210 MHz, 405 MHz, 51, 41.06 W, 0 %, 0x0000000000000001
2026/10/04 21:45:49.421, P8, 210 MHz, 405 MHz, 51, 40.84 W, 0 %, 0x0000000000000001
2026/10/04 21:45:49.952, P8, 210 MHz, 405 MHz, 51, 40.86 W, 0 %, 0x0000000000000001
2026/10/04 21:45:50.483, P8, 210 MHz, 405 MHz, 51, 40.83 W, 0 %, 0x0000000000000001
2026/10/04 21:45:51.014, P8, 210 MHz, 405 MHz, 51, 40.87 W, 0 %, 0x0000000000000001
2026/10/04 21:45:51.546, P8, 210 MHz, 405 MHz, 51, 40.95 W, 0 %, 0x0000000000000001
2026/10/04 21:45:52.077, P8, 210 MHz, 405 MHz, 51, 41.03 W, 0 %, 0x0000000000000001
2026/10/04 21:45:52.608, P8, 210 MHz, 405 MHz, 51, 41.07 W, 0 %, 0x0000000000000001
2026/10/04 21:45:53.155, P8, 210 MHz, 405 MHz, 51, 41.11 W, 0 %, 0x0000000000000001
2026/10/04 21:45:53.686, P8, 210 MHz, 405 MHz, 51, 41.11 W, 0 %, 0x0000000000000001
2026/10/04 21:45:54.217, P8, 210 MHz, 405 MHz, 51, 40.96 W, 0 %, 0x0000000000000001
2026/10/04 21:45:54.749, P8, 210 MHz, 405 MHz, 51, 40.94 W, 0 %, 0x0000000000000001
2026/10/04 21:45:55.280, P8, 210 MHz, 405 MHz, 51, 40.96 W, 0 %, 0x0000000000000001
2026/10/04 21:45:55.811, P8, 210 MHz, 405 MHz, 51, 40.97 W, 0 %, 0x0000000000000001
2026/10/04 21:45:56.343, P8, 210 MHz, 405 MHz, 51, 40.95 W, 0 %, 0x0000000000000001
2026/10/04 21:45:56.874, P8, 210 MHz, 405 MHz, 51, 40.96 W, 0 %, 0x0000000000000001
2026/10/04 21:45:57.405, P8, 210 MHz, 405 MHz, 51, 41.01 W, 0 %, 0x0000000000000001
2026/10/04 21:45:57.936, P8, 210 MHz, 405 MHz, 51, 41.00 W, 0 %, 0x0000000000000001
2026/10/04 21:45:58.468, P8, 210 MHz, 405 MHz, 51, 41.06 W, 0 %, 0x0000000000000001
2026/10/04 21:45:58.999, P8, 210 MHz, 405 MHz, 51, 41.04 W, 0 %, 0x0000000000000001
2026/10/04 21:45:59.530, P8, 210 MHz, 405 MHz, 51, 40.90 W, 0 %, 0x0000000000000001
2026/10/04 21:46:00.061, P8, 210 MHz, 405 MHz, 51, 40.85 W, 0 %, 0x0000000000000001
2026/10/04 21:46:00.593, P8, 210 MHz, 405 MHz, 51, 40.87 W, 0 %, 0x0000000000000001
2026/10/04 21:46:01.124, P8, 210 MHz, 405 MHz, 51, 40.74 W, 0 %, 0x0000000000000001
2026/10/04 21:46:01.655, P8, 210 MHz, 405 MHz, 51, 40.63 W, 0 %, 0x0000000000000001
2026/10/04 21:46:02.187, P8, 210 MHz, 405 MHz, 51, 40.66 W, 0 %, 0x0000000000000001
2026/10/04 21:46:02.718, P8, 210 MHz, 405 MHz, 51, 40.69 W, 0 %, 0x0000000000000001
2026/10/04 21:46:03.249, P8, 210 MHz, 405 MHz, 51, 40.85 W, 0 %, 0x0000000000000001
2026/10/04 21:46:03.780, P8, 210 MHz, 405 MHz, 51, 40.84 W, 0 %, 0x0000000000000001
2026/10/04 21:46:04.312, P8, 210 MHz, 405 MHz, 51, 40.73 W, 0 %, 0x0000000000000001
2026/10/04 21:46:04.843, P8, 210 MHz, 405 MHz, 51, 40.78 W, 0 %, 0x0000000000000001
2026/10/04 21:46:05.374, P8, 210 MHz, 405 MHz, 51, 40.94 W, 0 %, 0x0000000000000001
2026/10/04 21:46:05.906, P8, 210 MHz, 405 MHz, 51, 41.04 W, 0 %, 0x0000000000000001
2026/10/04 21:46:06.437, P8, 210 MHz, 405 MHz, 51, 40.92 W, 0 %, 0x0000000000000001
2026/10/04 21:46:06.983, P8, 210 MHz, 405 MHz, 51, 40.87 W, 0 %, 0x0000000000000001
2026/10/04 21:46:07.515, P8, 210 MHz, 405 MHz, 51, 40.80 W, 0 %, 0x0000000000000001
2026/10/04 21:46:08.046, P8, 210 MHz, 405 MHz, 51, 40.83 W, 0 %, 0x0000000000000001
2026/10/04 21:46:08.578, P8, 210 MHz, 405 MHz, 51, 40.95 W, 0 %, 0x0000000000000001
2026/10/04 21:46:09.109, P8, 210 MHz, 405 MHz, 51, 41.00 W, 0 %, 0x0000000000000001
2026/10/04 21:46:09.640, P8, 210 MHz, 405 MHz, 51, 40.90 W, 0 %, 0x0000000000000001
2026/10/04 21:46:10.171, P8, 210 MHz, 405 MHz, 51, 40.85 W, 0 %, 0x0000000000000001
2026/10/04 21:46:10.703, P8, 210 MHz, 405 MHz, 51, 40.94 W, 0 %, 0x0000000000000001
2026/10/04 21:46:11.234, P8, 210 MHz, 405 MHz, 51, 40.91 W, 0 %, 0x0000000000000001
2026/10/04 21:46:11.765, P8, 210 MHz, 405 MHz, 51, 40.94 W, 0 %, 0x0000000000000001
2026/10/04 21:46:12.296, P8, 210 MHz, 405 MHz, 51, 41.05 W, 0 %, 0x0000000000000001
2026/10/04 21:46:12.828, P8, 210 MHz, 405 MHz, 51, 40.88 W, 0 %, 0x0000000000000001
2026/10/04 21:46:13.359, P8, 210 MHz, 405 MHz, 51, 40.83 W, 0 %, 0x0000000000000001
2026/10/04 21:46:13.890, P8, 210 MHz, 405 MHz, 51, 40.88 W, 0 %, 0x0000000000000001
2026/10/04 21:46:14.422, P8, 210 MHz, 405 MHz, 51, 40.76 W, 0 %, 0x0000000000000001
2026/10/04 21:46:14.953, P8, 210 MHz, 405 MHz, 51, 40.73 W, 0 %, 0x0000000000000001
2026/10/04 21:46:15.500, P8, 210 MHz, 405 MHz, 51, 40.75 W, 0 %, 0x0000000000000001
2026/10/04 21:46:16.031, P8, 210 MHz, 405 MHz, 51, 40.83 W, 0 %, 0x0000000000000001
2026/10/04 21:46:16.562, P8, 210 MHz, 405 MHz, 51, 40.98 W, 0 %, 0x0000000000000001
2026/10/04 21:46:17.093, P8, 210 MHz, 405 MHz, 51, 41.00 W, 0 %, 0x0000000000000001
2026/10/04 21:46:17.625, P8, 210 MHz, 405 MHz, 51, 40.82 W, 0 %, 0x0000000000000001
2026/10/04 21:46:18.172, P8, 210 MHz, 405 MHz, 51, 40.91 W, 0 %, 0x0000000000000001
2026/10/04 21:46:18.719, P8, 210 MHz, 405 MHz, 51, 40.94 W, 0 %, 0x0000000000000001
2026/10/04 21:46:19.250, P8, 210 MHz, 405 MHz, 51, 40.65 W, 0 %, 0x0000000000000001
2026/10/04 21:46:19.781, P8, 210 MHz, 405 MHz, 51, 40.65 W, 0 %, 0x0000000000000001
2026/10/04 21:46:20.312, P8, 210 MHz, 405 MHz, 51, 40.81 W, 1 %, 0x0000000000000001
2026/10/04 21:46:20.844, P8, 210 MHz, 405 MHz, 51, 40.70 W, 0 %, 0x0000000000000001
2026/10/04 21:46:21.391, P8, 210 MHz, 405 MHz, 51, 40.68 W, 0 %, 0x0000000000000001
2026/10/04 21:46:21.922, P8, 210 MHz, 405 MHz, 51, 40.74 W, 1 %, 0x0000000000000001
2026/10/04 21:46:22.453, P8, 210 MHz, 405 MHz, 51, 40.67 W, 0 %, 0x0000000000000001
2026/10/04 21:46:22.984, P8, 210 MHz, 405 MHz, 51, 40.75 W, 0 %, 0x0000000000000001
2026/10/04 21:46:23.516, P8, 210 MHz, 405 MHz, 51, 40.76 W, 1 %, 0x0000000000000001
2026/10/04 21:46:24.047, P8, 210 MHz, 405 MHz, 51, 40.72 W, 0 %, 0x0000000000000001
2026/10/04 21:46:24.578, P8, 210 MHz, 405 MHz, 51, 40.92 W, 0 %, 0x0000000000000001
2026/10/04 21:46:25.109, P8, 210 MHz, 405 MHz, 51, 40.92 W, 1 %, 0x0000000000000001
2026/10/04 21:46:25.641, P8, 210 MHz, 405 MHz, 51, 40.79 W, 0 %, 0x0000000000000001
2026/10/04 21:46:26.172, P8, 210 MHz, 405 MHz, 51, 40.83 W, 0 %, 0x0000000000000001
2026/10/04 21:46:26.703, P8, 210 MHz, 405 MHz, 51, 40.93 W, 1 %, 0x0000000000000001
2026/10/04 21:46:27.234, P8, 210 MHz, 405 MHz, 51, 40.85 W, 0 %, 0x0000000000000001
2026/10/04 21:46:27.766, P8, 210 MHz, 405 MHz, 51, 40.82 W, 0 %, 0x0000000000000001
2026/10/04 21:46:28.297, P8, 210 MHz, 405 MHz, 51, 40.92 W, 1 %, 0x0000000000000001
2026/10/04 21:46:28.828, P8, 210 MHz, 405 MHz, 51, 40.86 W, 0 %, 0x0000000000000001
2026/10/04 21:46:29.375, P8, 210 MHz, 405 MHz, 51, 40.84 W, 0 %, 0x0000000000000001
2026/10/04 21:46:29.907, P8, 210 MHz, 405 MHz, 51, 40.83 W, 1 %, 0x0000000000000001
2026/10/04 21:46:30.438, P8, 210 MHz, 405 MHz, 51, 40.89 W, 0 %, 0x0000000000000001
2026/10/04 21:46:30.985, P8, 210 MHz, 405 MHz, 51, 40.85 W, 1 %, 0x0000000000000001
2026/10/04 21:46:31.516, P8, 210 MHz, 405 MHz, 51, 40.74 W, 1 %, 0x0000000000000001
2026/10/04 21:46:32.047, P8, 210 MHz, 405 MHz, 51, 40.78 W, 0 %, 0x0000000000000001
2026/10/04 21:46:32.579, P8, 210 MHz, 405 MHz, 51, 40.63 W, 1 %, 0x0000000000000001
2026/10/04 21:46:33.110, P8, 210 MHz, 405 MHz, 51, 40.60 W, 1 %, 0x0000000000000001
2026/10/04 21:46:33.641, P8, 210 MHz, 405 MHz, 51, 40.58 W, 0 %, 0x0000000000000001
2026/10/04 21:46:34.172, P8, 210 MHz, 405 MHz, 51, 40.60 W, 1 %, 0x0000000000000001
2026/10/04 21:46:34.704, P8, 210 MHz, 405 MHz, 51, 40.76 W, 1 %, 0x0000000000000001
2026/10/04 21:46:35.235, P8, 210 MHz, 405 MHz, 51, 40.83 W, 0 %, 0x0000000000000001
2026/10/04 21:46:35.782, P8, 210 MHz, 405 MHz, 51, 40.88 W, 1 %, 0x0000000000000001
2026/10/04 21:46:36.313, P8, 210 MHz, 405 MHz, 51, 40.80 W, 1 %, 0x0000000000000001
2026/10/04 21:46:36.844, P8, 210 MHz, 405 MHz, 51, 40.72 W, 0 %, 0x0000000000000001
2026/10/04 21:46:37.376, P8, 210 MHz, 405 MHz, 51, 40.72 W, 1 %, 0x0000000000000001
2026/10/04 21:46:37.907, P8, 210 MHz, 405 MHz, 51, 40.83 W, 1 %, 0x0000000000000001
2026/10/04 21:46:38.438, P8, 210 MHz, 405 MHz, 51, 40.88 W, 0 %, 0x0000000000000001
2026/10/04 21:46:38.969, P8, 210 MHz, 405 MHz, 51, 40.92 W, 1 %, 0x0000000000000001
2026/10/04 21:46:39.501, P8, 210 MHz, 405 MHz, 51, 40.85 W, 1 %, 0x0000000000000001
2026/10/04 21:46:40.032, P8, 210 MHz, 405 MHz, 51, 40.90 W, 0 %, 0x0000000000000001
2026/10/04 21:46:40.563, P8, 210 MHz, 405 MHz, 51, 41.00 W, 1 %, 0x0000000000000001
2026/10/04 21:46:41.094, P8, 210 MHz, 405 MHz, 51, 40.89 W, 1 %, 0x0000000000000001
2026/10/04 21:46:41.626, P8, 210 MHz, 405 MHz, 51, 40.75 W, 0 %, 0x0000000000000001
2026/10/04 21:46:42.157, P8, 210 MHz, 405 MHz, 51, 40.64 W, 1 %, 0x0000000000000001
2026/10/04 21:46:42.688, P8, 210 MHz, 405 MHz, 51, 40.78 W, 1 %, 0x0000000000000001
2026/10/04 21:46:43.220, P8, 210 MHz, 405 MHz, 51, 40.85 W, 0 %, 0x0000000000000001
2026/10/04 21:46:43.751, P8, 210 MHz, 405 MHz, 51, 40.79 W, 1 %, 0x0000000000000001
2026/10/04 21:46:44.282, P8, 210 MHz, 405 MHz, 51, 40.88 W, 1 %, 0x0000000000000001
2026/10/04 21:46:44.813, P8, 210 MHz, 405 MHz, 51, 40.84 W, 1 %, 0x0000000000000001
2026/10/04 21:46:45.345, P8, 210 MHz, 405 MHz, 51, 40.79 W, 1 %, 0x0000000000000001
2026/10/04 21:46:45.876, P8, 210 MHz, 405 MHz, 51, 40.91 W, 0 %, 0x0000000000000001
2026/10/04 21:46:46.407, P8, 210 MHz, 405 MHz, 51, 40.87 W, 1 %, 0x0000000000000001
2026/10/04 21:46:46.938, P8, 210 MHz, 405 MHz, 51, 40.67 W, 1 %, 0x0000000000000001
2026/10/04 21:46:47.470, P8, 210 MHz, 405 MHz, 51, 40.79 W, 0 %, 0x0000000000000001
2026/10/04 21:46:48.001, P8, 210 MHz, 405 MHz, 51, 41.00 W, 1 %, 0x0000000000000001
2026/10/04 21:46:48.532, P8, 210 MHz, 405 MHz, 51, 40.97 W, 1 %, 0x0000000000000001
2026/10/04 21:46:49.064, P8, 210 MHz, 405 MHz, 51, 40.89 W, 0 %, 0x0000000000000001
2026/10/04 21:46:49.595, P8, 210 MHz, 405 MHz, 51, 40.91 W, 1 %, 0x0000000000000001
2026/10/04 21:46:50.126, P8, 210 MHz, 405 MHz, 51, 40.88 W, 1 %, 0x0000000000000001
2026/10/04 21:46:50.657, P8, 210 MHz, 405 MHz, 51, 40.85 W, 1 %, 0x0000000000000001
2026/10/04 21:46:51.204, P8, 210 MHz, 405 MHz, 51, 41.28 W, 4 %, 0x0000000000000001
2026/10/04 21:46:51.736, P8, 210 MHz, 405 MHz, 51, 41.29 W, 1 %, 0x0000000000000001
2026/10/04 21:46:52.267, P8, 210 MHz, 405 MHz, 51, 40.90 W, 0 %, 0x0000000000000001
2026/10/04 21:46:52.814, P8, 210 MHz, 405 MHz, 51, 40.75 W, 1 %, 0x0000000000000001
2026/10/04 21:46:53.345, P8, 210 MHz, 405 MHz, 51, 40.61 W, 1 %, 0x0000000000000001
2026/10/04 21:46:53.876, P8, 210 MHz, 405 MHz, 51, 40.63 W, 0 %, 0x0000000000000001
2026/10/04 21:46:54.408, P8, 210 MHz, 405 MHz, 51, 40.66 W, 1 %, 0x0000000000000001
2026/10/04 21:46:54.939, P2, 1995 MHz, 9251 MHz, 55, 70.12 W, 97 %, 0x0000000000000004
2026/10/04 21:46:55.455, P2, 1980 MHz, 9251 MHz, 58, 189.10 W, 97 %, 0x0000000000000000
2026/10/04 21:46:55.970, P2, 1980 MHz, 9251 MHz, 59, 298.65 W, 97 %, 0x0000000000000000
2026/10/04 21:46:56.486, P2, 1980 MHz, 9251 MHz, 59, 307.40 W, 97 %, 0x0000000000000000
2026/10/04 21:46:57.001, P2, 1980 MHz, 9251 MHz, 60, 302.29 W, 96 %, 0x0000000000000000
2026/10/04 21:46:57.517, P2, 1980 MHz, 9251 MHz, 60, 302.68 W, 97 %, 0x0000000000000000
2026/10/04 21:46:58.048, P2, 1980 MHz, 9251 MHz, 61, 308.89 W, 97 %, 0x0000000000000000
2026/10/04 21:46:58.564, P2, 1965 MHz, 9251 MHz, 61, 309.37 W, 97 %, 0x0000000000000000
2026/10/04 21:46:59.080, P2, 1965 MHz, 9251 MHz, 61, 302.42 W, 96 %, 0x0000000000000000
2026/10/04 21:46:59.595, P2, 1965 MHz, 9251 MHz, 62, 302.30 W, 97 %, 0x0000000000000000
2026/10/04 21:47:00.111, P2, 1965 MHz, 9251 MHz, 62, 309.17 W, 97 %, 0x0000000000000000
2026/10/04 21:47:00.627, P2, 1965 MHz, 9251 MHz, 62, 304.33 W, 97 %, 0x0000000000000000
2026/10/04 21:47:01.142, P2, 1965 MHz, 9251 MHz, 62, 303.20 W, 97 %, 0x0000000000000000
2026/10/04 21:47:01.658, P2, 1965 MHz, 9251 MHz, 63, 303.66 W, 97 %, 0x0000000000000000
2026/10/04 21:47:02.173, P2, 1965 MHz, 9251 MHz, 63, 309.58 W, 97 %, 0x0000000000000000
2026/10/04 21:47:02.689, P2, 1965 MHz, 9251 MHz, 63, 302.09 W, 80 %, 0x0000000000000000
2026/10/04 21:47:03.205, P2, 1965 MHz, 9251 MHz, 63, 300.94 W, 97 %, 0x0000000000000000
2026/10/04 21:47:03.720, P2, 1965 MHz, 9251 MHz, 64, 306.70 W, 97 %, 0x0000000000000000
2026/10/04 21:47:04.236, P2, 1965 MHz, 9251 MHz, 64, 309.08 W, 97 %, 0x0000000000000000
2026/10/04 21:47:04.752, P2, 1965 MHz, 9251 MHz, 63, 298.48 W, 96 %, 0x0000000000000000
2026/10/04 21:47:05.267, P2, 1965 MHz, 9251 MHz, 64, 281.57 W, 96 %, 0x0000000000000000
2026/10/04 21:47:05.783, P2, 1965 MHz, 9251 MHz, 64, 273.81 W, 98 %, 0x0000000000000000
2026/10/04 21:47:06.298, P2, 1965 MHz, 9251 MHz, 64, 274.55 W, 98 %, 0x0000000000000000
2026/10/04 21:47:06.814, P2, 1965 MHz, 9251 MHz, 64, 271.82 W, 98 %, 0x0000000000000000
2026/10/04 21:47:07.330, P2, 1965 MHz, 9251 MHz, 65, 289.78 W, 96 %, 0x0000000000000000
2026/10/04 21:47:07.845, P2, 1965 MHz, 9251 MHz, 65, 309.09 W, 96 %, 0x0000000000000000
2026/10/04 21:47:08.361, P2, 1965 MHz, 9251 MHz, 65, 316.82 W, 96 %, 0x0000000000000000
2026/10/04 21:47:08.877, P2, 1965 MHz, 9251 MHz, 65, 309.96 W, 85 %, 0x0000000000000000
2026/10/04 21:47:09.393, P2, 1965 MHz, 9251 MHz, 66, 309.41 W, 96 %, 0x0000000000000000
2026/10/04 21:47:09.908, P2, 1965 MHz, 9251 MHz, 66, 316.98 W, 96 %, 0x0000000000000000
2026/10/04 21:47:10.424, P2, 1950 MHz, 9251 MHz, 66, 318.89 W, 96 %, 0x0000000000000000
2026/10/04 21:47:10.939, P2, 1950 MHz, 9251 MHz, 66, 312.85 W, 95 %, 0x0000000000000000
2026/10/04 21:47:11.455, P2, 1950 MHz, 9251 MHz, 66, 313.07 W, 96 %, 0x0000000000000000
2026/10/04 21:47:11.971, P2, 1950 MHz, 9251 MHz, 66, 320.69 W, 96 %, 0x0000000000000000
2026/10/04 21:47:12.486, P2, 1950 MHz, 9251 MHz, 67, 321.64 W, 96 %, 0x0000000000000000
2026/10/04 21:47:13.002, P2, 1950 MHz, 9251 MHz, 67, 314.54 W, 95 %, 0x0000000000000000
2026/10/04 21:47:13.518, P2, 1950 MHz, 9251 MHz, 67, 314.66 W, 96 %, 0x0000000000000000
2026/10/04 21:47:14.033, P2, 1950 MHz, 9251 MHz, 67, 321.92 W, 96 %, 0x0000000000000000
2026/10/04 21:47:14.549, P2, 1950 MHz, 9251 MHz, 67, 322.54 W, 96 %, 0x0000000000000000
2026/10/04 21:47:15.064, P2, 1950 MHz, 9251 MHz, 67, 314.79 W, 95 %, 0x0000000000000000
2026/10/04 21:47:15.580, P2, 1950 MHz, 9251 MHz, 67, 314.92 W, 96 %, 0x0000000000000000
2026/10/04 21:47:16.096, P2, 1950 MHz, 9251 MHz, 67, 323.40 W, 96 %, 0x0000000000000000
2026/10/04 21:47:16.611, P2, 1950 MHz, 9251 MHz, 67, 317.79 W, 96 %, 0x0000000000000000
2026/10/04 21:47:17.127, P2, 1950 MHz, 9251 MHz, 67, 315.66 W, 94 %, 0x0000000000000000
2026/10/04 21:47:17.643, P2, 1950 MHz, 9251 MHz, 68, 315.96 W, 96 %, 0x0000000000000000
2026/10/04 21:47:18.158, P2, 1950 MHz, 9251 MHz, 68, 323.42 W, 96 %, 0x0000000000000000
2026/10/04 21:47:18.674, P2, 1950 MHz, 9251 MHz, 65, 312.24 W, 96 %, 0x0000000000000000
2026/10/04 21:47:19.190, P2, 1950 MHz, 9251 MHz, 63, 211.30 W, 63 %, 0x0000000000000000
2026/10/04 21:47:19.737, P2, 1950 MHz, 9251 MHz, 63, 138.63 W, 59 %, 0x0000000000000000
2026/10/04 21:47:20.252, P2, 1950 MHz, 9251 MHz, 62, 139.85 W, 17 %, 0x0000000000000000
2026/10/04 21:47:20.768, P2, 1950 MHz, 9251 MHz, 62, 142.44 W, 17 %, 0x0000000000000000
2026/10/04 21:47:21.283, P2, 1950 MHz, 9251 MHz, 62, 144.12 W, 16 %, 0x0000000000000000
2026/10/04 21:47:21.799, P3, 1110 MHz, 5001 MHz, 61, 127.94 W, 27 %, 0x0000000000000001
2026/10/04 21:47:22.330, P5, 1020 MHz, 810 MHz, 60, 91.88 W, 31 %, 0x0000000000000001
2026/10/04 21:47:22.893, P5, 975 MHz, 810 MHz, 59, 67.26 W, 33 %, 0x0000000000000001
2026/10/04 21:47:23.440, P3, 1470 MHz, 5001 MHz, 59, 56.94 W, 62 %, 0x0000000000000001
2026/10/04 21:47:23.971, P2, 1965 MHz, 9251 MHz, 61, 91.12 W, 49 %, 0x0000000000000000
2026/10/04 21:47:24.487, P2, 1965 MHz, 9251 MHz, 61, 135.43 W, 46 %, 0x0000000000000000
2026/10/04 21:47:25.002, P2, 1965 MHz, 9251 MHz, 61, 137.82 W, 67 %, 0x0000000000000000
2026/10/04 21:47:25.518, P2, 1965 MHz, 9251 MHz, 61, 136.70 W, 12 %, 0x0000000000000000
2026/10/04 21:47:26.034, P2, 1965 MHz, 9251 MHz, 61, 144.29 W, 22 %, 0x0000000000000000
2026/10/04 21:47:26.549, P2, 1965 MHz, 9251 MHz, 61, 151.94 W, 20 %, 0x0000000000000000
2026/10/04 21:47:27.065, P2, 1965 MHz, 9251 MHz, 61, 152.23 W, 25 %, 0x0000000000000000
2026/10/04 21:47:27.581, P3, 1350 MHz, 5001 MHz, 59, 123.49 W, 31 %, 0x0000000000000001
2026/10/04 21:47:28.112, P3, 1290 MHz, 5001 MHz, 59, 93.53 W, 35 %, 0x0000000000000001
2026/10/04 21:47:28.643, P3, 1260 MHz, 5001 MHz, 58, 86.12 W, 35 %, 0x0000000000000001
2026/10/04 21:47:29.174, P2, 1965 MHz, 9251 MHz, 60, 92.82 W, 54 %, 0x0000000000000000
2026/10/04 21:47:29.690, P2, 1965 MHz, 9251 MHz, 60, 125.71 W, 42 %, 0x0000000000000000
2026/10/04 21:47:30.199, P2, 1965 MHz, 9251 MHz, 59, 141.71 W, 46 %, 0x0000000000000000
2026/10/04 21:47:30.714, P2, 1965 MHz, 9251 MHz, 59, 136.62 W, 49 %, 0x0000000000000000
2026/10/04 21:47:31.234, P2, 1965 MHz, 9251 MHz, 59, 134.77 W, 1 %, 0x0000000000000000
2026/10/04 21:47:31.754, P2, 1965 MHz, 9251 MHz, 60, 138.44 W, 28 %, 0x0000000000000000
2026/10/04 21:47:32.264, P2, 1965 MHz, 9251 MHz, 60, 148.38 W, 30 %, 0x0000000000000000
2026/10/04 21:47:32.785, P2, 1800 MHz, 9251 MHz, 59, 153.02 W, 24 %, 0x0000000000000001
2026/10/04 21:47:33.321, P2, 1800 MHz, 9251 MHz, 59, 141.09 W, 32 %, 0x0000000000000001
2026/10/04 21:47:33.849, P2, 1800 MHz, 9251 MHz, 59, 129.73 W, 26 %, 0x0000000000000001
2026/10/04 21:47:34.381, P2, 1800 MHz, 9251 MHz, 59, 130.30 W, 35 %, 0x0000000000000001
2026/10/04 21:47:34.920, P2, 1965 MHz, 9251 MHz, 59, 130.08 W, 46 %, 0x0000000000000000
2026/10/04 21:47:35.437, P2, 1965 MHz, 9251 MHz, 59, 139.91 W, 59 %, 0x0000000000000000
2026/10/04 21:47:35.958, P2, 1965 MHz, 9251 MHz, 59, 149.81 W, 46 %, 0x0000000000000000
2026/10/04 21:47:36.480, P2, 1965 MHz, 9251 MHz, 59, 141.31 W, 55 %, 0x0000000000000000
2026/10/04 21:47:37.007, P2, 1965 MHz, 9251 MHz, 59, 134.79 W, 54 %, 0x0000000000000000
2026/10/04 21:47:37.523, P2, 1965 MHz, 9251 MHz, 58, 133.85 W, 1 %, 0x0000000000000000
2026/10/04 21:47:38.046, P2, 1965 MHz, 9251 MHz, 59, 132.93 W, 0 %, 0x0000000000000000
2026/10/04 21:47:38.568, P2, 1965 MHz, 9251 MHz, 59, 147.63 W, 40 %, 0x0000000000000000
2026/10/04 21:47:39.090, P2, 1950 MHz, 9251 MHz, 59, 165.99 W, 39 %, 0x0000000000000001
2026/10/04 21:47:39.615, P2, 1965 MHz, 9251 MHz, 59, 161.65 W, 42 %, 0x0000000000000000
2026/10/04 21:47:40.138, P2, 1965 MHz, 9251 MHz, 59, 162.38 W, 41 %, 0x0000000000000000
2026/10/04 21:47:40.654, P2, 1965 MHz, 9251 MHz, 60, 169.95 W, 41 %, 0x0000000000000000
2026/10/04 21:47:41.169, P2, 1965 MHz, 9251 MHz, 60, 173.65 W, 39 %, 0x0000000000000000
2026/10/04 21:47:41.692, P2, 1965 MHz, 9251 MHz, 59, 171.30 W, 64 %, 0x0000000000000000
2026/10/04 21:47:42.209, P2, 1965 MHz, 9251 MHz, 59, 166.43 W, 65 %, 0x0000000000000000
2026/10/04 21:47:42.722, P2, 1965 MHz, 9251 MHz, 59, 157.69 W, 54 %, 0x0000000000000000
2026/10/04 21:47:43.237, P2, 1965 MHz, 9251 MHz, 58, 143.56 W, 55 %, 0x0000000000000000
2026/10/04 21:47:43.753, P2, 1965 MHz, 9251 MHz, 58, 134.28 W, 42 %, 0x0000000000000000
2026/10/04 21:47:44.268, P2, 1965 MHz, 9251 MHz, 58, 133.35 W, 0 %, 0x0000000000000000
2026/10/04 21:47:44.784, P2, 1965 MHz, 9251 MHz, 58, 132.26 W, 0 %, 0x0000000000000000
2026/10/04 21:47:45.300, P2, 1965 MHz, 9251 MHz, 58, 132.23 W, 0 %, 0x0000000000000000
2026/10/04 21:47:47.056, P3, 375 MHz, 5001 MHz, 57, 117.50 W, 0 %, 0x0000000000000001
2026/10/04 21:47:47.587, P3, 1050 MHz, 5001 MHz, 57, 99.40 W, 64 %, 0x0000000000000001
2026/10/04 21:47:48.119, P2, 1965 MHz, 9251 MHz, 58, 106.69 W, 50 %, 0x0000000000000000
2026/10/04 21:47:48.634, P2, 1965 MHz, 9251 MHz, 59, 156.05 W, 47 %, 0x0000000000000000
2026/10/04 21:47:49.150, P2, 1965 MHz, 9251 MHz, 59, 182.48 W, 49 %, 0x0000000000000000
2026/10/04 21:47:49.666, P2, 1965 MHz, 9251 MHz, 59, 188.65 W, 52 %, 0x0000000000000000
2026/10/04 21:47:50.181, P2, 1965 MHz, 9251 MHz, 60, 196.55 W, 52 %, 0x0000000000000000
2026/10/04 21:47:50.697, P2, 1965 MHz, 9251 MHz, 59, 194.72 W, 51 %, 0x0000000000000000
2026/10/04 21:47:51.213, P2, 1965 MHz, 9251 MHz, 59, 185.82 W, 64 %, 0x0000000000000000
2026/10/04 21:47:51.728, P2, 1965 MHz, 9251 MHz, 58, 170.91 W, 41 %, 0x0000000000000000
2026/10/04 21:47:52.244, P2, 1965 MHz, 9251 MHz, 58, 148.93 W, 56 %, 0x0000000000000000
2026/10/04 21:47:52.760, P2, 1965 MHz, 9251 MHz, 58, 133.99 W, 55 %, 0x0000000000000000
2026/10/04 21:47:53.275, P2, 1965 MHz, 9251 MHz, 58, 133.51 W, 13 %, 0x0000000000000000
2026/10/04 21:47:53.791, P2, 1965 MHz, 9251 MHz, 58, 132.61 W, 0 %, 0x0000000000000000
2026/10/04 21:47:54.306, P2, 1965 MHz, 9251 MHz, 58, 131.93 W, 0 %, 0x0000000000000000
2026/10/04 21:47:54.825, P3, 450 MHz, 5001 MHz, 57, 127.32 W, 0 %, 0x0000000000000001
2026/10/04 21:47:55.356, P3, 345 MHz, 5001 MHz, 56, 101.50 W, 0 %, 0x0000000000000001
2026/10/04 21:47:55.888, P3, 300 MHz, 5001 MHz, 56, 74.33 W, 0 %, 0x0000000000000001
2026/10/04 21:47:56.419, P3, 225 MHz, 5001 MHz, 55, 71.75 W, 0 %, 0x0000000000000001
2026/10/04 21:47:56.966, P3, 225 MHz, 5001 MHz, 55, 71.28 W, 0 %, 0x0000000000000001
2026/10/04 21:47:57.497, P5, 210 MHz, 810 MHz, 55, 61.93 W, 0 %, 0x0000000000000001
2026/10/04 21:47:58.028, P5, 210 MHz, 810 MHz, 55, 52.13 W, 34 %, 0x0000000000000001
2026/10/04 21:47:58.575, P2, 1980 MHz, 9251 MHz, 58, 102.51 W, 63 %, 0x0000000000000000
2026/10/04 21:47:59.091, P2, 1980 MHz, 9251 MHz, 59, 183.43 W, 63 %, 0x0000000000000000
2026/10/04 21:47:59.606, P2, 1980 MHz, 9251 MHz, 59, 219.97 W, 61 %, 0x0000000000000000
2026/10/04 21:48:00.122, P2, 1980 MHz, 9251 MHz, 59, 220.24 W, 63 %, 0x0000000000000000
2026/10/04 21:48:00.638, P2, 1980 MHz, 9251 MHz, 60, 225.22 W, 54 %, 0x0000000000000000
2026/10/04 21:48:01.153, P2, 1980 MHz, 9251 MHz, 60, 233.35 W, 67 %, 0x0000000000000000
2026/10/04 21:48:01.669, P2, 1980 MHz, 9251 MHz, 60, 235.53 W, 55 %, 0x0000000000000000
2026/10/04 21:48:02.185, P2, 1980 MHz, 9251 MHz, 60, 224.34 W, 77 %, 0x0000000000000000
2026/10/04 21:48:02.701, P2, 1980 MHz, 9251 MHz, 59, 217.71 W, 77 %, 0x0000000000000000
2026/10/04 21:48:03.216, P2, 1980 MHz, 9251 MHz, 58, 172.80 W, 52 %, 0x0000000000000000
2026/10/04 21:48:03.732, P2, 1980 MHz, 9251 MHz, 57, 134.68 W, 50 %, 0x0000000000000000
2026/10/04 21:48:04.247, P2, 1980 MHz, 9251 MHz, 57, 134.21 W, 49 %, 0x0000000000000000
2026/10/04 21:48:04.763, P2, 1980 MHz, 9251 MHz, 57, 134.06 W, 30 %, 0x0000000000000000
2026/10/04 21:48:05.278, P2, 1980 MHz, 9251 MHz, 57, 133.25 W, 0 %, 0x0000000000000000
2026/10/04 21:48:05.790, P2, 1980 MHz, 9251 MHz, 57, 132.33 W, 0 %, 0x0000000000000000
2026/10/04 21:48:06.321, P3, 540 MHz, 5001 MHz, 57, 132.16 W, 0 %, 0x0000000000000001
2026/10/04 21:48:06.868, P3, 450 MHz, 5001 MHz, 55, 106.35 W, 0 %, 0x0000000000000001
2026/10/04 21:48:07.414, P3, 345 MHz, 5001 MHz, 55, 73.38 W, 0 %, 0x0000000000000001
2026/10/04 21:48:07.966, P3, 255 MHz, 5001 MHz, 55, 71.44 W, 0 %, 0x0000000000000001
2026/10/04 21:48:08.513, P3, 225 MHz, 5001 MHz, 55, 71.12 W, 0 %, 0x0000000000000001
2026/10/04 21:48:09.044, P3, 225 MHz, 5001 MHz, 55, 71.00 W, 0 %, 0x0000000000000001
2026/10/04 21:48:09.576, P5, 210 MHz, 810 MHz, 54, 61.66 W, 0 %, 0x0000000000000001
2026/10/04 21:48:10.107, P5, 210 MHz, 810 MHz, 54, 47.39 W, 0 %, 0x0000000000000001
2026/10/04 21:48:10.638, P5, 210 MHz, 810 MHz, 54, 44.74 W, 0 %, 0x0000000000000001
2026/10/04 21:48:11.169, P8, 210 MHz, 405 MHz, 53, 44.35 W, 2 %, 0x0000000000000001
2026/10/04 21:48:11.701, P8, 210 MHz, 405 MHz, 53, 42.90 W, 0 %, 0x0000000000000001
2026/10/04 21:48:12.232, P8, 210 MHz, 405 MHz, 53, 42.09 W, 0 %, 0x0000000000000001
2026/10/04 21:48:12.763, P8, 210 MHz, 405 MHz, 53, 42.12 W, 0 %, 0x0000000000000001
2026/10/04 21:48:13.295, P8, 210 MHz, 405 MHz, 53, 42.17 W, 0 %, 0x0000000000000001
2026/10/04 21:48:13.826, P8, 240 MHz, 405 MHz, 53, 43.71 W, 42 %, 0x0000000000000001
2026/10/04 21:48:14.420, P2, 1980 MHz, 9251 MHz, 57, 124.89 W, 75 %, 0x0000000000000000
2026/10/04 21:48:14.935, P2, 1980 MHz, 9251 MHz, 58, 220.37 W, 74 %, 0x0000000000000000
2026/10/04 21:48:15.451, P2, 1980 MHz, 9251 MHz, 58, 249.73 W, 69 %, 0x0000000000000000
2026/10/04 21:48:15.967, P2, 1980 MHz, 9251 MHz, 59, 250.12 W, 75 %, 0x0000000000000000
2026/10/04 21:48:16.482, P2, 1980 MHz, 9251 MHz, 59, 251.85 W, 61 %, 0x0000000000000000
2026/10/04 21:48:16.998, P2, 1980 MHz, 9251 MHz, 59, 258.30 W, 79 %, 0x0000000000000000
2026/10/04 21:48:17.513, P2, 1980 MHz, 9251 MHz, 59, 262.54 W, 80 %, 0x0000000000000000
2026/10/04 21:48:18.029, P2, 1980 MHz, 9251 MHz, 59, 251.66 W, 84 %, 0x0000000000000000
2026/10/04 21:48:18.545, P2, 1980 MHz, 9251 MHz, 59, 241.65 W, 84 %, 0x0000000000000000
2026/10/04 21:48:19.060, P2, 1980 MHz, 9251 MHz, 57, 208.20 W, 1 %, 0x0000000000000000
2026/10/04 21:48:19.576, P2, 1980 MHz, 9251 MHz, 57, 156.59 W, 52 %, 0x0000000000000000
2026/10/04 21:48:20.092, P2, 1980 MHz, 9251 MHz, 56, 133.49 W, 61 %, 0x0000000000000000
2026/10/04 21:48:20.607, P2, 1980 MHz, 9251 MHz, 56, 133.53 W, 61 %, 0x0000000000000000
2026/10/04 21:48:21.123, P2, 1980 MHz, 9251 MHz, 56, 133.32 W, 57 %, 0x0000000000000000
2026/10/04 21:48:21.638, P2, 1980 MHz, 9251 MHz, 56, 133.42 W, 47 %, 0x0000000000000000
2026/10/04 21:48:22.170, P2, 1980 MHz, 9251 MHz, 56, 132.70 W, 0 %, 0x0000000000000000
2026/10/04 21:48:22.701, P2, 1980 MHz, 9251 MHz, 56, 131.56 W, 0 %, 0x0000000000000000
2026/10/04 21:48:23.232, P2, 1980 MHz, 9251 MHz, 56, 131.43 W, 0 %, 0x0000000000000000
2026/10/04 21:48:23.765, P3, 450 MHz, 5001 MHz, 54, 111.17 W, 0 %, 0x0000000000000001
2026/10/04 21:48:24.312, P3, 345 MHz, 5001 MHz, 54, 78.56 W, 0 %, 0x0000000000000001
2026/10/04 21:48:24.874, P5, 285 MHz, 810 MHz, 54, 69.13 W, 0 %, 0x0000000000000001
2026/10/04 21:48:25.405, P5, 225 MHz, 810 MHz, 53, 54.61 W, 1 %, 0x0000000000000001
2026/10/04 21:48:25.939, P5, 210 MHz, 810 MHz, 53, 44.81 W, 0 %, 0x0000000000000001
2026/10/04 21:48:26.485, P5, 210 MHz, 810 MHz, 53, 44.66 W, 0 %, 0x0000000000000001
2026/10/04 21:48:27.017, P5, 210 MHz, 810 MHz, 53, 44.62 W, 0 %, 0x0000000000000001
2026/10/04 21:48:27.548, P8, 210 MHz, 405 MHz, 53, 43.70 W, 0 %, 0x0000000000000001
2026/10/04 21:48:28.084, P8, 210 MHz, 405 MHz, 53, 42.20 W, 0 %, 0x0000000000000001
2026/10/04 21:48:28.631, P8, 210 MHz, 405 MHz, 52, 41.75 W, 0 %, 0x0000000000000001
2026/10/04 21:48:29.178, P8, 210 MHz, 405 MHz, 52, 41.81 W, 0 %, 0x0000000000000001
2026/10/04 21:48:29.709, P8, 210 MHz, 405 MHz, 52, 41.70 W, 0 %, 0x0000000000000001
2026/10/04 21:48:30.240, P8, 210 MHz, 405 MHz, 52, 41.54 W, 0 %, 0x0000000000000001
2026/10/04 21:48:30.772, P8, 210 MHz, 405 MHz, 52, 41.53 W, 0 %, 0x0000000000000001
2026/10/04 21:48:31.303, P8, 210 MHz, 405 MHz, 52, 41.63 W, 0 %, 0x0000000000000001
2026/10/04 21:48:31.850, P8, 210 MHz, 405 MHz, 52, 41.80 W, 0 %, 0x0000000000000001
2026/10/04 21:48:32.381, P8, 210 MHz, 405 MHz, 52, 41.79 W, 0 %, 0x0000000000000001
2026/10/04 21:48:32.912, P8, 210 MHz, 405 MHz, 51, 41.79 W, 0 %, 0x0000000000000001
2026/10/04 21:48:33.444, P8, 210 MHz, 405 MHz, 51, 41.84 W, 0 %, 0x0000000000000001
2026/10/04 21:48:33.975, P8, 210 MHz, 405 MHz, 51, 41.67 W, 0 %, 0x0000000000000001
2026/10/04 21:48:34.506, P8, 210 MHz, 405 MHz, 51, 41.58 W, 0 %, 0x0000000000000001
2026/10/04 21:48:35.037, P8, 210 MHz, 405 MHz, 51, 41.56 W, 0 %, 0x0000000000000001
2026/10/04 21:48:35.569, P8, 210 MHz, 405 MHz, 51, 41.53 W, 0 %, 0x0000000000000001
2026/10/04 21:48:36.100, P8, 210 MHz, 405 MHz, 51, 41.51 W, 0 %, 0x0000000000000001
2026/10/04 21:48:36.631, P8, 210 MHz, 405 MHz, 51, 41.49 W, 0 %, 0x0000000000000001
2026/10/04 21:48:37.162, P8, 210 MHz, 405 MHz, 51, 41.49 W, 0 %, 0x0000000000000001
2026/10/04 21:48:37.693, P8, 210 MHz, 405 MHz, 50, 41.49 W, 0 %, 0x0000000000000001
2026/10/04 21:48:38.241, P8, 210 MHz, 405 MHz, 50, 41.32 W, 0 %, 0x0000000000000001
2026/10/04 21:48:38.772, P8, 210 MHz, 405 MHz, 50, 41.29 W, 0 %, 0x0000000000000001
2026/10/04 21:48:39.303, P8, 210 MHz, 405 MHz, 50, 41.21 W, 0 %, 0x0000000000000001
2026/10/04 21:48:39.866, P2, 1995 MHz, 9251 MHz, 55, 86.36 W, 83 %, 0x0000000000000004
2026/10/04 21:48:40.381, P2, 1980 MHz, 9251 MHz, 56, 193.96 W, 84 %, 0x0000000000000000
2026/10/04 21:48:40.897, P2, 1980 MHz, 9251 MHz, 57, 271.73 W, 85 %, 0x0000000000000000
2026/10/04 21:48:41.413, P2, 1980 MHz, 9251 MHz, 57, 272.74 W, 85 %, 0x0000000000000000
2026/10/04 21:48:41.928, P2, 1980 MHz, 9251 MHz, 58, 277.50 W, 84 %, 0x0000000000000000
2026/10/04 21:48:42.444, P2, 1980 MHz, 9251 MHz, 58, 274.05 W, 84 %, 0x0000000000000000
2026/10/04 21:48:42.960, P2, 1980 MHz, 9251 MHz, 59, 277.73 W, 88 %, 0x0000000000000000
2026/10/04 21:48:43.475, P2, 1980 MHz, 9251 MHz, 58, 280.46 W, 87 %, 0x0000000000000000
2026/10/04 21:48:43.991, P2, 1980 MHz, 9251 MHz, 59, 271.10 W, 90 %, 0x0000000000000000
2026/10/04 21:48:44.506, P2, 1980 MHz, 9251 MHz, 59, 267.24 W, 89 %, 0x0000000000000000
2026/10/04 21:48:45.022, P2, 1980 MHz, 9251 MHz, 56, 218.21 W, 0 %, 0x0000000000000000
2026/10/04 21:48:45.538, P2, 1980 MHz, 9251 MHz, 56, 155.65 W, 38 %, 0x0000000000000000
2026/10/04 21:48:46.053, P2, 1980 MHz, 9251 MHz, 56, 131.11 W, 53 %, 0x0000000000000000
2026/10/04 21:48:46.569, P2, 1980 MHz, 9251 MHz, 56, 131.65 W, 53 %, 0x0000000000000000
2026/10/04 21:48:47.085, P2, 1980 MHz, 9251 MHz, 56, 131.80 W, 55 %, 0x0000000000000000
2026/10/04 21:48:47.600, P2, 1980 MHz, 9251 MHz, 56, 131.62 W, 59 %, 0x0000000000000000
2026/10/04 21:48:48.116, P2, 1980 MHz, 9251 MHz, 56, 131.69 W, 59 %, 0x0000000000000000
2026/10/04 21:48:48.632, P2, 1980 MHz, 9251 MHz, 56, 131.71 W, 59 %, 0x0000000000000000
2026/10/04 21:48:49.147, P2, 1980 MHz, 9251 MHz, 56, 131.88 W, 52 %, 0x0000000000000000
2026/10/04 21:48:49.663, P2, 1980 MHz, 9251 MHz, 56, 131.90 W, 53 %, 0x0000000000000000
2026/10/04 21:48:50.179, P2, 1980 MHz, 9251 MHz, 56, 132.04 W, 52 %, 0x0000000000000000
2026/10/04 21:48:50.694, P2, 1980 MHz, 9251 MHz, 56, 132.05 W, 54 %, 0x0000000000000000
2026/10/04 21:48:51.210, P2, 1980 MHz, 9251 MHz, 56, 131.75 W, 0 %, 0x0000000000000000
2026/10/04 21:48:51.725, P2, 1980 MHz, 9251 MHz, 56, 130.91 W, 0 %, 0x0000000000000000
2026/10/04 21:48:52.272, P2, 1980 MHz, 9251 MHz, 56, 130.31 W, 0 %, 0x0000000000000000
2026/10/04 21:48:52.788, P5, 405 MHz, 810 MHz, 55, 123.53 W, 0 %, 0x0000000000000001
2026/10/04 21:48:53.335, P5, 315 MHz, 810 MHz, 55, 85.16 W, 0 %, 0x0000000000000001
2026/10/04 21:48:53.897, P5, 240 MHz, 810 MHz, 54, 45.24 W, 0 %, 0x0000000000000001
2026/10/04 21:48:54.491, P5, 210 MHz, 810 MHz, 54, 44.37 W, 0 %, 0x0000000000000001
2026/10/04 21:48:55.053, P8, 210 MHz, 405 MHz, 54, 43.48 W, 1 %, 0x0000000000000001
2026/10/04 21:48:55.615, P8, 210 MHz, 405 MHz, 54, 41.86 W, 0 %, 0x0000000000000001
2026/10/04 21:48:56.152, P8, 210 MHz, 405 MHz, 54, 41.35 W, 0 %, 0x0000000000000001
2026/10/04 21:48:56.714, P8, 210 MHz, 405 MHz, 54, 41.41 W, 0 %, 0x0000000000000001
2026/10/04 21:48:57.308, P8, 210 MHz, 405 MHz, 54, 41.35 W, 0 %, 0x0000000000000001
2026/10/04 21:48:57.871, P8, 210 MHz, 405 MHz, 54, 41.44 W, 0 %, 0x0000000000000001
2026/10/04 21:48:58.417, P8, 210 MHz, 405 MHz, 54, 41.96 W, 3 %, 0x0000000000000001
2026/10/04 21:48:58.964, P8, 210 MHz, 405 MHz, 54, 42.01 W, 0 %, 0x0000000000000001
2026/10/04 21:48:59.511, P8, 210 MHz, 405 MHz, 54, 41.60 W, 1 %, 0x0000000000000001
2026/10/04 21:49:00.073, P8, 210 MHz, 405 MHz, 54, 41.41 W, 0 %, 0x0000000000000001
2026/10/04 21:49:00.636, P8, 210 MHz, 405 MHz, 54, 41.31 W, 0 %, 0x0000000000000001
2026/10/04 21:49:01.167, P8, 210 MHz, 405 MHz, 54, 41.43 W, 2 %, 0x0000000000000001
2026/10/04 21:49:01.745, P8, 210 MHz, 405 MHz, 54, 41.51 W, 1 %, 0x0000000000000001
2026/10/04 21:49:02.292, P8, 210 MHz, 405 MHz, 54, 41.33 W, 1 %, 0x0000000000000001
2026/10/04 21:49:02.838, P8, 210 MHz, 405 MHz, 54, 41.24 W, 1 %, 0x0000000000000001
2026/10/04 21:49:03.401, P8, 210 MHz, 405 MHz, 54, 41.21 W, 1 %, 0x0000000000000001
2026/10/04 21:49:03.932, P8, 210 MHz, 405 MHz, 54, 41.28 W, 1 %, 0x0000000000000001
2026/10/04 21:49:04.479, P8, 210 MHz, 405 MHz, 54, 41.33 W, 0 %, 0x0000000000000001
2026/10/04 21:49:05.041, P8, 210 MHz, 405 MHz, 54, 41.33 W, 1 %, 0x0000000000000001
2026/10/04 21:49:05.604, P8, 210 MHz, 405 MHz, 54, 41.44 W, 1 %, 0x0000000000000001
2026/10/04 21:49:06.198, P8, 210 MHz, 405 MHz, 54, 41.41 W, 0 %, 0x0000000000000001
2026/10/04 21:49:06.791, P8, 210 MHz, 405 MHz, 54, 41.40 W, 0 %, 0x0000000000000001
2026/10/04 21:49:07.338, P8, 210 MHz, 405 MHz, 54, 41.48 W, 0 %, 0x0000000000000001
2026/10/04 21:49:07.900, P8, 210 MHz, 405 MHz, 54, 41.47 W, 0 %, 0x0000000000000001
2026/10/04 21:49:08.447, P8, 210 MHz, 405 MHz, 54, 41.55 W, 0 %, 0x0000000000000001
2026/10/04 21:49:08.978, P8, 210 MHz, 405 MHz, 54, 41.46 W, 0 %, 0x0000000000000001
2026/10/04 21:49:09.510, P8, 210 MHz, 405 MHz, 54, 41.34 W, 0 %, 0x0000000000000001
2026/10/04 21:49:10.057, P8, 210 MHz, 405 MHz, 54, 41.29 W, 0 %, 0x0000000000000001
2026/10/04 21:49:10.603, P8, 210 MHz, 405 MHz, 54, 41.19 W, 0 %, 0x0000000000000001
2026/10/04 21:49:11.150, P8, 210 MHz, 405 MHz, 54, 41.24 W, 0 %, 0x0000000000000001
2026/10/04 21:49:11.682, P8, 210 MHz, 405 MHz, 54, 41.39 W, 1 %, 0x0000000000000001
2026/10/04 21:49:12.229, P8, 210 MHz, 405 MHz, 54, 41.28 W, 0 %, 0x0000000000000001
2026/10/04 21:49:12.760, P8, 210 MHz, 405 MHz, 54, 41.37 W, 0 %, 0x0000000000000001
2026/10/04 21:49:13.291, P8, 210 MHz, 405 MHz, 54, 41.42 W, 1 %, 0x0000000000000001
2026/10/04 21:49:13.822, P8, 210 MHz, 405 MHz, 54, 41.27 W, 0 %, 0x0000000000000001
2026/10/04 21:49:14.354, P8, 210 MHz, 405 MHz, 54, 41.26 W, 0 %, 0x0000000000000001
2026/10/04 21:49:14.885, P8, 210 MHz, 405 MHz, 54, 41.22 W, 1 %, 0x0000000000000001
2026/10/04 21:49:15.416, P8, 210 MHz, 405 MHz, 53, 41.02 W, 0 %, 0x0000000000000001
2026/10/04 21:49:15.947, P8, 210 MHz, 405 MHz, 54, 40.97 W, 0 %, 0x0000000000000001
2026/10/04 21:49:16.479, P8, 210 MHz, 405 MHz, 54, 41.20 W, 0 %, 0x0000000000000001
2026/10/04 21:49:17.010, P8, 210 MHz, 405 MHz, 54, 41.91 W, 0 %, 0x0000000000000001
2026/10/04 21:49:17.541, P8, 210 MHz, 405 MHz, 54, 41.82 W, 0 %, 0x0000000000000001
2026/10/04 21:49:18.073, P8, 210 MHz, 405 MHz, 54, 41.00 W, 0 %, 0x0000000000000001
2026/10/04 21:49:18.604, P8, 210 MHz, 405 MHz, 54, 41.00 W, 0 %, 0x0000000000000001
2026/10/04 21:49:19.135, P8, 210 MHz, 405 MHz, 54, 41.08 W, 1 %, 0x0000000000000001
2026/10/04 21:49:19.666, P8, 210 MHz, 405 MHz, 54, 41.13 W, 0 %, 0x0000000000000001
2026/10/04 21:49:20.198, P8, 210 MHz, 405 MHz, 54, 41.09 W, 0 %, 0x0000000000000001
2026/10/04 21:49:20.729, P8, 210 MHz, 405 MHz, 54, 41.12 W, 1 %, 0x0000000000000001
2026/10/04 21:49:21.260, P8, 210 MHz, 405 MHz, 54, 41.15 W, 0 %, 0x0000000000000001
2026/10/04 21:49:21.792, P8, 210 MHz, 405 MHz, 54, 41.20 W, 0 %, 0x0000000000000001
2026/10/04 21:49:22.339, P8, 210 MHz, 405 MHz, 54, 41.17 W, 1 %, 0x0000000000000001
2026/10/04 21:49:22.870, P8, 210 MHz, 405 MHz, 54, 41.05 W, 0 %, 0x0000000000000001
2026/10/04 21:49:23.401, P8, 210 MHz, 405 MHz, 54, 41.03 W, 0 %, 0x0000000000000001
2026/10/04 21:49:23.932, P8, 210 MHz, 405 MHz, 54, 41.15 W, 1 %, 0x0000000000000001
2026/10/04 21:49:24.464, P8, 210 MHz, 405 MHz, 54, 41.28 W, 0 %, 0x0000000000000001
2026/10/04 21:49:24.995, P8, 210 MHz, 405 MHz, 54, 41.25 W, 0 %, 0x0000000000000001
2026/10/04 21:49:25.542, P8, 210 MHz, 405 MHz, 54, 41.32 W, 1 %, 0x0000000000000001
2026/10/04 21:49:26.073, P8, 210 MHz, 405 MHz, 54, 41.46 W, 0 %, 0x0000000000000001
2026/10/04 21:49:26.604, P8, 210 MHz, 405 MHz, 54, 41.34 W, 0 %, 0x0000000000000001
2026/10/04 21:49:27.136, P8, 210 MHz, 405 MHz, 54, 41.30 W, 1 %, 0x0000000000000001
2026/10/04 21:49:27.667, P8, 210 MHz, 405 MHz, 53, 41.37 W, 0 %, 0x0000000000000001
2026/10/04 21:49:28.198, P8, 210 MHz, 405 MHz, 54, 41.37 W, 0 %, 0x0000000000000001
2026/10/04 21:49:28.730, P8, 210 MHz, 405 MHz, 54, 41.37 W, 1 %, 0x0000000000000001
2026/10/04 21:49:29.261, P8, 210 MHz, 405 MHz, 54, 41.44 W, 0 %, 0x0000000000000001
2026/10/04 21:49:29.792, P8, 210 MHz, 405 MHz, 54, 41.43 W, 1 %, 0x0000000000000001
2026/10/04 21:49:30.339, P8, 210 MHz, 405 MHz, 54, 41.40 W, 1 %, 0x0000000000000001
2026/10/04 21:49:30.870, P8, 210 MHz, 405 MHz, 54, 41.43 W, 0 %, 0x0000000000000001
2026/10/04 21:49:31.402, P8, 210 MHz, 405 MHz, 54, 41.41 W, 1 %, 0x0000000000000001
2026/10/04 21:49:31.933, P8, 210 MHz, 405 MHz, 54, 41.44 W, 1 %, 0x0000000000000001
2026/10/04 21:49:32.464, P8, 210 MHz, 405 MHz, 54, 41.36 W, 0 %, 0x0000000000000001
2026/10/04 21:49:32.996, P8, 210 MHz, 405 MHz, 54, 41.16 W, 1 %, 0x0000000000000001
2026/10/04 21:49:33.527, P8, 210 MHz, 405 MHz, 54, 41.20 W, 1 %, 0x0000000000000001
2026/10/04 21:49:34.058, P8, 210 MHz, 405 MHz, 54, 41.23 W, 0 %, 0x0000000000000001
2026/10/04 21:49:34.589, P8, 225 MHz, 405 MHz, 54, 42.66 W, 40 %, 0x0000000000000001
2026/10/04 21:49:35.230, P2, 1980 MHz, 9251 MHz, 59, 138.55 W, 91 %, 0x0000000000000000
2026/10/04 21:49:35.746, P2, 1980 MHz, 9251 MHz, 60, 255.81 W, 93 %, 0x0000000000000000
2026/10/04 21:49:36.261, P2, 1965 MHz, 9251 MHz, 60, 301.30 W, 92 %, 0x0000000000000000
2026/10/04 21:49:36.777, P2, 1965 MHz, 9251 MHz, 61, 293.27 W, 92 %, 0x0000000000000000
2026/10/04 21:49:37.293, P2, 1965 MHz, 9251 MHz, 62, 293.83 W, 93 %, 0x0000000000000000
2026/10/04 21:49:37.808, P2, 1965 MHz, 9251 MHz, 61, 301.15 W, 92 %, 0x0000000000000000
2026/10/04 21:49:38.324, P2, 1965 MHz, 9251 MHz, 63, 296.02 W, 95 %, 0x0000000000000000
2026/10/04 21:49:38.839, P2, 1965 MHz, 9251 MHz, 63, 296.73 W, 95 %, 0x0000000000000000
2026/10/04 21:49:39.355, P2, 1965 MHz, 9251 MHz, 62, 304.18 W, 93 %, 0x0000000000000000
2026/10/04 21:49:39.871, P2, 1965 MHz, 9251 MHz, 63, 291.72 W, 93 %, 0x0000000000000000
2026/10/04 21:49:40.386, P2, 1965 MHz, 9251 MHz, 64, 289.42 W, 95 %, 0x0000000000000000
2026/10/04 21:49:40.902, P2, 1965 MHz, 9251 MHz, 63, 289.90 W, 90 %, 0x0000000000000000
2026/10/04 21:49:41.418, P2, 1965 MHz, 9251 MHz, 60, 219.40 W, 0 %, 0x0000000000000000
2026/10/04 21:49:41.933, P2, 1965 MHz, 9251 MHz, 60, 147.54 W, 0 %, 0x0000000000000000
2026/10/04 21:49:42.449, P2, 1965 MHz, 9251 MHz, 60, 133.78 W, 90 %, 0x0000000000000000
2026/10/04 21:49:42.964, P2, 1965 MHz, 9251 MHz, 60, 134.30 W, 6 %, 0x0000000000000000
2026/10/04 21:49:43.480, P2, 1965 MHz, 9251 MHz, 60, 134.31 W, 11 %, 0x0000000000000000
2026/10/04 21:49:43.996, P2, 1965 MHz, 9251 MHz, 60, 134.56 W, 83 %, 0x0000000000000000
2026/10/04 21:49:44.511, P2, 1965 MHz, 9251 MHz, 59, 134.26 W, 43 %, 0x0000000000000000
2026/10/04 21:49:45.027, P2, 1965 MHz, 9251 MHz, 59, 134.05 W, 54 %, 0x0000000000000000
2026/10/04 21:49:45.543, P2, 1965 MHz, 9251 MHz, 59, 134.23 W, 43 %, 0x0000000000000000
2026/10/04 21:49:46.059, P2, 1965 MHz, 9251 MHz, 59, 134.54 W, 33 %, 0x0000000000000000
2026/10/04 21:49:46.574, P2, 1965 MHz, 9251 MHz, 59, 134.69 W, 92 %, 0x0000000000000000
2026/10/04 21:49:47.090, P2, 1965 MHz, 9251 MHz, 59, 134.20 W, 100 %, 0x0000000000000000
2026/10/04 21:49:47.605, P2, 1965 MHz, 9251 MHz, 59, 134.25 W, 12 %, 0x0000000000000000
2026/10/04 21:49:48.121, P2, 1965 MHz, 9251 MHz, 59, 134.47 W, 85 %, 0x0000000000000000
2026/10/04 21:49:48.637, P2, 1965 MHz, 9251 MHz, 59, 134.60 W, 72 %, 0x0000000000000000
2026/10/04 21:49:49.152, P2, 1965 MHz, 9251 MHz, 59, 134.48 W, 55 %, 0x0000000000000000
2026/10/04 21:49:49.668, P2, 1965 MHz, 9251 MHz, 59, 134.33 W, 65 %, 0x0000000000000000
2026/10/04 21:49:50.184, P2, 1965 MHz, 9251 MHz, 59, 134.76 W, 33 %, 0x0000000000000000
2026/10/04 21:49:50.699, P2, 1965 MHz, 9251 MHz, 59, 134.77 W, 92 %, 0x0000000000000000
2026/10/04 21:49:51.215, P2, 1965 MHz, 9251 MHz, 59, 134.52 W, 100 %, 0x0000000000000000
2026/10/04 21:49:51.730, P2, 1965 MHz, 9251 MHz, 59, 134.21 W, 11 %, 0x0000000000000000
2026/10/04 21:49:52.246, P2, 1965 MHz, 9251 MHz, 59, 134.18 W, 21 %, 0x0000000000000000
2026/10/04 21:49:52.777, P2, 1965 MHz, 9251 MHz, 59, 134.85 W, 47 %, 0x0000000000000000
2026/10/04 21:49:53.308, P2, 1965 MHz, 9251 MHz, 59, 134.36 W, 0 %, 0x0000000000000000
2026/10/04 21:49:53.840, P2, 1965 MHz, 9251 MHz, 59, 132.96 W, 0 %, 0x0000000000000000
2026/10/04 21:49:54.386, P2, 1965 MHz, 9251 MHz, 59, 132.45 W, 0 %, 0x0000000000000000
2026/10/04 21:49:54.917, P5, 375 MHz, 810 MHz, 57, 117.72 W, 0 %, 0x0000000000000001
2026/10/04 21:49:55.464, P5, 285 MHz, 810 MHz, 56, 64.65 W, 0 %, 0x0000000000000001
2026/10/04 21:49:56.027, P5, 240 MHz, 810 MHz, 56, 45.92 W, 0 %, 0x0000000000000001
2026/10/04 21:49:56.558, P8, 210 MHz, 405 MHz, 56, 44.83 W, 0 %, 0x0000000000000001
2026/10/04 21:49:57.121, P8, 210 MHz, 405 MHz, 56, 43.76 W, 0 %, 0x0000000000000001
2026/10/04 21:49:57.668, P8, 210 MHz, 405 MHz, 55, 42.80 W, 0 %, 0x0000000000000001
2026/10/04 21:49:58.199, P8, 210 MHz, 405 MHz, 55, 42.78 W, 0 %, 0x0000000000000001
2026/10/04 21:49:58.746, P8, 210 MHz, 405 MHz, 55, 42.69 W, 0 %, 0x0000000000000001
2026/10/04 21:49:59.292, P8, 210 MHz, 405 MHz, 55, 42.71 W, 0 %, 0x0000000000000001
2026/10/04 21:49:59.839, P8, 210 MHz, 405 MHz, 55, 42.69 W, 0 %, 0x0000000000000001
2026/10/04 21:50:00.402, P8, 210 MHz, 405 MHz, 55, 42.65 W, 0 %, 0x0000000000000001
2026/10/04 21:50:00.948, P8, 210 MHz, 405 MHz, 55, 42.80 W, 3 %, 0x0000000000000001
2026/10/04 21:50:01.511, P8, 210 MHz, 405 MHz, 54, 43.14 W, 3 %, 0x0000000000000001
2026/10/04 21:50:02.073, P8, 210 MHz, 405 MHz, 54, 42.88 W, 1 %, 0x0000000000000001
2026/10/04 21:50:02.620, P8, 210 MHz, 405 MHz, 54, 42.54 W, 0 %, 0x0000000000000001
2026/10/04 21:50:03.183, P8, 210 MHz, 405 MHz, 54, 42.48 W, 1 %, 0x0000000000000001
2026/10/04 21:50:03.714, P8, 210 MHz, 405 MHz, 54, 42.45 W, 1 %, 0x0000000000000001
2026/10/04 21:50:04.276, P8, 210 MHz, 405 MHz, 54, 42.29 W, 1 %, 0x0000000000000001
2026/10/04 21:50:04.807, P8, 210 MHz, 405 MHz, 54, 42.22 W, 1 %, 0x0000000000000001
2026/10/04 21:50:05.385, P8, 210 MHz, 405 MHz, 54, 42.22 W, 1 %, 0x0000000000000001
2026/10/04 21:50:05.916, P8, 210 MHz, 405 MHz, 54, 42.15 W, 1 %, 0x0000000000000001
2026/10/04 21:50:06.478, P8, 210 MHz, 405 MHz, 53, 42.07 W, 0 %, 0x0000000000000001
2026/10/04 21:50:07.025, P8, 210 MHz, 405 MHz, 53, 42.07 W, 1 %, 0x0000000000000001
2026/10/04 21:50:07.587, P8, 210 MHz, 405 MHz, 53, 42.12 W, 1 %, 0x0000000000000001
2026/10/04 21:50:08.118, P8, 210 MHz, 405 MHz, 53, 42.12 W, 0 %, 0x0000000000000001
2026/10/04 21:50:08.681, P8, 210 MHz, 405 MHz, 53, 42.02 W, 0 %, 0x0000000000000001
2026/10/04 21:50:09.228, P8, 210 MHz, 405 MHz, 53, 41.95 W, 1 %, 0x0000000000000001
2026/10/04 21:50:09.775, P8, 210 MHz, 405 MHz, 53, 41.97 W, 0 %, 0x0000000000000001
2026/10/04 21:50:10.322, P8, 210 MHz, 405 MHz, 53, 42.06 W, 2 %, 0x0000000000000001
2026/10/04 21:50:10.885, P8, 210 MHz, 405 MHz, 53, 41.95 W, 0 %, 0x0000000000000001
2026/10/04 21:50:11.431, P8, 210 MHz, 405 MHz, 53, 41.83 W, 0 %, 0x0000000000000001
2026/10/04 21:50:11.994, P8, 210 MHz, 405 MHz, 53, 41.81 W, 0 %, 0x0000000000000001
2026/10/04 21:50:12.540, P8, 210 MHz, 405 MHz, 53, 41.84 W, 0 %, 0x0000000000000001
2026/10/04 21:50:13.118, P8, 210 MHz, 405 MHz, 53, 41.93 W, 0 %, 0x0000000000000001
2026/10/04 21:50:13.664, P8, 210 MHz, 405 MHz, 53, 41.86 W, 0 %, 0x0000000000000001
2026/10/04 21:50:14.211, P8, 210 MHz, 405 MHz, 52, 41.75 W, 0 %, 0x0000000000000001
2026/10/04 21:50:14.758, P8, 210 MHz, 405 MHz, 53, 41.68 W, 0 %, 0x0000000000000001
2026/10/04 21:50:15.305, P8, 210 MHz, 405 MHz, 52, 41.48 W, 0 %, 0x0000000000000001
2026/10/04 21:50:15.867, P8, 210 MHz, 405 MHz, 52, 41.49 W, 1 %, 0x0000000000000001
2026/10/04 21:50:16.430, P8, 210 MHz, 405 MHz, 52, 41.63 W, 0 %, 0x0000000000000001
2026/10/04 21:50:16.961, P8, 210 MHz, 405 MHz, 52, 41.65 W, 1 %, 0x0000000000000001
2026/10/04 21:50:17.508, P8, 210 MHz, 405 MHz, 52, 41.56 W, 1 %, 0x0000000000000001
2026/10/04 21:50:18.039, P8, 210 MHz, 405 MHz, 52, 41.45 W, 0 %, 0x0000000000000001
2026/10/04 21:50:18.570, P8, 210 MHz, 405 MHz, 52, 41.34 W, 1 %, 0x0000000000000001
2026/10/04 21:50:19.132, P8, 210 MHz, 405 MHz, 52, 41.43 W, 1 %, 0x0000000000000001
2026/10/04 21:50:19.679, P8, 210 MHz, 405 MHz, 52, 41.49 W, 1 %, 0x0000000000000001
2026/10/04 21:50:20.226, P8, 210 MHz, 405 MHz, 52, 41.40 W, 1 %, 0x0000000000000001
2026/10/04 21:50:20.772, P8, 210 MHz, 405 MHz, 52, 41.39 W, 1 %, 0x0000000000000001
2026/10/04 21:50:21.304, P8, 210 MHz, 405 MHz, 52, 41.36 W, 1 %, 0x0000000000000001
2026/10/04 21:50:21.851, P8, 210 MHz, 405 MHz, 52, 41.31 W, 1 %, 0x0000000000000001
2026/10/04 21:50:22.382, P8, 210 MHz, 405 MHz, 52, 41.26 W, 1 %, 0x0000000000000001
2026/10/04 21:50:22.975, P8, 210 MHz, 405 MHz, 52, 41.18 W, 1 %, 0x0000000000000001
2026/10/04 21:50:23.522, P8, 210 MHz, 405 MHz, 52, 41.20 W, 0 %, 0x0000000000000001
2026/10/04 21:50:24.084, P8, 210 MHz, 405 MHz, 52, 41.17 W, 0 %, 0x0000000000000001
2026/10/04 21:50:24.616, P8, 210 MHz, 405 MHz, 52, 41.24 W, 0 %, 0x0000000000000001
2026/10/04 21:50:25.162, P8, 210 MHz, 405 MHz, 52, 41.26 W, 0 %, 0x0000000000000001
2026/10/04 21:50:25.694, P8, 210 MHz, 405 MHz, 52, 41.19 W, 0 %, 0x0000000000000001
2026/10/04 21:50:26.225, P8, 210 MHz, 405 MHz, 52, 41.15 W, 0 %, 0x0000000000000001
2026/10/04 21:50:26.819, P8, 210 MHz, 405 MHz, 52, 41.22 W, 0 %, 0x0000000000000001
2026/10/04 21:50:27.381, P8, 210 MHz, 405 MHz, 52, 41.13 W, 0 %, 0x0000000000000001
2026/10/04 21:50:27.912, P8, 210 MHz, 405 MHz, 52, 41.09 W, 0 %, 0x0000000000000001
2026/10/04 21:50:28.443, P8, 210 MHz, 405 MHz, 52, 41.05 W, 2 %, 0x0000000000000001
2026/10/04 21:50:28.986, P8, 210 MHz, 405 MHz, 52, 40.93 W, 0 %, 0x0000000000000001
2026/10/04 21:50:29.517, P8, 210 MHz, 405 MHz, 52, 40.85 W, 0 %, 0x0000000000000001
2026/10/04 21:50:30.049, P8, 210 MHz, 405 MHz, 52, 40.87 W, 0 %, 0x0000000000000001
2026/10/04 21:50:30.580, P8, 210 MHz, 405 MHz, 52, 40.99 W, 0 %, 0x0000000000000001
2026/10/04 21:50:31.111, P8, 210 MHz, 405 MHz, 52, 41.01 W, 0 %, 0x0000000000000001
2026/10/04 21:50:31.642, P8, 210 MHz, 405 MHz, 52, 41.00 W, 0 %, 0x0000000000000001
2026/10/04 21:50:32.174, P8, 210 MHz, 405 MHz, 52, 41.15 W, 0 %, 0x0000000000000001
2026/10/04 21:50:32.705, P8, 210 MHz, 405 MHz, 52, 41.22 W, 0 %, 0x0000000000000001
2026/10/04 21:50:33.252, P8, 210 MHz, 405 MHz, 52, 41.19 W, 0 %, 0x0000000000000001
2026/10/04 21:50:33.783, P8, 210 MHz, 405 MHz, 52, 41.07 W, 0 %, 0x0000000000000001
2026/10/04 21:50:34.314, P8, 210 MHz, 405 MHz, 52, 40.99 W, 0 %, 0x0000000000000001
2026/10/04 21:50:34.846, P8, 210 MHz, 405 MHz, 52, 40.99 W, 0 %, 0x0000000000000001
2026/10/04 21:50:35.377, P8, 210 MHz, 405 MHz, 52, 41.06 W, 0 %, 0x0000000000000001
2026/10/04 21:50:35.908, P8, 210 MHz, 405 MHz, 52, 41.06 W, 0 %, 0x0000000000000001
2026/10/04 21:50:36.455, P8, 210 MHz, 405 MHz, 52, 40.88 W, 0 %, 0x0000000000000001
2026/10/04 21:50:36.986, P8, 210 MHz, 405 MHz, 52, 40.91 W, 0 %, 0x0000000000000001
2026/10/04 21:50:37.533, P8, 210 MHz, 405 MHz, 52, 41.05 W, 0 %, 0x0000000000000001
2026/10/04 21:50:38.080, P8, 210 MHz, 405 MHz, 52, 41.14 W, 1 %, 0x0000000000000001
2026/10/04 21:50:38.611, P8, 210 MHz, 405 MHz, 52, 41.10 W, 0 %, 0x0000000000000001
2026/10/04 21:50:39.143, P8, 210 MHz, 405 MHz, 52, 41.16 W, 0 %, 0x0000000000000001
2026/10/04 21:50:39.674, P8, 210 MHz, 405 MHz, 52, 41.22 W, 1 %, 0x0000000000000001
2026/10/04 21:50:40.221, P8, 210 MHz, 405 MHz, 52, 41.13 W, 0 %, 0x0000000000000001
2026/10/04 21:50:40.752, P8, 210 MHz, 405 MHz, 52, 41.12 W, 0 %, 0x0000000000000001
2026/10/04 21:50:41.283, P8, 210 MHz, 405 MHz, 52, 41.16 W, 1 %, 0x0000000000000001
2026/10/04 21:50:41.830, P8, 210 MHz, 405 MHz, 52, 41.10 W, 0 %, 0x0000000000000001
2026/10/04 21:50:42.361, P8, 210 MHz, 405 MHz, 52, 41.19 W, 0 %, 0x0000000000000001
2026/10/04 21:50:42.908, P8, 210 MHz, 405 MHz, 52, 41.15 W, 1 %, 0x0000000000000001
2026/10/04 21:50:43.440, P8, 210 MHz, 405 MHz, 52, 41.16 W, 0 %, 0x0000000000000001
2026/10/04 21:50:43.971, P8, 210 MHz, 405 MHz, 52, 41.32 W, 0 %, 0x0000000000000001
2026/10/04 21:50:44.518, P8, 210 MHz, 405 MHz, 52, 41.36 W, 1 %, 0x0000000000000001
2026/10/04 21:50:45.049, P8, 210 MHz, 405 MHz, 53, 41.31 W, 0 %, 0x0000000000000001
2026/10/04 21:50:45.581, P8, 210 MHz, 405 MHz, 52, 41.29 W, 0 %, 0x0000000000000001
2026/10/04 21:50:46.112, P8, 210 MHz, 405 MHz, 52, 41.31 W, 1 %, 0x0000000000000001
2026/10/04 21:50:46.643, P8, 210 MHz, 405 MHz, 52, 41.32 W, 0 %, 0x0000000000000001
2026/10/04 21:50:47.174, P8, 210 MHz, 405 MHz, 52, 41.27 W, 1 %, 0x0000000000000001
2026/10/04 21:50:47.706, P8, 210 MHz, 405 MHz, 53, 41.17 W, 1 %, 0x0000000000000001
2026/10/04 21:50:48.237, P8, 210 MHz, 405 MHz, 52, 41.00 W, 0 %, 0x0000000000000001
2026/10/04 21:50:48.768, P8, 210 MHz, 405 MHz, 52, 40.84 W, 1 %, 0x0000000000000001
2026/10/04 21:50:49.315, P8, 210 MHz, 405 MHz, 52, 40.81 W, 1 %, 0x0000000000000001
2026/10/04 21:50:49.846, P8, 210 MHz, 405 MHz, 52, 40.94 W, 0 %, 0x0000000000000001
2026/10/04 21:50:50.377, P8, 210 MHz, 405 MHz, 52, 41.00 W, 1 %, 0x0000000000000001
2026/10/04 21:50:50.909, P8, 210 MHz, 405 MHz, 53, 41.01 W, 1 %, 0x0000000000000001
2026/10/04 21:50:51.440, P8, 210 MHz, 405 MHz, 53, 41.00 W, 0 %, 0x0000000000000001
2026/10/04 21:50:51.971, P8, 210 MHz, 405 MHz, 52, 41.05 W, 1 %, 0x0000000000000001
2026/10/04 21:50:52.518, P8, 210 MHz, 405 MHz, 52, 40.96 W, 1 %, 0x0000000000000001
2026/10/04 21:50:53.049, P8, 210 MHz, 405 MHz, 52, 41.01 W, 0 %, 0x0000000000000001
2026/10/04 21:50:53.581, P8, 210 MHz, 405 MHz, 53, 41.13 W, 1 %, 0x0000000000000001
2026/10/04 21:50:54.112, P8, 210 MHz, 405 MHz, 53, 41.14 W, 1 %, 0x0000000000000001
2026/10/04 21:50:54.643, P8, 210 MHz, 405 MHz, 52, 41.14 W, 0 %, 0x0000000000000001
2026/10/04 21:50:55.175, P8, 210 MHz, 405 MHz, 52, 41.27 W, 1 %, 0x0000000000000001
2026/10/04 21:50:55.722, P8, 210 MHz, 405 MHz, 53, 41.22 W, 0 %, 0x0000000000000001
2026/10/04 21:50:56.253, P8, 210 MHz, 405 MHz, 52, 41.20 W, 1 %, 0x0000000000000001
2026/10/04 21:50:56.784, P8, 210 MHz, 405 MHz, 53, 41.16 W, 1 %, 0x0000000000000001
2026/10/04 21:50:57.315, P8, 210 MHz, 405 MHz, 53, 41.12 W, 1 %, 0x0000000000000001
2026/10/04 21:50:57.847, P8, 210 MHz, 405 MHz, 53, 41.23 W, 0 %, 0x0000000000000001
2026/10/04 21:50:58.378, P8, 210 MHz, 405 MHz, 53, 41.25 W, 1 %, 0x0000000000000001
2026/10/04 21:50:58.909, P8, 210 MHz, 405 MHz, 52, 41.14 W, 1 %, 0x0000000000000001
2026/10/04 21:50:59.440, P8, 210 MHz, 405 MHz, 52, 41.04 W, 1 %, 0x0000000000000001
2026/10/04 21:50:59.972, P8, 210 MHz, 405 MHz, 53, 40.88 W, 1 %, 0x0000000000000001
2026/10/04 21:51:00.519, P8, 210 MHz, 405 MHz, 53, 40.79 W, 1 %, 0x0000000000000001
2026/10/04 21:51:01.050, P8, 210 MHz, 405 MHz, 53, 40.89 W, 1 %, 0x0000000000000001
2026/10/04 21:51:01.581, P8, 210 MHz, 405 MHz, 53, 41.09 W, 1 %, 0x0000000000000001
2026/10/04 21:51:02.112, P8, 210 MHz, 405 MHz, 53, 41.17 W, 1 %, 0x0000000000000001
2026/10/04 21:51:02.644, P8, 210 MHz, 405 MHz, 53, 41.12 W, 1 %, 0x0000000000000001
2026/10/04 21:51:03.175, P8, 210 MHz, 405 MHz, 53, 41.03 W, 1 %, 0x0000000000000001
2026/10/04 21:51:03.706, P8, 210 MHz, 405 MHz, 53, 41.13 W, 1 %, 0x0000000000000001
2026/10/04 21:51:04.237, P8, 210 MHz, 405 MHz, 53, 41.71 W, 4 %, 0x0000000000000001
2026/10/04 21:51:04.784, P8, 210 MHz, 405 MHz, 53, 41.73 W, 1 %, 0x0000000000000001
2026/10/04 21:51:05.316, P8, 210 MHz, 405 MHz, 53, 41.28 W, 1 %, 0x0000000000000001
2026/10/04 21:51:05.847, P8, 210 MHz, 405 MHz, 53, 41.13 W, 1 %, 0x0000000000000001
2026/10/04 21:51:06.378, P8, 210 MHz, 405 MHz, 53, 41.21 W, 1 %, 0x0000000000000001
2026/10/04 21:51:06.909, P8, 210 MHz, 405 MHz, 53, 41.19 W, 1 %, 0x0000000000000001
2026/10/04 21:51:07.441, P8, 210 MHz, 405 MHz, 53, 41.07 W, 1 %, 0x0000000000000001
2026/10/04 21:51:07.972, P8, 210 MHz, 405 MHz, 53, 41.06 W, 1 %, 0x0000000000000001
2026/10/04 21:51:08.519, P8, 210 MHz, 405 MHz, 53, 41.12 W, 1 %, 0x0000000000000001
2026/10/04 21:51:09.050, P8, 210 MHz, 405 MHz, 53, 41.16 W, 0 %, 0x0000000000000001
2026/10/04 21:51:09.582, P8, 210 MHz, 405 MHz, 53, 41.06 W, 1 %, 0x0000000000000001
2026/10/04 21:51:10.113, P8, 210 MHz, 405 MHz, 53, 41.03 W, 0 %, 0x0000000000000001
2026/10/04 21:51:10.644, P8, 210 MHz, 405 MHz, 53, 41.12 W, 1 %, 0x0000000000000001
2026/10/04 21:51:11.175, P8, 210 MHz, 405 MHz, 53, 41.09 W, 1 %, 0x0000000000000001
2026/10/04 21:51:11.707, P8, 210 MHz, 405 MHz, 53, 41.07 W, 0 %, 0x0000000000000001
2026/10/04 21:51:12.238, P8, 210 MHz, 405 MHz, 53, 40.98 W, 1 %, 0x0000000000000001
2026/10/04 21:51:12.769, P8, 210 MHz, 405 MHz, 53, 40.85 W, 1 %, 0x0000000000000001
2026/10/04 21:51:13.300, P8, 210 MHz, 405 MHz, 53, 40.89 W, 0 %, 0x0000000000000001
2026/10/04 21:51:13.832, P8, 210 MHz, 405 MHz, 53, 40.94 W, 1 %, 0x0000000000000001
2026/10/04 21:51:14.363, P8, 210 MHz, 405 MHz, 53, 41.00 W, 1 %, 0x0000000000000001
2026/10/04 21:51:14.910, P8, 210 MHz, 405 MHz, 53, 40.99 W, 0 %, 0x0000000000000001
2026/10/04 21:51:15.441, P8, 210 MHz, 405 MHz, 53, 41.00 W, 1 %, 0x0000000000000001
2026/10/04 21:51:15.972, P8, 210 MHz, 405 MHz, 53, 40.95 W, 1 %, 0x0000000000000001
2026/10/04 21:51:16.504, P8, 210 MHz, 405 MHz, 53, 40.87 W, 0 %, 0x0000000000000001
2026/10/04 21:51:17.035, P8, 210 MHz, 405 MHz, 53, 40.85 W, 1 %, 0x0000000000000001
2026/10/04 21:51:17.566, P8, 210 MHz, 405 MHz, 53, 40.97 W, 1 %, 0x0000000000000001
2026/10/04 21:51:18.097, P8, 210 MHz, 405 MHz, 53, 41.04 W, 0 %, 0x0000000000000001
2026/10/04 21:51:18.629, P8, 210 MHz, 405 MHz, 53, 41.04 W, 1 %, 0x0000000000000001
2026/10/04 21:51:19.160, P8, 210 MHz, 405 MHz, 53, 41.18 W, 1 %, 0x0000000000000001
2026/10/04 21:51:19.707, P8, 210 MHz, 405 MHz, 53, 41.24 W, 0 %, 0x0000000000000001
2026/10/04 21:51:20.238, P8, 210 MHz, 405 MHz, 53, 41.14 W, 1 %, 0x0000000000000001
2026/10/04 21:51:20.769, P8, 210 MHz, 405 MHz, 53, 41.06 W, 0 %, 0x0000000000000001
2026/10/04 21:51:21.316, P8, 210 MHz, 405 MHz, 53, 41.09 W, 0 %, 0x0000000000000001
2026/10/04 21:51:21.848, P8, 210 MHz, 405 MHz, 53, 41.78 W, 31 %, 0x0000000000000001
2026/10/04 21:51:22.441, P2, 1980 MHz, 9251 MHz, 58, 94.25 W, 95 %, 0x0000000000000004
2026/10/04 21:51:22.957, P2, 1980 MHz, 9251 MHz, 59, 242.71 W, 96 %, 0x0000000000000000
2026/10/04 21:51:23.472, P2, 1980 MHz, 9251 MHz, 60, 308.11 W, 95 %, 0x0000000000000000
2026/10/04 21:51:23.988, P2, 1965 MHz, 9251 MHz, 61, 309.45 W, 95 %, 0x0000000000000000
2026/10/04 21:51:24.504, P2, 1965 MHz, 9251 MHz, 61, 301.78 W, 94 %, 0x0000000000000000
2026/10/04 21:51:25.020, P2, 1965 MHz, 9251 MHz, 62, 301.41 W, 96 %, 0x0000000000000000
2026/10/04 21:51:25.535, P2, 1965 MHz, 9251 MHz, 62, 309.60 W, 96 %, 0x0000000000000000
2026/10/04 21:51:26.051, P2, 1965 MHz, 9251 MHz, 61, 310.73 W, 95 %, 0x0000000000000000
2026/10/04 21:51:26.567, P2, 1965 MHz, 9251 MHz, 63, 303.51 W, 94 %, 0x0000000000000000
2026/10/04 21:51:27.082, P2, 1965 MHz, 9251 MHz, 63, 303.26 W, 97 %, 0x0000000000000000
2026/10/04 21:51:27.598, P2, 1965 MHz, 9251 MHz, 63, 310.09 W, 97 %, 0x0000000000000000
2026/10/04 21:51:28.113, P2, 1965 MHz, 9251 MHz, 63, 302.12 W, 80 %, 0x0000000000000000
2026/10/04 21:51:28.629, P2, 1965 MHz, 9251 MHz, 63, 283.90 W, 96 %, 0x0000000000000000
2026/10/04 21:51:29.145, P2, 1965 MHz, 9251 MHz, 63, 267.78 W, 98 %, 0x0000000000000000
2026/10/04 21:51:29.660, P2, 1965 MHz, 9251 MHz, 63, 274.67 W, 98 %, 0x0000000000000000
2026/10/04 21:51:30.176, P2, 1965 MHz, 9251 MHz, 64, 275.16 W, 97 %, 0x0000000000000000
2026/10/04 21:51:30.692, P2, 1965 MHz, 9251 MHz, 60, 220.30 W, 0 %, 0x0000000000000000
2026/10/04 21:51:31.207, P2, 1965 MHz, 9251 MHz, 60, 155.71 W, 0 %, 0x0000000000000000
2026/10/04 21:51:31.723, P2, 1965 MHz, 9251 MHz, 60, 132.52 W, 0 %, 0x0000000000000000
2026/10/04 21:51:32.238, P2, 405 MHz, 9251 MHz, 59, 129.11 W, 0 %, 0x0000000000000001
2026/10/04 21:51:32.770, P3, 315 MHz, 5001 MHz, 58, 102.29 W, 0 %, 0x0000000000000001
2026/10/04 21:51:33.301, P3, 240 MHz, 5001 MHz, 58, 78.89 W, 0 %, 0x0000000000000001
2026/10/04 21:51:33.832, P3, 225 MHz, 5001 MHz, 57, 73.18 W, 0 %, 0x0000000000000001
2026/10/04 21:51:34.363, P3, 225 MHz, 5001 MHz, 57, 72.17 W, 0 %, 0x0000000000000001
2026/10/04 21:51:34.895, P5, 210 MHz, 810 MHz, 57, 71.97 W, 0 %, 0x0000000000000001
2026/10/04 21:51:35.426, P5, 210 MHz, 810 MHz, 56, 60.06 W, 0 %, 0x0000000000000001
2026/10/04 21:51:35.957, P5, 210 MHz, 810 MHz, 56, 45.45 W, 0 %, 0x0000000000000001
2026/10/04 21:51:36.489, P5, 210 MHz, 810 MHz, 56, 45.15 W, 0 %, 0x0000000000000001
2026/10/04 21:51:37.020, P8, 210 MHz, 405 MHz, 56, 44.52 W, 0 %, 0x0000000000000001
2026/10/04 21:51:37.551, P8, 210 MHz, 405 MHz, 56, 43.31 W, 1 %, 0x0000000000000001
2026/10/04 21:51:38.114, P8, 210 MHz, 405 MHz, 55, 42.88 W, 1 %, 0x0000000000000001
2026/10/04 21:51:38.645, P8, 210 MHz, 405 MHz, 55, 42.80 W, 1 %, 0x0000000000000001
2026/10/04 21:51:39.176, P8, 210 MHz, 405 MHz, 55, 42.59 W, 1 %, 0x0000000000000001
2026/10/04 21:51:39.708, P8, 210 MHz, 405 MHz, 55, 42.54 W, 1 %, 0x0000000000000001
2026/10/04 21:51:40.239, P2, 1800 MHz, 9251 MHz, 56, 55.77 W, 78 %, 0x0000000000000001
2026/10/04 21:51:40.770, P2, 1800 MHz, 9251 MHz, 57, 91.53 W, 20 %, 0x0000000000000001
2026/10/04 21:51:41.301, P2, 1980 MHz, 9251 MHz, 57, 123.59 W, 46 %, 0x0000000000000000
2026/10/04 21:51:41.817, P2, 1980 MHz, 9251 MHz, 57, 128.56 W, 0 %, 0x0000000000000000
2026/10/04 21:51:42.332, P2, 1980 MHz, 9251 MHz, 57, 130.90 W, 62 %, 0x0000000000000000
2026/10/04 21:51:42.848, P2, 1980 MHz, 9251 MHz, 57, 132.29 W, 0 %, 0x0000000000000000
2026/10/04 21:51:43.364, P2, 1980 MHz, 9251 MHz, 60, 153.81 W, 21 %, 0x0000000000000000
2026/10/04 21:51:43.880, P2, 1965 MHz, 9251 MHz, 60, 216.04 W, 47 %, 0x0000000000000000
2026/10/04 21:51:44.395, P2, 1965 MHz, 9251 MHz, 60, 243.54 W, 46 %, 0x0000000000000000
2026/10/04 21:51:44.911, P2, 1965 MHz, 9251 MHz, 60, 206.48 W, 45 %, 0x0000000000000000
2026/10/04 21:51:45.426, P2, 1965 MHz, 9251 MHz, 60, 208.20 W, 45 %, 0x0000000000000000
2026/10/04 21:51:45.942, P2, 1965 MHz, 9251 MHz, 60, 208.72 W, 45 %, 0x0000000000000000
2026/10/04 21:51:46.473, P2, 1965 MHz, 9251 MHz, 58, 177.49 W, 0 %, 0x0000000000000000
2026/10/04 21:51:46.989, P2, 1965 MHz, 9251 MHz, 58, 142.84 W, 0 %, 0x0000000000000000
2026/10/04 21:51:47.535, P2, 1965 MHz, 9251 MHz, 58, 131.80 W, 0 %, 0x0000000000000000
2026/10/04 21:51:48.067, P3, 465 MHz, 5001 MHz, 56, 111.51 W, 0 %, 0x0000000000000001
2026/10/04 21:51:48.629, P3, 375 MHz, 5001 MHz, 56, 84.78 W, 0 %, 0x0000000000000001
2026/10/04 21:51:49.176, P3, 285 MHz, 5001 MHz, 56, 72.20 W, 0 %, 0x0000000000000001
2026/10/04 21:51:49.738, P3, 225 MHz, 5001 MHz, 56, 71.29 W, 0 %, 0x0000000000000001
2026/10/04 21:51:50.285, P3, 225 MHz, 5001 MHz, 56, 71.11 W, 0 %, 0x0000000000000001
2026/10/04 21:51:50.832, P3, 225 MHz, 5001 MHz, 56, 71.24 W, 0 %, 0x0000000000000001
2026/10/04 21:51:51.394, P3, 225 MHz, 5001 MHz, 55, 71.23 W, 0 %, 0x0000000000000001
2026/10/04 21:51:51.925, P3, 225 MHz, 5001 MHz, 55, 71.05 W, 0 %, 0x0000000000000001
2026/10/04 21:51:52.472, P5, 210 MHz, 810 MHz, 55, 66.45 W, 0 %, 0x0000000000000001
2026/10/04 21:51:53.003, P5, 210 MHz, 810 MHz, 55, 54.55 W, 0 %, 0x0000000000000001
2026/10/04 21:51:53.534, P5, 210 MHz, 810 MHz, 54, 44.77 W, 0 %, 0x0000000000000001
2026/10/04 21:51:54.096, P8, 210 MHz, 405 MHz, 54, 44.81 W, 0 %, 0x0000000000000001
2026/10/04 21:51:54.659, P8, 210 MHz, 405 MHz, 54, 43.65 W, 14 %, 0x0000000000000001
2026/10/04 21:51:55.190, P8, 210 MHz, 405 MHz, 54, 43.16 W, 15 %, 0x0000000000000001
2026/10/04 21:51:55.737, P8, 210 MHz, 405 MHz, 54, 43.82 W, 23 %, 0x0000000000000001
2026/10/04 21:51:56.299, P8, 210 MHz, 405 MHz, 54, 44.00 W, 27 %, 0x0000000000000001
2026/10/04 21:51:56.830, P8, 210 MHz, 405 MHz, 54, 44.01 W, 27 %, 0x0000000000000001
2026/10/04 21:51:57.377, P8, 210 MHz, 405 MHz, 54, 43.83 W, 21 %, 0x0000000000000001
2026/10/04 21:51:57.971, P8, 210 MHz, 405 MHz, 54, 43.54 W, 14 %, 0x0000000000000001
2026/10/04 21:51:58.518, P8, 210 MHz, 405 MHz, 54, 43.63 W, 19 %, 0x0000000000000001
2026/10/04 21:51:59.049, P8, 210 MHz, 405 MHz, 54, 43.81 W, 27 %, 0x0000000000000001
2026/10/04 21:51:59.595, P8, 210 MHz, 405 MHz, 53, 43.75 W, 28 %, 0x0000000000000001
2026/10/04 21:52:00.150, P8, 210 MHz, 405 MHz, 53, 43.60 W, 24 %, 0x0000000000000001
2026/10/04 21:52:00.681, P8, 210 MHz, 405 MHz, 53, 43.61 W, 25 %, 0x0000000000000001
2026/10/04 21:52:01.228, P8, 210 MHz, 405 MHz, 53, 43.53 W, 24 %, 0x0000000000000001
2026/10/04 21:52:01.769, P8, 210 MHz, 405 MHz, 53, 43.47 W, 27 %, 0x0000000000000001
2026/10/04 21:52:02.332, P8, 210 MHz, 405 MHz, 53, 43.49 W, 28 %, 0x0000000000000001
2026/10/04 21:52:02.894, P8, 210 MHz, 405 MHz, 53, 43.40 W, 27 %, 0x0000000000000001
2026/10/04 21:52:03.457, P8, 210 MHz, 405 MHz, 53, 43.26 W, 29 %, 0x0000000000000001
2026/10/04 21:52:04.035, P8, 210 MHz, 405 MHz, 53, 43.29 W, 28 %, 0x0000000000000001
2026/10/04 21:52:04.582, P8, 210 MHz, 405 MHz, 53, 43.39 W, 20 %, 0x0000000000000001
2026/10/04 21:52:05.129, P8, 210 MHz, 405 MHz, 53, 43.26 W, 26 %, 0x0000000000000001
2026/10/04 21:52:05.722, P8, 210 MHz, 405 MHz, 53, 43.35 W, 30 %, 0x0000000000000001
2026/10/04 21:52:06.285, P8, 210 MHz, 405 MHz, 53, 43.36 W, 27 %, 0x0000000000000001
2026/10/04 21:52:06.847, P8, 210 MHz, 405 MHz, 53, 43.32 W, 34 %, 0x0000000000000001
2026/10/04 21:52:07.394, P8, 210 MHz, 405 MHz, 53, 43.76 W, 25 %, 0x0000000000000001
2026/10/04 21:52:07.933, P2, 1800 MHz, 9251 MHz, 54, 64.72 W, 25 %, 0x0000000000000001
2026/10/04 21:52:08.464, P2, 1800 MHz, 9251 MHz, 55, 100.55 W, 18 %, 0x0000000000000001
2026/10/04 21:52:08.996, P2, 1800 MHz, 9251 MHz, 55, 123.29 W, 17 %, 0x0000000000000001
2026/10/04 21:52:09.527, P3, 1020 MHz, 5001 MHz, 55, 123.15 W, 15 %, 0x0000000000000001
